ISO-10303-21;
HEADER;
FILE_DESCRIPTION(('ViewDefinition[DesignTransferView]'),'2;1');
FILE_NAME('s03-activity1.ifc','2026-10-01T21:52:37+08:00',(''),(''),'IfcOpenShell 0.8.5-post1','Bonsai 0.8.5-post1','Nobody');
FILE_SCHEMA(('IFC4'));
ENDSEC;
DATA;
#1=IFCPROJECT('2FsR8ciyP6pQUAYjxSIiS2',$,'My Project',$,$,$,$,(#10,#22),#5);
#2=IFCSIUNIT(*,.LENGTHUNIT.,$,.METRE.);
#3=IFCSIUNIT(*,.AREAUNIT.,$,.SQUARE_METRE.);
#4=IFCSIUNIT(*,.VOLUMEUNIT.,$,.CUBIC_METRE.);
#5=IFCUNITASSIGNMENT((#2,#3,#4));
#6=IFCCARTESIANPOINT((0.,0.,0.));
#7=IFCDIRECTION((0.,0.,1.));
#8=IFCDIRECTION((1.,0.,0.));
#9=IFCAXIS2PLACEMENT3D(#6,#7,#8);
#10=IFCGEOMETRICREPRESENTATIONCONTEXT($,'Model',3,1.0000000000000001E-05,#9,$);
#11=IFCGEOMETRICREPRESENTATIONSUBCONTEXT('Body','Model',*,*,*,*,#10,$,.MODEL_VIEW.,$);
#12=IFCGEOMETRICREPRESENTATIONSUBCONTEXT('Axis','Model',*,*,*,*,#10,$,.GRAPH_VIEW.,$);
#13=IFCGEOMETRICREPRESENTATIONSUBCONTEXT('Box','Model',*,*,*,*,#10,$,.MODEL_VIEW.,$);
#14=IFCGEOMETRICREPRESENTATIONSUBCONTEXT('Annotation','Model',*,*,*,*,#10,$,.SECTION_VIEW.,$);
#15=IFCGEOMETRICREPRESENTATIONSUBCONTEXT('Annotation','Model',*,*,*,*,#10,$,.ELEVATION_VIEW.,$);
#16=IFCGEOMETRICREPRESENTATIONSUBCONTEXT('Annotation','Model',*,*,*,*,#10,$,.MODEL_VIEW.,$);
#17=IFCGEOMETRICREPRESENTATIONSUBCONTEXT('Annotation','Model',*,*,*,*,#10,$,.PLAN_VIEW.,$);
#18=IFCGEOMETRICREPRESENTATIONSUBCONTEXT('Profile','Model',*,*,*,*,#10,$,.ELEVATION_VIEW.,$);
#19=IFCCARTESIANPOINT((0.,0.));
#20=IFCDIRECTION((1.,0.));
#21=IFCAXIS2PLACEMENT2D(#19,#20);
#22=IFCGEOMETRICREPRESENTATIONCONTEXT($,'Plan',2,1.0000000000000001E-05,#21,$);
#23=IFCGEOMETRICREPRESENTATIONSUBCONTEXT('Axis','Plan',*,*,*,*,#22,$,.GRAPH_VIEW.,$);
#24=IFCGEOMETRICREPRESENTATIONSUBCONTEXT('Body','Plan',*,*,*,*,#22,$,.PLAN_VIEW.,$);
#25=IFCGEOMETRICREPRESENTATIONSUBCONTEXT('Annotation','Plan',*,*,*,*,#22,$,.PLAN_VIEW.,$);
#26=IFCGEOMETRICREPRESENTATIONSUBCONTEXT('Annotation','Plan',*,*,*,*,#22,$,.REFLECTED_PLAN_VIEW.,$);
#27=IFCSITE('2C1BTEQRTA8weAiYP1MiRT',$,'My Site',$,$,#50,$,$,$,$,$,$,$,$);
#33=IFCBUILDING('1N2C0uFoz7YAQs_8VS3F2v',$,'My Building',$,$,#56,$,$,$,$,$,$);
#39=IFCBUILDINGSTOREY('0gFWUjrVL2Kf6LOutHogGJ',$,'2F',$,$,#12831,$,$,$,$);
#45=IFCRELAGGREGATES('1kpJ9Ov158rA2y4I5duswd',$,$,$,#1,(#27));
#46=IFCCARTESIANPOINT((0.,0.,0.));
#47=IFCDIRECTION((0.,0.,1.));
#48=IFCDIRECTION((1.,0.,0.));
#49=IFCAXIS2PLACEMENT3D(#46,#47,#48);
#50=IFCLOCALPLACEMENT($,#49);
#51=IFCRELAGGREGATES('2zX6ciuGT2l96_xePW_2Yy',$,$,$,#27,(#33));
#52=IFCCARTESIANPOINT((0.,0.,0.));
#53=IFCDIRECTION((0.,0.,1.));
#54=IFCDIRECTION((1.,0.,0.));
#55=IFCAXIS2PLACEMENT3D(#52,#53,#54);
#56=IFCLOCALPLACEMENT(#50,#55);
#57=IFCRELAGGREGATES('1HPazc9t18dPqjCNhWXZoJ',$,$,$,#33,(#39,#63));
#63=IFCBUILDINGSTOREY('0tchqY4LL8aOTXimtTm6Jp',$,'GF',$,$,#79,$,$,$,$);
#75=IFCCARTESIANPOINT((0.,0.,0.));
#76=IFCDIRECTION((0.,0.,1.));
#77=IFCDIRECTION((1.,0.,0.));
#78=IFCAXIS2PLACEMENT3D(#75,#76,#77);
#79=IFCLOCALPLACEMENT(#56,#78);
#80=IFCWALLTYPE('0$0OXRbrr1Wwf7xF6aRcAW',$,'Wall',$,$,(#85),$,$,$,.SOLIDWALL.);
#81=IFCMATERIAL('Unknown',$,$);
#82=IFCMATERIALLAYERSET((#84),$,$);
#83=IFCRELASSOCIATESMATERIAL('1g9T$23$j1oPbeXgMdxKRj',$,$,$,(#80),#82);
#84=IFCMATERIALLAYER(#81,0.10000000000000001,$,$,$,$,$);
#85=IFCPROPERTYSET('2_637asSPALvVZxC$yqXBx',$,'EPset_Parametric',$,(#86));
#86=IFCPROPERTYSINGLEVALUE('LayerSetDirection',$,IFCLABEL('AXIS2'),$);
#207=IFCWALL('04vI_Yj8r4wA3TB8adMXf6',$,'Wall',$,$,#1419,#215,$,$);
#208=IFCRELCONTAINEDINSPATIALSTRUCTURE('0LH8RymLH6euYBR4SCfz5w',$,$,$,(#840,#1040,#1481,#865,#537,#462,#5018,#387,#5870,#2238,#4762,#1110,#487,#3350,#1705,#1135,#412,#512,#5496,#437,#207,#4053),#63);
#209=IFCRELDEFINESBYTYPE('0JCLEVWIb5Qxz474OLT$aO',$,$,$,(#7567,#840,#7467,#7492,#7392,#1040,#7592,#865,#537,#8174,#7417,#462,#8250,#387,#7517,#7617,#1110,#7542,#7442,#487,#8136,#412,#1135,#8212,#512,#437,#207),#80);
#210=IFCMATERIALLAYERSETUSAGE(#82,.AXIS2.,.POSITIVE.,0.,$);
#211=IFCRELASSOCIATESMATERIAL('3dw90vXpr9vBgpQv4s1XYA',$,$,$,(#207),#210);
#215=IFCPRODUCTDEFINITIONSHAPE($,$,(#1433,#1430));
#231=IFCPROPERTYSET('2vtAnvCyD7ygMeo40yL3Cv',$,'EPset_Parametric',$,(#233));
#232=IFCRELDEFINESBYPROPERTIES('18_XUz6h59WhqL7PWVd4M3',$,$,$,(#207),#231);
#233=IFCPROPERTYSINGLEVALUE('Engine',$,IFCLABEL('Bonsai.DumbLayer2'),$);
#387=IFCWALL('12aHhZhJr8T8gsi0$6Uwop',$,'Wall',$,$,#1451,#393,$,$);
#388=IFCMATERIALLAYERSETUSAGE(#82,.AXIS2.,.POSITIVE.,0.,$);
#389=IFCRELASSOCIATESMATERIAL('2A7CpuRtbBhwnHH22XCijm',$,$,$,(#387),#388);
#393=IFCPRODUCTDEFINITIONSHAPE($,$,(#1446,#1443));
#409=IFCPROPERTYSET('0t4D9$rL17lheP24pDumdN',$,'EPset_Parametric',$,(#411));
#410=IFCRELDEFINESBYPROPERTIES('1PEFfoVPX0whWxu8XYQcOr',$,$,$,(#387),#409);
#411=IFCPROPERTYSINGLEVALUE('Engine',$,IFCLABEL('Bonsai.DumbLayer2'),$);
#412=IFCWALL('3ohaBHC5L9ugEwQPDGXwTa',$,'Wall',$,$,#671,#418,$,$);
#413=IFCMATERIALLAYERSETUSAGE(#82,.AXIS2.,.POSITIVE.,0.,$);
#414=IFCRELASSOCIATESMATERIAL('0iTzM6dq1FzhHqwo1RoFDC',$,$,$,(#412),#413);
#418=IFCPRODUCTDEFINITIONSHAPE($,$,(#716,#713));
#434=IFCPROPERTYSET('0obOVRWCn5fRU815xLZIaj',$,'EPset_Parametric',$,(#436));
#435=IFCRELDEFINESBYPROPERTIES('0Y_z9K5Wz36vmL3xmBo4FD',$,$,$,(#412),#434);
#436=IFCPROPERTYSINGLEVALUE('Engine',$,IFCLABEL('Bonsai.DumbLayer2'),$);
#437=IFCWALL('12v8PzFpDAIQuaMTZVZfmR',$,'Wall',$,$,#703,#443,$,$);
#438=IFCMATERIALLAYERSETUSAGE(#82,.AXIS2.,.POSITIVE.,0.,$);
#439=IFCRELASSOCIATESMATERIAL('0fkWpD0qPE99$w$9LckzGK',$,$,$,(#437),#438);
#443=IFCPRODUCTDEFINITIONSHAPE($,$,(#743,#740));
#459=IFCPROPERTYSET('2G3GV3N7jBFvNgnfyefrxa',$,'EPset_Parametric',$,(#461));
#460=IFCRELDEFINESBYPROPERTIES('0kHA_l9LDA2epcVbvj4vCj',$,$,$,(#437),#459);
#461=IFCPROPERTYSINGLEVALUE('Engine',$,IFCLABEL('Bonsai.DumbLayer2'),$);
#462=IFCWALL('3JjNe15Uv748IL4jHyJmvP',$,'Wall',$,$,#473,#468,$,$);
#463=IFCMATERIALLAYERSETUSAGE(#82,.AXIS2.,.POSITIVE.,0.,$);
#464=IFCRELASSOCIATESMATERIAL('1Vt5XGr0rBTvzPplzMDlLM',$,$,$,(#462),#463);
#468=IFCPRODUCTDEFINITIONSHAPE($,$,(#1355,#1352));
#469=IFCCARTESIANPOINT((0.76660549640655518,5.0398931503295898,0.));
#470=IFCDIRECTION((0.,0.,1.));
#471=IFCDIRECTION((-0.99999999999992428,3.8941436741876494E-07,0.));
#472=IFCAXIS2PLACEMENT3D(#469,#470,#471);
#473=IFCLOCALPLACEMENT(#79,#472);
#484=IFCPROPERTYSET('2urLNoEPPEYOmDcF3wnoT_',$,'EPset_Parametric',$,(#486));
#485=IFCRELDEFINESBYPROPERTIES('073vyb$6r1k9tkYvxhTjzq',$,$,$,(#462),#484);
#486=IFCPROPERTYSINGLEVALUE('Engine',$,IFCLABEL('Bonsai.DumbLayer2'),$);
#487=IFCWALL('1FGSSmP7vEvxTqUxexO1hv',$,'Wall',$,$,#762,#493,$,$);
#488=IFCMATERIALLAYERSETUSAGE(#82,.AXIS2.,.POSITIVE.,0.,$);
#489=IFCRELASSOCIATESMATERIAL('29VvUBHGj9nhNy8LVGhEa4',$,$,$,(#487),#488);
#493=IFCPRODUCTDEFINITIONSHAPE($,$,(#1001,#998));
#509=IFCPROPERTYSET('1f5NtOQGH36enZkFX3_Xcf',$,'EPset_Parametric',$,(#511));
#510=IFCRELDEFINESBYPROPERTIES('10Z2FO8n15CgmRHQvYEjbM',$,$,$,(#487),#509);
#511=IFCPROPERTYSINGLEVALUE('Engine',$,IFCLABEL('Bonsai.DumbLayer2'),$);
#512=IFCWALL('35Ur8QfML5dg$zz0$KqHgI',$,'Wall',$,$,#794,#518,$,$);
#513=IFCMATERIALLAYERSETUSAGE(#82,.AXIS2.,.POSITIVE.,0.,$);
#514=IFCRELASSOCIATESMATERIAL('3EXz73AALDnfT5SRarvx3d',$,$,$,(#512),#513);
#518=IFCPRODUCTDEFINITIONSHAPE($,$,(#839,#836));
#534=IFCPROPERTYSET('3ilskoRSTAKR4Yb7TU8vpn',$,'EPset_Parametric',$,(#536));
#535=IFCRELDEFINESBYPROPERTIES('0y1uulqdvE593Jh1F1DrT0',$,$,$,(#512),#534);
#536=IFCPROPERTYSINGLEVALUE('Engine',$,IFCLABEL('Bonsai.DumbLayer2'),$);
#537=IFCWALL('2$MWarPy5FFgUhpJRg_Exs',$,'Wall',$,$,#826,#543,$,$);
#538=IFCMATERIALLAYERSETUSAGE(#82,.AXIS2.,.POSITIVE.,0.,$);
#539=IFCRELASSOCIATESMATERIAL('1a9TDEdATDog2_vke0yU$k',$,$,$,(#537),#538);
#543=IFCPRODUCTDEFINITIONSHAPE($,$,(#1401,#1398));
#559=IFCPROPERTYSET('2_BqDk_zP9BQq7GdzfQsgy',$,'EPset_Parametric',$,(#561));
#560=IFCRELDEFINESBYPROPERTIES('3__oyB$J1E7Ooa3AG9NjxY',$,$,$,(#537),#559);
#561=IFCPROPERTYSINGLEVALUE('Engine',$,IFCLABEL('Bonsai.DumbLayer2'),$);
#653=IFCRELCONNECTSPATHELEMENTS('3EDlAfV7T3ggP5IMHT6uZy',$,$,$,$,#412,#387,(),(),.ATEND.,.ATSTART.);
#667=IFCCARTESIANPOINT((4.2266056217631025,6.5098938941955877,0.));
#668=IFCDIRECTION((0.,0.,1.));
#669=IFCDIRECTION((-0.99999999999998868,-1.5099580252808492E-07,0.));
#670=IFCAXIS2PLACEMENT3D(#667,#668,#669);
#671=IFCLOCALPLACEMENT(#79,#670);
#685=IFCRELCONNECTSPATHELEMENTS('2aNbt5CRz0U85969LmUTep',$,$,$,$,#437,#412,(),(),.ATEND.,.ATSTART.);
#699=IFCCARTESIANPOINT((0.76660537719726907,6.5098933717500742,0.));
#700=IFCDIRECTION((0.,0.,1.));
#701=IFCDIRECTION((7.5497901264043123E-08,-0.99999999999999722,0.));
#702=IFCAXIS2PLACEMENT3D(#699,#700,#701);
#703=IFCLOCALPLACEMENT(#79,#702);
#704=IFCCARTESIANPOINTLIST2D(((0.,0.),(0.10000002264937295,0.10000000000000001),(3.360000252115662,0.10000000000000001),(3.460000244565872,0.)));
#705=IFCINDEXEDPOLYCURVE(#704,(IFCLINEINDEX((1,2,3,4,1))),$);
#706=IFCARBITRARYCLOSEDPROFILEDEF(.AREA.,$,#705);
#707=IFCCARTESIANPOINT((0.,0.,0.));
#708=IFCDIRECTION((0.,0.,1.));
#709=IFCDIRECTION((1.,0.,0.));
#710=IFCAXIS2PLACEMENT3D(#707,#708,#709);
#711=IFCDIRECTION((0.,0.,1.));
#712=IFCEXTRUDEDAREASOLID(#706,#710,#711,3.);
#713=IFCSHAPEREPRESENTATION(#11,'Body','SweptSolid',(#712));
#714=IFCCARTESIANPOINTLIST2D(((0.,0.),(3.460000244565872,0.)));
#715=IFCINDEXEDPOLYCURVE(#714,$,$);
#716=IFCSHAPEREPRESENTATION(#23,'Axis','Curve2D',(#715));
#717=IFCRELCONNECTSPATHELEMENTS('2Y6Q_5rQv7EhogiN0QsMv5',$,$,$,$,#462,#437,(),(),.ATEND.,.ATSTART.);
#731=IFCCARTESIANPOINTLIST2D(((0.,0.),(0.099999992450210171,0.10000000000000001),(1.5700002679117222,0.10000000000000001),(1.4700002214204846,0.)));
#732=IFCINDEXEDPOLYCURVE(#731,(IFCLINEINDEX((1,2,3,4,1))),$);
#733=IFCARBITRARYCLOSEDPROFILEDEF(.AREA.,$,#732);
#734=IFCCARTESIANPOINT((0.,0.,0.));
#735=IFCDIRECTION((0.,0.,1.));
#736=IFCDIRECTION((1.,0.,0.));
#737=IFCAXIS2PLACEMENT3D(#734,#735,#736);
#738=IFCDIRECTION((0.,0.,1.));
#739=IFCEXTRUDEDAREASOLID(#733,#737,#738,3.);
#740=IFCSHAPEREPRESENTATION(#11,'Body','SweptSolid',(#739));
#741=IFCCARTESIANPOINTLIST2D(((0.,0.),(1.4700002214204846,0.)));
#742=IFCINDEXEDPOLYCURVE(#741,$,$);
#743=IFCSHAPEREPRESENTATION(#23,'Axis','Curve2D',(#742));
#744=IFCRELCONNECTSPATHELEMENTS('3JWQHnKXPDawdZJrXp8suz',$,$,$,$,#487,#462,(),(),.ATEND.,.ATSTART.);
#758=IFCCARTESIANPOINT((-2.7733945846558297,5.0398945288564834,0.));
#759=IFCDIRECTION((0.,0.,1.));
#760=IFCDIRECTION((7.5497901264043123E-08,-0.99999999999999722,0.));
#761=IFCAXIS2PLACEMENT3D(#758,#759,#760);
#762=IFCLOCALPLACEMENT(#79,#761);
#776=IFCRELCONNECTSPATHELEMENTS('2$5GoeIr57tvE3j_GPqnvA',$,$,$,$,#512,#487,(),(),.ATEND.,.ATSTART.);
#790=IFCCARTESIANPOINT((-2.7733941965965592,-0.10010623931884766,0.));
#791=IFCDIRECTION((0.,0.,1.));
#792=IFCDIRECTION((1.,0.,0.));
#793=IFCAXIS2PLACEMENT3D(#790,#791,#792);
#794=IFCLOCALPLACEMENT(#79,#793);
#808=IFCRELCONNECTSPATHELEMENTS('3DzLIRX7zDKfS64lgLRVtO',$,$,$,$,#537,#512,(),(),.ATEND.,.ATSTART.);
#822=IFCCARTESIANPOINT((0.21660590265328064,-0.10010623931884766,0.));
#823=IFCDIRECTION((0.,0.,1.));
#824=IFCDIRECTION((0.0041837133890409856,-0.99999124823284247,0.));
#825=IFCAXIS2PLACEMENT3D(#822,#823,#824);
#826=IFCLOCALPLACEMENT(#79,#825);
#827=IFCCARTESIANPOINTLIST2D(((0.,0.),(0.099999992450210171,0.10000000000000001),(3.0895825994337902,0.10000000000000001),(2.9900000992498397,0.)));
#828=IFCINDEXEDPOLYCURVE(#827,(IFCLINEINDEX((1,2,3,4,1))),$);
#829=IFCARBITRARYCLOSEDPROFILEDEF(.AREA.,$,#828);
#830=IFCCARTESIANPOINT((0.,0.,0.));
#831=IFCDIRECTION((0.,0.,1.));
#832=IFCDIRECTION((1.,0.,0.));
#833=IFCAXIS2PLACEMENT3D(#830,#831,#832);
#834=IFCDIRECTION((0.,0.,1.));
#835=IFCEXTRUDEDAREASOLID(#829,#833,#834,3.);
#836=IFCSHAPEREPRESENTATION(#11,'Body','SweptSolid',(#835));
#837=IFCCARTESIANPOINTLIST2D(((0.,0.),(2.9900000992498397,0.)));
#838=IFCINDEXEDPOLYCURVE(#837,$,$);
#839=IFCSHAPEREPRESENTATION(#23,'Axis','Curve2D',(#838));
#840=IFCWALL('05u__AvPr7l8D4juhj4RZ0',$,'Wall',$,$,#851,#846,$,$);
#841=IFCMATERIALLAYERSETUSAGE(#82,.AXIS2.,.POSITIVE.,0.,$);
#842=IFCRELASSOCIATESMATERIAL('1z4E243eH7qQeEMvLnMlHz',$,$,$,(#840),#841);
#846=IFCPRODUCTDEFINITIONSHAPE($,$,(#942,#939));
#847=IFCCARTESIANPOINT((0.31618839502334595,-0.00010622703121043742,0.));
#848=IFCDIRECTION((0.,0.,1.));
#849=IFCDIRECTION((7.5497901264043109E-08,0.99999999999999711,0.));
#850=IFCAXIS2PLACEMENT3D(#847,#848,#849);
#851=IFCLOCALPLACEMENT(#79,#850);
#862=IFCPROPERTYSET('3lgWxJ2bT6GwxnjVjGFNxo',$,'EPset_Parametric',$,(#864));
#863=IFCRELDEFINESBYPROPERTIES('2jZL4bmIT2MRax8cpaJdjM',$,$,$,(#840),#862);
#864=IFCPROPERTYSINGLEVALUE('Engine',$,IFCLABEL('Bonsai.DumbLayer2'),$);
#865=IFCWALL('2lurnePJb86vUHJCn76vdF',$,'Wall',$,$,#876,#871,$,$);
#866=IFCMATERIALLAYERSETUSAGE(#82,.AXIS2.,.POSITIVE.,0.,$);
#867=IFCRELASSOCIATESMATERIAL('1_bgVEVJr5VBWwDS_Ssnrl',$,$,$,(#865),#866);
#871=IFCPRODUCTDEFINITIONSHAPE($,$,(#988,#985));
#872=IFCCARTESIANPOINT((0.31618860363960266,2.6498937606811523,0.));
#873=IFCDIRECTION((0.,0.,1.));
#874=IFCDIRECTION((-0.99999999999998868,-1.5099580252808492E-07,0.));
#875=IFCAXIS2PLACEMENT3D(#872,#873,#874);
#876=IFCLOCALPLACEMENT(#79,#875);
#887=IFCPROPERTYSET('07unvfr7v4$POuWz36Ohad',$,'EPset_Parametric',$,(#889));
#888=IFCRELDEFINESBYPROPERTIES('0qO0wXTnzFI95FSESDsBTE',$,$,$,(#865),#887);
#889=IFCPROPERTYSINGLEVALUE('Engine',$,IFCLABEL('Bonsai.DumbLayer2'),$);
#916=IFCRELCONNECTSPATHELEMENTS('3UpN6Am$L1D9Bx9cMJCPfp',$,$,$,$,#865,#840,(),(),.ATEND.,.ATSTART.);
#930=IFCCARTESIANPOINTLIST2D(((0.,0.),(0.,0.10000000000000001),(2.5499999650629959,0.10000000000000001),(2.649999987712369,0.)));
#931=IFCINDEXEDPOLYCURVE(#930,(IFCLINEINDEX((1,2,3,4,1))),$);
#932=IFCARBITRARYCLOSEDPROFILEDEF(.AREA.,$,#931);
#933=IFCCARTESIANPOINT((0.,0.,0.));
#934=IFCDIRECTION((0.,0.,1.));
#935=IFCDIRECTION((1.,0.,0.));
#936=IFCAXIS2PLACEMENT3D(#933,#934,#935);
#937=IFCDIRECTION((0.,0.,1.));
#938=IFCEXTRUDEDAREASOLID(#932,#936,#937,3.);
#939=IFCSHAPEREPRESENTATION(#11,'Body','SweptSolid',(#938));
#940=IFCCARTESIANPOINTLIST2D(((0.,0.),(2.649999987712369,0.)));
#941=IFCINDEXEDPOLYCURVE(#940,$,$);
#942=IFCSHAPEREPRESENTATION(#23,'Axis','Curve2D',(#941));
#975=IFCRELCONNECTSPATHELEMENTS('04O4YhN993_O13ow8eHZgl',$,$,$,$,#865,#487,(),(),.ATPATH.,.ATEND.);
#976=IFCCARTESIANPOINTLIST2D(((0.,0.),(0.10000002264937295,0.10000000000000001),(2.9895830068583611,0.10000000000000001),(2.989582999308571,0.)));
#977=IFCINDEXEDPOLYCURVE(#976,(IFCLINEINDEX((1,2,3,4,1))),$);
#978=IFCARBITRARYCLOSEDPROFILEDEF(.AREA.,$,#977);
#979=IFCCARTESIANPOINT((0.,0.,0.));
#980=IFCDIRECTION((0.,0.,1.));
#981=IFCDIRECTION((1.,0.,0.));
#982=IFCAXIS2PLACEMENT3D(#979,#980,#981);
#983=IFCDIRECTION((0.,0.,1.));
#984=IFCEXTRUDEDAREASOLID(#978,#982,#983,3.);
#985=IFCSHAPEREPRESENTATION(#11,'Body','SweptSolid',(#984));
#986=IFCCARTESIANPOINTLIST2D(((0.,0.),(3.0895829993085711,0.)));
#987=IFCINDEXEDPOLYCURVE(#986,$,$);
#988=IFCSHAPEREPRESENTATION(#23,'Axis','Curve2D',(#987));
#989=IFCCARTESIANPOINTLIST2D(((0.,0.),(0.10000004649123768,0.10000000000000001),(5.0400007757251348,0.10000000000000001),(5.1400007681753452,0.)));
#990=IFCINDEXEDPOLYCURVE(#989,(IFCLINEINDEX((1,2,3,4,1))),$);
#991=IFCARBITRARYCLOSEDPROFILEDEF(.AREA.,$,#990);
#992=IFCCARTESIANPOINT((0.,0.,0.));
#993=IFCDIRECTION((0.,0.,1.));
#994=IFCDIRECTION((1.,0.,0.));
#995=IFCAXIS2PLACEMENT3D(#992,#993,#994);
#996=IFCDIRECTION((0.,0.,1.));
#997=IFCEXTRUDEDAREASOLID(#991,#995,#996,3.);
#998=IFCSHAPEREPRESENTATION(#11,'Body','SweptSolid',(#997));
#999=IFCCARTESIANPOINTLIST2D(((0.,0.),(5.1400007681753452,0.)));
#1000=IFCINDEXEDPOLYCURVE(#999,$,$);
#1001=IFCSHAPEREPRESENTATION(#23,'Axis','Curve2D',(#1000));
#1040=IFCWALL('22BaG1Gg99Yu$alF0nWU_o',$,'Wall',$,$,#1082,#1046,$,$);
#1041=IFCMATERIALLAYERSETUSAGE(#82,.AXIS2.,.POSITIVE.,0.,$);
#1042=IFCRELASSOCIATESMATERIAL('2cROvFhvDB2egrkRarZrp7',$,$,$,(#1040),#1041);
#1046=IFCPRODUCTDEFINITIONSHAPE($,$,(#1318,#1315));
#1062=IFCPROPERTYSET('3YSdoGx4P8ze3sYAUdyrkc',$,'EPset_Parametric',$,(#1064));
#1063=IFCRELDEFINESBYPROPERTIES('0HX3R7RiX2muUpX1057aC7',$,$,$,(#1040),#1062);
#1064=IFCPROPERTYSINGLEVALUE('Engine',$,IFCLABEL('Bonsai.DumbLayer2'),$);
#1078=IFCCARTESIANPOINT((-1.1850103139877319,2.6498937606811523,0.));
#1079=IFCDIRECTION((0.,0.,1.));
#1080=IFCDIRECTION((1.9470718370939353E-07,0.99999999999998113,0.));
#1081=IFCAXIS2PLACEMENT3D(#1078,#1079,#1080);
#1082=IFCLOCALPLACEMENT(#79,#1081);
#1083=IFCRELCONNECTSPATHELEMENTS('04aYG_3qD6_QqXc6cw0hvm',$,$,$,$,#1040,#462,(),(),.ATPATH.,.ATEND.);
#1110=IFCWALL('0nWzfn6LzDYvWF35JutkyO',$,'Wall',$,$,#1342,#1116,$,$);
#1111=IFCMATERIALLAYERSETUSAGE(#82,.AXIS2.,.POSITIVE.,0.,$);
#1112=IFCRELASSOCIATESMATERIAL('1OsCjWcHb4vAPVE1bCTJfC',$,$,$,(#1110),#1111);
#1116=IFCPRODUCTDEFINITIONSHAPE($,$,(#1387,#1384));
#1132=IFCPROPERTYSET('1QX1xfti9C1wY$eerqiIX_',$,'EPset_Parametric',$,(#1134));
#1133=IFCRELDEFINESBYPROPERTIES('3cAltocwP1ZPVfmvimCaHu',$,$,$,(#1110),#1132);
#1134=IFCPROPERTYSINGLEVALUE('Engine',$,IFCLABEL('Bonsai.DumbLayer2'),$);
#1135=IFCWALL('0usTmF$tX5HPAR7sQfiEf$',$,'Wall',$,$,#1374,#1141,$,$);
#1136=IFCMATERIALLAYERSETUSAGE(#82,.AXIS2.,.POSITIVE.,0.,$);
#1137=IFCRELASSOCIATESMATERIAL('0DBOBPA3zAzOQ8RwCtINkl',$,$,$,(#1135),#1136);
#1141=IFCPRODUCTDEFINITIONSHAPE($,$,(#1369,#1366));
#1157=IFCPROPERTYSET('33lfbFGqjBKAEzoiNXPb2g',$,'EPset_Parametric',$,(#1159));
#1158=IFCRELDEFINESBYPROPERTIES('1Elql3wg93YRoZf9qQeX7S',$,$,$,(#1135),#1157);
#1159=IFCPROPERTYSINGLEVALUE('Engine',$,IFCLABEL('Bonsai.DumbLayer2'),$);
#1292=IFCRELCONNECTSPATHELEMENTS('2kMEoRhm909OVkY3bQbW45',$,$,$,$,#1135,#1040,(),(),.ATPATH.,.ATEND.);
#1306=IFCCARTESIANPOINTLIST2D(((0.,0.),(0.,0.10000000000000001),(2.2900001691062535,0.10000000000000001),(2.2900001496355351,0.)));
#1307=IFCINDEXEDPOLYCURVE(#1306,(IFCLINEINDEX((1,2,3,4,1))),$);
#1308=IFCARBITRARYCLOSEDPROFILEDEF(.AREA.,$,#1307);
#1309=IFCCARTESIANPOINT((0.,0.,0.));
#1310=IFCDIRECTION((0.,0.,1.));
#1311=IFCDIRECTION((1.,0.,0.));
#1312=IFCAXIS2PLACEMENT3D(#1309,#1310,#1311);
#1313=IFCDIRECTION((0.,0.,1.));
#1314=IFCEXTRUDEDAREASOLID(#1308,#1312,#1313,3.);
#1315=IFCSHAPEREPRESENTATION(#11,'Body','SweptSolid',(#1314));
#1316=IFCCARTESIANPOINTLIST2D(((0.,0.),(2.3900001496355374,0.)));
#1317=IFCINDEXEDPOLYCURVE(#1316,$,$);
#1318=IFCSHAPEREPRESENTATION(#23,'Axis','Curve2D',(#1317));
#1324=IFCRELCONNECTSPATHELEMENTS('2eHpcJRsH9YPlEcVnJmoy7',$,$,$,$,#1110,#462,(),(),.ATPATH.,.ATSTART.);
#1338=IFCCARTESIANPOINT((0.76660567915445943,5.0398931503295179,0.));
#1339=IFCDIRECTION((0.,0.,1.));
#1340=IFCDIRECTION((1.9470718370939353E-07,-0.99999999999998113,0.));
#1341=IFCAXIS2PLACEMENT3D(#1338,#1339,#1340);
#1342=IFCLOCALPLACEMENT(#79,#1341);
#1343=IFCCARTESIANPOINTLIST2D(((0.,0.),(-0.10000004649123767,0.10000000000000001),(3.4400000263440611,0.10000000000000001),(3.5400000728352987,0.)));
#1344=IFCINDEXEDPOLYCURVE(#1343,(IFCLINEINDEX((1,2,3,4,1))),$);
#1345=IFCARBITRARYCLOSEDPROFILEDEF(.AREA.,$,#1344);
#1346=IFCCARTESIANPOINT((0.,0.,0.));
#1347=IFCDIRECTION((0.,0.,1.));
#1348=IFCDIRECTION((1.,0.,0.));
#1349=IFCAXIS2PLACEMENT3D(#1346,#1347,#1348);
#1350=IFCDIRECTION((0.,0.,1.));
#1351=IFCEXTRUDEDAREASOLID(#1345,#1349,#1350,3.);
#1352=IFCSHAPEREPRESENTATION(#11,'Body','SweptSolid',(#1351));
#1353=IFCCARTESIANPOINTLIST2D(((0.,0.),(3.5400000728352987,0.)));
#1354=IFCINDEXEDPOLYCURVE(#1353,$,$);
#1355=IFCSHAPEREPRESENTATION(#23,'Axis','Curve2D',(#1354));
#1356=IFCRELCONNECTSPATHELEMENTS('2c65GGhCD21AOtkhtSkafD',$,$,$,$,#1135,#1110,(),(),.ATEND.,.ATSTART.);
#1357=IFCCARTESIANPOINTLIST2D(((0.,0.),(-0.10000005841217217,0.10000000000000001),(1.9516160845750339,0.10000000000000001),(1.9516161040457523,0.)));
#1358=IFCINDEXEDPOLYCURVE(#1357,(IFCLINEINDEX((1,2,3,4,1))),$);
#1359=IFCARBITRARYCLOSEDPROFILEDEF(.AREA.,$,#1358);
#1360=IFCCARTESIANPOINT((0.,0.,0.));
#1361=IFCDIRECTION((0.,0.,1.));
#1362=IFCDIRECTION((1.,0.,0.));
#1363=IFCAXIS2PLACEMENT3D(#1360,#1361,#1362);
#1364=IFCDIRECTION((0.,0.,1.));
#1365=IFCEXTRUDEDAREASOLID(#1359,#1363,#1364,3.);
#1366=IFCSHAPEREPRESENTATION(#11,'Body','SweptSolid',(#1365));
#1367=IFCCARTESIANPOINTLIST2D(((0.,0.),(1.9516161040457523,0.)));
#1368=IFCINDEXEDPOLYCURVE(#1367,$,$);
#1369=IFCSHAPEREPRESENTATION(#23,'Axis','Curve2D',(#1368));
#1370=IFCCARTESIANPOINT((0.76660596728126518,3.5600976943969052,0.));
#1371=IFCDIRECTION((0.,0.,1.));
#1372=IFCDIRECTION((-0.99999999999992428,3.8941436741876494E-07,0.));
#1373=IFCAXIS2PLACEMENT3D(#1370,#1371,#1372);
#1374=IFCLOCALPLACEMENT(#79,#1373);
#1375=IFCCARTESIANPOINTLIST2D(((0.10000000000001708,0.),(0.10000005841217219,0.10000000000000001),(1.5797955143448137,0.10000000000000001),(1.4797954559326414,0.)));
#1376=IFCINDEXEDPOLYCURVE(#1375,(IFCLINEINDEX((1,2,3,4,1))),$);
#1377=IFCARBITRARYCLOSEDPROFILEDEF(.AREA.,$,#1376);
#1378=IFCCARTESIANPOINT((0.,0.,0.));
#1379=IFCDIRECTION((0.,0.,1.));
#1380=IFCDIRECTION((1.,0.,0.));
#1381=IFCAXIS2PLACEMENT3D(#1378,#1379,#1380);
#1382=IFCDIRECTION((0.,0.,1.));
#1383=IFCEXTRUDEDAREASOLID(#1377,#1381,#1382,3.);
#1384=IFCSHAPEREPRESENTATION(#11,'Body','SweptSolid',(#1383));
#1385=IFCCARTESIANPOINTLIST2D(((0.,0.),(1.4797954559326414,0.)));
#1386=IFCINDEXEDPOLYCURVE(#1385,$,$);
#1387=IFCSHAPEREPRESENTATION(#23,'Axis','Curve2D',(#1386));
#1388=IFCRELCONNECTSPATHELEMENTS('1jkqdN6VHCQBZ$9$HQBGGB',$,$,$,$,#537,#207,(),(),.ATSTART.,.ATEND.);
#1389=IFCCARTESIANPOINTLIST2D(((0.,0.),(-0.099582500183950484,0.10000000000000001),(2.3904393014438177,0.10000000000000001),(2.4900218016277682,0.)));
#1390=IFCINDEXEDPOLYCURVE(#1389,(IFCLINEINDEX((1,2,3,4,1))),$);
#1391=IFCARBITRARYCLOSEDPROFILEDEF(.AREA.,$,#1390);
#1392=IFCCARTESIANPOINT((0.,0.,0.));
#1393=IFCDIRECTION((0.,0.,1.));
#1394=IFCDIRECTION((1.,0.,0.));
#1395=IFCAXIS2PLACEMENT3D(#1392,#1393,#1394);
#1396=IFCDIRECTION((0.,0.,1.));
#1397=IFCEXTRUDEDAREASOLID(#1391,#1395,#1396,3.);
#1398=IFCSHAPEREPRESENTATION(#11,'Body','SweptSolid',(#1397));
#1399=IFCCARTESIANPOINTLIST2D(((0.,0.),(2.4900218016277682,0.)));
#1400=IFCINDEXEDPOLYCURVE(#1399,$,$);
#1401=IFCSHAPEREPRESENTATION(#23,'Axis','Curve2D',(#1400));
#1415=IFCCARTESIANPOINT((0.2270234402037547,-2.5901062488555908,0.));
#1416=IFCDIRECTION((0.,0.,1.));
#1417=IFCDIRECTION((1.,0.,0.));
#1418=IFCAXIS2PLACEMENT3D(#1415,#1416,#1417);
#1419=IFCLOCALPLACEMENT(#79,#1418);
#1420=IFCRELCONNECTSPATHELEMENTS('1djNQRYfb1RA54R6QqYBMC',$,$,$,$,#207,#387,(),(),.ATSTART.,.ATEND.);
#1421=IFCCARTESIANPOINTLIST2D(((0.,0.),(0.099582500183950484,0.10000000000000001),(3.8995815020782238,0.10000000000000001),(3.9995814945284338,0.)));
#1422=IFCINDEXEDPOLYCURVE(#1421,(IFCLINEINDEX((1,2,3,4,1))),$);
#1423=IFCARBITRARYCLOSEDPROFILEDEF(.AREA.,$,#1422);
#1424=IFCCARTESIANPOINT((0.,0.,0.));
#1425=IFCDIRECTION((0.,0.,1.));
#1426=IFCDIRECTION((1.,0.,0.));
#1427=IFCAXIS2PLACEMENT3D(#1424,#1425,#1426);
#1428=IFCDIRECTION((0.,0.,1.));
#1429=IFCEXTRUDEDAREASOLID(#1423,#1427,#1428,3.);
#1430=IFCSHAPEREPRESENTATION(#11,'Body','SweptSolid',(#1429));
#1431=IFCCARTESIANPOINTLIST2D(((0.,0.),(3.9995814945284338,0.)));
#1432=IFCINDEXEDPOLYCURVE(#1431,$,$);
#1433=IFCSHAPEREPRESENTATION(#23,'Axis','Curve2D',(#1432));
#1434=IFCCARTESIANPOINTLIST2D(((0.,0.),(0.099999992450210157,0.10000000000000001),(9.0000001204018307,0.10000000000000001),(9.1000001430512043,0.)));
#1435=IFCINDEXEDPOLYCURVE(#1434,(IFCLINEINDEX((1,2,3,4,1))),$);
#1436=IFCARBITRARYCLOSEDPROFILEDEF(.AREA.,$,#1435);
#1437=IFCCARTESIANPOINT((0.,0.,0.));
#1438=IFCDIRECTION((0.,0.,1.));
#1439=IFCDIRECTION((1.,0.,0.));
#1440=IFCAXIS2PLACEMENT3D(#1437,#1438,#1439);
#1441=IFCDIRECTION((0.,0.,1.));
#1442=IFCEXTRUDEDAREASOLID(#1436,#1440,#1441,3.);
#1443=IFCSHAPEREPRESENTATION(#11,'Body','SweptSolid',(#1442));
#1444=IFCCARTESIANPOINTLIST2D(((0.,0.),(9.1000001430512043,0.)));
#1445=IFCINDEXEDPOLYCURVE(#1444,$,$);
#1446=IFCSHAPEREPRESENTATION(#23,'Axis','Curve2D',(#1445));
#1447=IFCCARTESIANPOINT((4.2266049347321886,-2.5901062488555908,0.));
#1448=IFCDIRECTION((0.,0.,1.));
#1449=IFCDIRECTION((7.5497901264043123E-08,0.99999999999999722,0.));
#1450=IFCAXIS2PLACEMENT3D(#1447,#1448,#1449);
#1451=IFCLOCALPLACEMENT(#79,#1450);
#1452=IFCSLABTYPE('3BqONtnhbAp81wNQYyyr1o',$,'Slab',$,$,(#1456),$,$,$,.FLOOR.);
#1453=IFCMATERIALLAYERSET((#1455),$,$);
#1454=IFCRELASSOCIATESMATERIAL('1hwnETDm92eh7dwXxgMKp0',$,$,$,(#1452),#1453);
#1455=IFCMATERIALLAYER(#81,0.10000000000000001,$,$,$,$,$);
#1456=IFCPROPERTYSET('3Yc22etoHFV8pofA9j0$yt',$,'EPset_Parametric',$,(#1457));
#1457=IFCPROPERTYSINGLEVALUE('LayerSetDirection',$,IFCLABEL('AXIS3'),$);
#1481=IFCSLAB('0R3eC1Xa5CDAR8TunlkNSl',$,'Slab',$,$,#1489,#1496,$,$);
#1482=IFCRELDEFINESBYTYPE('2U_olrG0TDH90oyQBglZZW',$,$,$,(#12484,#12601,#6884,#6138,#1481,#8114),#1452);
#1483=IFCMATERIALLAYERSETUSAGE(#1453,.AXIS3.,.POSITIVE.,-0.10000000149011612,$);
#1484=IFCRELASSOCIATESMATERIAL('2SUCBJdLPEX86bSmiHEYpK',$,$,$,(#1481),#1483);
#1485=IFCCARTESIANPOINT((0.22702373564243317,-2.5901060104370117,0.));
#1486=IFCDIRECTION((0.,0.,1.));
#1487=IFCDIRECTION((1.,0.,0.));
#1488=IFCAXIS2PLACEMENT3D(#1485,#1486,#1487);
#1489=IFCLOCALPLACEMENT(#79,#1488);
#1490=IFCCARTESIANPOINTLIST2D(((0.,0.),(3.9995810985565186,-2.384185791015625E-07),(3.9995830059051514,9.1000003814697266),(0.53958165645599365,9.0999994277954102),(0.5395817756652832,7.6299991607666016),(-3.0004184246063232,7.6300005912780762),(-3.0004174709320068,2.4899997711181641),(-0.010417833924293518,2.4899997711181641),(0.,0.)));
#1491=IFCINDEXEDPOLYCURVE(#1490,$,$);
#1492=IFCDIRECTION((0.,0.,1.));
#1493=IFCARBITRARYCLOSEDPROFILEDEF(.AREA.,$,#1491);
#1494=IFCEXTRUDEDAREASOLID(#1493,#1503,#1492,0.10000000000000001);
#1495=IFCSHAPEREPRESENTATION(#11,'Body','SweptSolid',(#1494));
#1496=IFCPRODUCTDEFINITIONSHAPE($,$,(#1495));
#1497=IFCPROPERTYSET('3CwUNo4pD5bhmfO8ylCKPA',$,'EPset_Parametric',$,(#1499));
#1498=IFCRELDEFINESBYPROPERTIES('0E05nE8kb9IOYw7VQbcVbT',$,$,$,(#1481),#1497);
#1499=IFCPROPERTYSINGLEVALUE('Engine',$,IFCLABEL('Bonsai.DumbLayer3'),$);
#1500=IFCCARTESIANPOINT((-0.,-0.,-0.10000000149011612));
#1501=IFCDIRECTION((0.,0.,1.));
#1502=IFCDIRECTION((1.,0.,0.));
#1503=IFCAXIS2PLACEMENT3D(#1500,#1501,#1502);
#1504=IFCDOORTYPE('1lblARlkr81886Xr9uC8ym',$,'Main-GF',$,$,(#1505),(#1514,#1592,#1611),$,$,.DOOR.,.SINGLE_SWING_LEFT.,$,$);
#1505=IFCPROPERTYSET('2OJXGVitP4RQcsRsJfBwJy',$,'BBIM_Door',$,(#1506));
#1506=IFCPROPERTYSINGLEVALUE('Data',$,IFCTEXT('{"door_type": "SINGLE_SWING_LEFT", "overall_height": 2.0, "overall_width": 0.8999999761581421, "lining_properties": {"lining_depth": 0.05000000074505806, "lining_thickness": 0.05580800026655197, "lining_offset": 0.0, "lining_to_panel_offset_x": 0.02500000037252903, "lining_to_panel_offset_y": 0.02500000037252903, "transom_thickness": 0.0, "casing_thickness": 0.0949999988079071, "casing_depth": 0.014999999664723873, "threshold_thickness": 0.02500000037252903, "threshold_depth": 0.10000000149011612, "threshold_offset": 0.0}, "panel_properties": {"panel_depth": 0.03500000014901161, "panel_width_ratio": 1.0}}'),$);
#1510=IFCCARTESIANPOINT((0.,0.,0.));
#1511=IFCDIRECTION((1.,0.,0.));
#1512=IFCDIRECTION((0.,0.,1.));
#1513=IFCAXIS2PLACEMENT3D(#1510,#1512,#1511);
#1514=IFCREPRESENTATIONMAP(#1513,#3874);
#1588=IFCCARTESIANPOINT((0.,0.,0.));
#1589=IFCDIRECTION((1.,0.,0.));
#1590=IFCDIRECTION((0.,0.,1.));
#1591=IFCAXIS2PLACEMENT3D(#1588,#1590,#1589);
#1592=IFCREPRESENTATIONMAP(#1591,#3947);
#1607=IFCCARTESIANPOINT((0.,0.,0.));
#1608=IFCDIRECTION((1.,0.,0.));
#1609=IFCDIRECTION((0.,0.,1.));
#1610=IFCAXIS2PLACEMENT3D(#1607,#1609,#1608);
#1611=IFCREPRESENTATIONMAP(#1610,#3961);
#1705=IFCDOOR('1YF5$EJN18HekzMV6a8ju2',$,'Door',$,$,#3986,#1714,$,2.,0.89999997615814209,$,.SINGLE_SWING_LEFT.,$);
#1706=IFCRELDEFINESBYTYPE('2PNCnTLu96vxh2QXGKDSpD',$,$,$,(#1705),#1504);
#1707=IFCCARTESIANPOINT((0.,0.,0.));
#1708=IFCDIRECTION((1.,0.,0.));
#1709=IFCDIRECTION((0.,1.,0.));
#1710=IFCDIRECTION((0.,0.,1.));
#1711=IFCCARTESIANTRANSFORMATIONOPERATOR3D(#1708,#1709,#1707,1.,#1710);
#1712=IFCMAPPEDITEM(#1514,#1711);
#1713=IFCSHAPEREPRESENTATION(#18,'Profile','MappedRepresentation',(#1712));
#1714=IFCPRODUCTDEFINITIONSHAPE($,$,(#1713,#1721,#1728));
#1715=IFCCARTESIANPOINT((0.,0.,0.));
#1716=IFCDIRECTION((1.,0.,0.));
#1717=IFCDIRECTION((0.,1.,0.));
#1718=IFCDIRECTION((0.,0.,1.));
#1719=IFCCARTESIANTRANSFORMATIONOPERATOR3D(#1716,#1717,#1715,1.,#1718);
#1720=IFCMAPPEDITEM(#1592,#1719);
#1721=IFCSHAPEREPRESENTATION(#11,'Body','MappedRepresentation',(#1720));
#1722=IFCCARTESIANPOINT((0.,0.,0.));
#1723=IFCDIRECTION((1.,0.,0.));
#1724=IFCDIRECTION((0.,1.,0.));
#1725=IFCDIRECTION((0.,0.,1.));
#1726=IFCCARTESIANTRANSFORMATIONOPERATOR3D(#1723,#1724,#1722,1.,#1725);
#1727=IFCMAPPEDITEM(#1611,#1726);
#1728=IFCSHAPEREPRESENTATION(#24,'Body','MappedRepresentation',(#1727));
#1729=IFCOPENINGELEMENT('3$n_Ukv6DCt8emFtpIU3bT',$,'Opening',$,$,#3981,#1757,$,.OPENING.);
#1745=IFCCARTESIANPOINT((0.,0.,0.));
#1746=IFCDIRECTION((1.,0.,0.));
#1747=IFCDIRECTION((0.,0.,1.));
#1748=IFCAXIS2PLACEMENT3D(#1745,#1747,#1746);
#1749=IFCREPRESENTATIONMAP(#1748,#3971);
#1750=IFCCARTESIANPOINT((0.,0.,0.));
#1751=IFCDIRECTION((1.,0.,0.));
#1752=IFCDIRECTION((0.,1.,0.));
#1753=IFCDIRECTION((0.,0.,1.));
#1754=IFCCARTESIANTRANSFORMATIONOPERATOR3D(#1751,#1752,#1750,1.,#1753);
#1755=IFCMAPPEDITEM(#1749,#1754);
#1756=IFCSHAPEREPRESENTATION(#11,'Body','MappedRepresentation',(#1755));
#1757=IFCPRODUCTDEFINITIONSHAPE($,$,(#1756));
#1758=IFCRELVOIDSELEMENT('2vwCzQZV9EwP1ky9aLsNui',$,$,$,#207,#1729);
#1764=IFCRELFILLSELEMENT('0oPvWFvan1rwX67JtUI5nD',$,$,$,#1729,#1705);
#1788=IFCCARTESIANPOINTLIST2D(((0.,0.),(0.,2.),(0.89999997615814209,2.),(0.89999997615814209,0.),(0.87499997578561306,0.),(0.87499997578561306,1.974999999627471),(0.02500000037252903,1.974999999627471),(0.02500000037252903,0.)));
#1789=IFCINDEXEDPOLYCURVE(#1788,(IFCLINEINDEX((1,2,3,4,5,6,7,8,1))),$);
#1790=IFCARBITRARYCLOSEDPROFILEDEF(.AREA.,$,#1789);
#1791=IFCCARTESIANPOINT((0.,0.02500000037252903,0.));
#1792=IFCDIRECTION((0.,-1.,0.));
#1793=IFCDIRECTION((1.,0.,0.));
#1794=IFCAXIS2PLACEMENT3D(#1791,#1792,#1793);
#1795=IFCDIRECTION((0.,0.,-1.));
#1796=IFCEXTRUDEDAREASOLID(#1790,#1794,#1795,0.02500000037252903);
#1797=IFCCARTESIANPOINTLIST2D(((0.,0.),(0.,2.),(0.89999997615814209,2.),(0.89999997615814209,0.),(0.86419207975268364,0.),(0.86419207975268364,1.9641921035945415),(0.03580789640545845,1.9641921035945415),(0.03580789640545845,0.)));
#1798=IFCINDEXEDPOLYCURVE(#1797,(IFCLINEINDEX((1,2,3,4,5,6,7,8,1))),$);
#1799=IFCARBITRARYCLOSEDPROFILEDEF(.AREA.,$,#1798);
#1800=IFCCARTESIANPOINT((0.,0.,0.));
#1801=IFCDIRECTION((0.,-1.,0.));
#1802=IFCDIRECTION((1.,0.,0.));
#1803=IFCAXIS2PLACEMENT3D(#1800,#1801,#1802);
#1804=IFCDIRECTION((0.,0.,-1.));
#1805=IFCEXTRUDEDAREASOLID(#1799,#1803,#1804,0.02500000037252903);
#1806=IFCCARTESIANPOINTLIST2D(((0.,0.),(0.82838418334722519,0.),(0.82838418334722519,0.10000000149011612),(0.,0.10000000149011612)));
#1807=IFCINDEXEDPOLYCURVE(#1806,(IFCLINEINDEX((1,2,3,4,1))),$);
#1808=IFCARBITRARYCLOSEDPROFILEDEF(.AREA.,$,#1807);
#1809=IFCCARTESIANPOINT((0.03580789640545845,0.,0.));
#1810=IFCDIRECTION((0.,0.,1.));
#1811=IFCDIRECTION((1.,0.,0.));
#1812=IFCAXIS2PLACEMENT3D(#1809,#1810,#1811);
#1813=IFCDIRECTION((0.,0.,1.));
#1814=IFCEXTRUDEDAREASOLID(#1808,#1812,#1813,0.02500000037252903);
#1815=IFCCARTESIANPOINTLIST2D(((0.,0.),(0.,2.0391921065747738),(0.97838418930768967,2.0391921065747738),(0.97838418930768967,0.),(0.90338418632745743,0.),(0.90338418632745743,1.9641921035945415),(0.075000002980232239,1.9641921035945415),(0.075000002980232239,0.)));
#1816=IFCINDEXEDPOLYCURVE(#1815,(IFCLINEINDEX((1,2,3,4,5,6,7,8,1))),$);
#1817=IFCARBITRARYCLOSEDPROFILEDEF(.AREA.,$,#1816);
#1818=IFCCARTESIANPOINT((-0.039192106574773788,-0.014999999664723873,0.));
#1819=IFCDIRECTION((0.,-1.,0.));
#1820=IFCDIRECTION((1.,0.,0.));
#1821=IFCAXIS2PLACEMENT3D(#1818,#1819,#1820);
#1822=IFCDIRECTION((0.,0.,-1.));
#1823=IFCEXTRUDEDAREASOLID(#1817,#1821,#1822,0.014999999664723873);
#1824=IFCCARTESIANPOINTLIST2D(((0.,0.),(0.,2.0391921065747738),(0.97838418930768967,2.0391921065747738),(0.97838418930768967,0.),(0.91419208236038685,0.),(0.91419208236038685,1.974999999627471),(0.064192106947302818,1.974999999627471),(0.064192106947302818,0.)));
#1825=IFCINDEXEDPOLYCURVE(#1824,(IFCLINEINDEX((1,2,3,4,5,6,7,8,1))),$);
#1826=IFCARBITRARYCLOSEDPROFILEDEF(.AREA.,$,#1825);
#1827=IFCCARTESIANPOINT((-0.039192106574773788,0.05000000074505806,0.));
#1828=IFCDIRECTION((0.,-1.,0.));
#1829=IFCDIRECTION((1.,0.,0.));
#1830=IFCAXIS2PLACEMENT3D(#1827,#1828,#1829);
#1831=IFCDIRECTION((0.,0.,-1.));
#1832=IFCEXTRUDEDAREASOLID(#1826,#1830,#1831,0.014999999664723873);
#1833=IFCCARTESIANPOINTLIST2D(((0.,0.),(0.84999997541308403,0.),(0.84999997541308403,0.035000000149011612),(0.,0.035000000149011612)));
#1834=IFCINDEXEDPOLYCURVE(#1833,(IFCLINEINDEX((1,2,3,4,1))),$);
#1835=IFCARBITRARYCLOSEDPROFILEDEF(.AREA.,$,#1834);
#1836=IFCCARTESIANPOINT((0.02500000037252903,0.02500000037252903,0.02500000037252903));
#1837=IFCDIRECTION((0.,0.,1.));
#1838=IFCDIRECTION((1.,0.,0.));
#1839=IFCAXIS2PLACEMENT3D(#1836,#1837,#1838);
#1840=IFCDIRECTION((0.,0.,1.));
#1841=IFCEXTRUDEDAREASOLID(#1835,#1839,#1840,1.9499999992549419);
#1842=IFCCARTESIANPOINTLIST2D(((0.,0.),(0.,-0.040000000000000001),(-0.11999999999999988,-0.040000000000000001),(-0.11999999999999988,-0.02),(-0.020000000000000018,-0.02),(-0.020000000000000018,0.)));
#1843=IFCINDEXEDPOLYCURVE(#1842,(IFCLINEINDEX((1,2,3,4,5,6,1))),$);
#1844=IFCARBITRARYCLOSEDPROFILEDEF(.AREA.,$,#1843);
#1845=IFCCARTESIANPOINT((0.82499997578561302,0.02500000037252903,1.015000000372529));
#1846=IFCDIRECTION((0.,0.,1.));
#1847=IFCDIRECTION((1.,0.,0.));
#1848=IFCAXIS2PLACEMENT3D(#1845,#1846,#1847);
#1849=IFCDIRECTION((0.,0.,1.));
#1850=IFCEXTRUDEDAREASOLID(#1844,#1848,#1849,0.02);
#1851=IFCEXTRUDEDAREASOLID(#1852,#1855,#1859,0.02);
#1852=IFCARBITRARYCLOSEDPROFILEDEF(.AREA.,$,#1853);
#1853=IFCINDEXEDPOLYCURVE(#1854,(IFCLINEINDEX((1,2,3,4,5,6,1))),$);
#1854=IFCCARTESIANPOINTLIST2D(((0.,0.),(0.,0.040000000000000008),(-0.11999999999999988,0.040000000000000008),(-0.11999999999999988,0.020000000000000004),(-0.020000000000000018,0.020000000000000004),(-0.020000000000000018,0.)));
#1855=IFCAXIS2PLACEMENT3D(#1856,#1857,#1858);
#1856=IFCCARTESIANPOINT((0.82499997578561302,0.060000000521540642,1.015000000372529));
#1857=IFCDIRECTION((0.,0.,1.));
#1858=IFCDIRECTION((1.,0.,0.));
#1859=IFCDIRECTION((0.,0.,1.));
#1861=IFCSHAPEREPRESENTATION(#11,'Body','SweptSolid',(#3156,#1796,#2323,#1951,#1832,#3910,#3901,#3892,#3147,#3883,#2314,#1942,#2350,#3138,#1823,#1933,#1814,#2341,#1924,#1805,#1915,#3919,#3165,#2332,#3174));
#1862=IFCSHAPEASPECT((#1861),'Lining',$,.T.,#1714);
#1863=IFCSHAPEREPRESENTATION(#11,'Body','SweptSolid',(#3183,#1850,#1970,#3928,#1841,#2369,#1960,#1969,#1851,#3938,#3937,#2368,#3192,#2359,#3193));
#1864=IFCSHAPEASPECT((#1863),'Framing',$,.T.,#1714);
#1907=IFCCARTESIANPOINTLIST2D(((0.,0.),(0.,2.),(0.89999997615814209,2.),(0.89999997615814209,0.),(0.87499997578561306,0.),(0.87499997578561306,1.974999999627471),(0.02500000037252903,1.974999999627471),(0.02500000037252903,0.)));
#1908=IFCINDEXEDPOLYCURVE(#1907,(IFCLINEINDEX((1,2,3,4,5,6,7,8,1))),$);
#1909=IFCARBITRARYCLOSEDPROFILEDEF(.AREA.,$,#1908);
#1910=IFCCARTESIANPOINT((0.,0.02500000037252903,0.));
#1911=IFCDIRECTION((0.,-1.,0.));
#1912=IFCDIRECTION((1.,0.,0.));
#1913=IFCAXIS2PLACEMENT3D(#1910,#1911,#1912);
#1914=IFCDIRECTION((0.,0.,-1.));
#1915=IFCEXTRUDEDAREASOLID(#1909,#1913,#1914,0.02500000037252903);
#1916=IFCCARTESIANPOINTLIST2D(((0.,0.),(0.,2.),(0.89999997615814209,2.),(0.89999997615814209,0.),(0.84419197589159012,0.),(0.84419197589159012,1.944191999733448),(0.055808000266551971,1.944191999733448),(0.055808000266551971,0.)));
#1917=IFCINDEXEDPOLYCURVE(#1916,(IFCLINEINDEX((1,2,3,4,5,6,7,8,1))),$);
#1918=IFCARBITRARYCLOSEDPROFILEDEF(.AREA.,$,#1917);
#1919=IFCCARTESIANPOINT((0.,0.,0.));
#1920=IFCDIRECTION((0.,-1.,0.));
#1921=IFCDIRECTION((1.,0.,0.));
#1922=IFCAXIS2PLACEMENT3D(#1919,#1920,#1921);
#1923=IFCDIRECTION((0.,0.,-1.));
#1924=IFCEXTRUDEDAREASOLID(#1918,#1922,#1923,0.02500000037252903);
#1925=IFCCARTESIANPOINTLIST2D(((0.,0.),(0.78838397562503815,0.),(0.78838397562503815,0.10000000149011612),(0.,0.10000000149011612)));
#1926=IFCINDEXEDPOLYCURVE(#1925,(IFCLINEINDEX((1,2,3,4,1))),$);
#1927=IFCARBITRARYCLOSEDPROFILEDEF(.AREA.,$,#1926);
#1928=IFCCARTESIANPOINT((0.055808000266551971,0.,0.));
#1929=IFCDIRECTION((0.,0.,1.));
#1930=IFCDIRECTION((1.,0.,0.));
#1931=IFCAXIS2PLACEMENT3D(#1928,#1929,#1930);
#1932=IFCDIRECTION((0.,0.,1.));
#1933=IFCEXTRUDEDAREASOLID(#1927,#1931,#1932,0.02500000037252903);
#1934=IFCCARTESIANPOINTLIST2D(((0.,0.),(0.,2.0191920027136803),(0.93838398158550262,2.0191920027136803),(0.93838398158550262,0.),(0.86338397860527039,0.),(0.86338397860527039,1.944191999733448),(0.075000002980232239,1.944191999733448),(0.075000002980232239,0.)));
#1935=IFCINDEXEDPOLYCURVE(#1934,(IFCLINEINDEX((1,2,3,4,5,6,7,8,1))),$);
#1936=IFCARBITRARYCLOSEDPROFILEDEF(.AREA.,$,#1935);
#1937=IFCCARTESIANPOINT((-0.019192002713680267,-0.014999999664723873,0.));
#1938=IFCDIRECTION((0.,-1.,0.));
#1939=IFCDIRECTION((1.,0.,0.));
#1940=IFCAXIS2PLACEMENT3D(#1937,#1938,#1939);
#1941=IFCDIRECTION((0.,0.,-1.));
#1942=IFCEXTRUDEDAREASOLID(#1936,#1940,#1941,0.014999999664723873);
#1943=IFCCARTESIANPOINTLIST2D(((0.,0.),(0.,2.0191920027136803),(0.93838398158550262,2.0191920027136803),(0.93838398158550262,0.),(0.89419197849929333,0.),(0.89419197849929333,1.974999999627471),(0.044192003086209297,1.974999999627471),(0.044192003086209297,0.)));
#1944=IFCINDEXEDPOLYCURVE(#1943,(IFCLINEINDEX((1,2,3,4,5,6,7,8,1))),$);
#1945=IFCARBITRARYCLOSEDPROFILEDEF(.AREA.,$,#1944);
#1946=IFCCARTESIANPOINT((-0.019192002713680267,0.05000000074505806,0.));
#1947=IFCDIRECTION((0.,-1.,0.));
#1948=IFCDIRECTION((1.,0.,0.));
#1949=IFCAXIS2PLACEMENT3D(#1946,#1947,#1948);
#1950=IFCDIRECTION((0.,0.,-1.));
#1951=IFCEXTRUDEDAREASOLID(#1945,#1949,#1950,0.014999999664723873);
#1952=IFCCARTESIANPOINTLIST2D(((0.,0.),(0.84999997541308403,0.),(0.84999997541308403,0.035000000149011612),(0.,0.035000000149011612)));
#1953=IFCINDEXEDPOLYCURVE(#1952,(IFCLINEINDEX((1,2,3,4,1))),$);
#1954=IFCARBITRARYCLOSEDPROFILEDEF(.AREA.,$,#1953);
#1955=IFCCARTESIANPOINT((0.02500000037252903,0.02500000037252903,0.02500000037252903));
#1956=IFCDIRECTION((0.,0.,1.));
#1957=IFCDIRECTION((1.,0.,0.));
#1958=IFCAXIS2PLACEMENT3D(#1955,#1956,#1957);
#1959=IFCDIRECTION((0.,0.,1.));
#1960=IFCEXTRUDEDAREASOLID(#1954,#1958,#1959,1.9499999992549419);
#1961=IFCCARTESIANPOINTLIST2D(((0.,0.),(0.,-0.040000000000000001),(-0.11999999999999988,-0.040000000000000001),(-0.11999999999999988,-0.02),(-0.020000000000000018,-0.02),(-0.020000000000000018,0.)));
#1962=IFCINDEXEDPOLYCURVE(#1961,(IFCLINEINDEX((1,2,3,4,5,6,1))),$);
#1963=IFCARBITRARYCLOSEDPROFILEDEF(.AREA.,$,#1962);
#1964=IFCCARTESIANPOINT((0.82499997578561302,0.02500000037252903,1.015000000372529));
#1965=IFCDIRECTION((0.,0.,1.));
#1966=IFCDIRECTION((1.,0.,0.));
#1967=IFCAXIS2PLACEMENT3D(#1964,#1965,#1966);
#1968=IFCDIRECTION((0.,0.,1.));
#1969=IFCEXTRUDEDAREASOLID(#1963,#1967,#1968,0.02);
#1970=IFCEXTRUDEDAREASOLID(#1971,#1974,#1978,0.02);
#1971=IFCARBITRARYCLOSEDPROFILEDEF(.AREA.,$,#1972);
#1972=IFCINDEXEDPOLYCURVE(#1973,(IFCLINEINDEX((1,2,3,4,5,6,1))),$);
#1973=IFCCARTESIANPOINTLIST2D(((0.,0.),(0.,0.040000000000000008),(-0.11999999999999988,0.040000000000000008),(-0.11999999999999988,0.020000000000000004),(-0.020000000000000018,0.020000000000000004),(-0.020000000000000018,0.)));
#1974=IFCAXIS2PLACEMENT3D(#1975,#1976,#1977);
#1975=IFCCARTESIANPOINT((0.82499997578561302,0.060000000521540642,1.015000000372529));
#1976=IFCDIRECTION((0.,0.,1.));
#1977=IFCDIRECTION((1.,0.,0.));
#1978=IFCDIRECTION((0.,0.,1.));
#2130=IFCDOORTYPE('2FEaFj_YL9hPuLYxEgvVOo',$,'Guest-GF',$,$,(#2131),(#2133,#2141,#2219),$,$,.DOOR.,.SINGLE_SWING_LEFT.,$,$);
#2131=IFCPROPERTYSET('07dzB80if52w84ILDB3$$h',$,'BBIM_Door',$,(#2132));
#2132=IFCPROPERTYSINGLEVALUE('Data',$,IFCTEXT('{"door_type": "SINGLE_SWING_RIGHT", "overall_height": 2.0, "overall_width": 0.8999999761581421, "lining_properties": {"lining_depth": 0.040000006556510925, "lining_thickness": 0.07580799609422684, "lining_offset": 0.0, "lining_to_panel_offset_x": 0.02500000037252903, "lining_to_panel_offset_y": 0.02500000037252903, "transom_thickness": 0.0, "casing_thickness": 0.07500000298023224, "casing_depth": 0.0010000000474974513, "threshold_thickness": 0.02500000037252903, "threshold_depth": 0.10000000149011612, "threshold_offset": 0.0}, "panel_properties": {"panel_depth": 0.03500000014901161, "panel_width_ratio": 1.0}}'),$);
#2133=IFCREPRESENTATIONMAP(#2134,#3759);
#2134=IFCAXIS2PLACEMENT3D(#2135,#2136,#2137);
#2135=IFCCARTESIANPOINT((0.,0.,0.));
#2136=IFCDIRECTION((0.,0.,1.));
#2137=IFCDIRECTION((1.,0.,0.));
#2141=IFCREPRESENTATIONMAP(#2142,#3832);
#2142=IFCAXIS2PLACEMENT3D(#2143,#2144,#2145);
#2143=IFCCARTESIANPOINT((0.,0.,0.));
#2144=IFCDIRECTION((0.,0.,1.));
#2145=IFCDIRECTION((1.,0.,0.));
#2219=IFCREPRESENTATIONMAP(#2220,#3846);
#2220=IFCAXIS2PLACEMENT3D(#2221,#2222,#2223);
#2221=IFCCARTESIANPOINT((0.,0.,0.));
#2222=IFCDIRECTION((0.,0.,1.));
#2223=IFCDIRECTION((1.,0.,0.));
#2238=IFCDOOR('2dNuFtgVfBsvF26kO7gAFm',$,'Door',$,$,#3871,#2247,$,2.,0.89999997615814209,$,.SINGLE_SWING_RIGHT.,$);
#2239=IFCRELDEFINESBYTYPE('2A3jCOt39FSPtlp9grEUTD',$,$,$,(#2238),#2130);
#2240=IFCCARTESIANPOINT((0.,0.,0.));
#2241=IFCDIRECTION((1.,0.,0.));
#2242=IFCDIRECTION((0.,1.,0.));
#2243=IFCDIRECTION((0.,0.,1.));
#2244=IFCCARTESIANTRANSFORMATIONOPERATOR3D(#2241,#2242,#2240,1.,#2243);
#2245=IFCMAPPEDITEM(#2133,#2244);
#2246=IFCSHAPEREPRESENTATION(#18,'Profile','MappedRepresentation',(#2245));
#2247=IFCPRODUCTDEFINITIONSHAPE($,$,(#2246,#2254,#2261));
#2248=IFCCARTESIANPOINT((0.,0.,0.));
#2249=IFCDIRECTION((1.,0.,0.));
#2250=IFCDIRECTION((0.,1.,0.));
#2251=IFCDIRECTION((0.,0.,1.));
#2252=IFCCARTESIANTRANSFORMATIONOPERATOR3D(#2249,#2250,#2248,1.,#2251);
#2253=IFCMAPPEDITEM(#2141,#2252);
#2254=IFCSHAPEREPRESENTATION(#11,'Body','MappedRepresentation',(#2253));
#2255=IFCCARTESIANPOINT((0.,0.,0.));
#2256=IFCDIRECTION((1.,0.,0.));
#2257=IFCDIRECTION((0.,1.,0.));
#2258=IFCDIRECTION((0.,0.,1.));
#2259=IFCCARTESIANTRANSFORMATIONOPERATOR3D(#2256,#2257,#2255,1.,#2258);
#2260=IFCMAPPEDITEM(#2219,#2259);
#2261=IFCSHAPEREPRESENTATION(#24,'Body','MappedRepresentation',(#2260));
#2262=IFCOPENINGELEMENT('2q2GrP6QbDpvXSpUHuCHRx',$,'Opening',$,$,#3866,#2290,$,.OPENING.);
#2278=IFCCARTESIANPOINT((0.,0.,0.));
#2279=IFCDIRECTION((1.,0.,0.));
#2280=IFCDIRECTION((0.,0.,1.));
#2281=IFCAXIS2PLACEMENT3D(#2278,#2280,#2279);
#2282=IFCREPRESENTATIONMAP(#2281,#3856);
#2283=IFCCARTESIANPOINT((0.,0.,0.));
#2284=IFCDIRECTION((1.,0.,0.));
#2285=IFCDIRECTION((0.,1.,0.));
#2286=IFCDIRECTION((0.,0.,1.));
#2287=IFCCARTESIANTRANSFORMATIONOPERATOR3D(#2284,#2285,#2283,1.,#2286);
#2288=IFCMAPPEDITEM(#2282,#2287);
#2289=IFCSHAPEREPRESENTATION(#11,'Body','MappedRepresentation',(#2288));
#2290=IFCPRODUCTDEFINITIONSHAPE($,$,(#2289));
#2291=IFCRELVOIDSELEMENT('09RYhNOTH5PBXwS$P9axi7',$,$,$,#840,#2262);
#2297=IFCRELFILLSELEMENT('0$eUyGnWX5g9yhPLchrK1$',$,$,$,#2262,#2238);
#2306=IFCCARTESIANPOINTLIST2D(((0.,0.),(0.,2.),(0.89999997615814209,2.),(0.89999997615814209,0.),(0.87499997578561306,0.),(0.87499997578561306,1.974999999627471),(0.02500000037252903,1.974999999627471),(0.02500000037252903,0.)));
#2307=IFCINDEXEDPOLYCURVE(#2306,(IFCLINEINDEX((1,2,3,4,5,6,7,8,1))),$);
#2308=IFCARBITRARYCLOSEDPROFILEDEF(.AREA.,$,#2307);
#2309=IFCCARTESIANPOINT((0.,0.02500000037252903,0.));
#2310=IFCDIRECTION((0.,-1.,0.));
#2311=IFCDIRECTION((1.,0.,0.));
#2312=IFCAXIS2PLACEMENT3D(#2309,#2310,#2311);
#2313=IFCDIRECTION((0.,0.,-1.));
#2314=IFCEXTRUDEDAREASOLID(#2308,#2312,#2313,0.02500000037252903);
#2315=IFCCARTESIANPOINTLIST2D(((0.,0.),(0.,2.),(0.89999997615814209,2.),(0.89999997615814209,0.),(0.84419197589159012,0.),(0.84419197589159012,1.944191999733448),(0.055808000266551971,1.944191999733448),(0.055808000266551971,0.)));
#2316=IFCINDEXEDPOLYCURVE(#2315,(IFCLINEINDEX((1,2,3,4,5,6,7,8,1))),$);
#2317=IFCARBITRARYCLOSEDPROFILEDEF(.AREA.,$,#2316);
#2318=IFCCARTESIANPOINT((0.,0.,0.));
#2319=IFCDIRECTION((0.,-1.,0.));
#2320=IFCDIRECTION((1.,0.,0.));
#2321=IFCAXIS2PLACEMENT3D(#2318,#2319,#2320);
#2322=IFCDIRECTION((0.,0.,-1.));
#2323=IFCEXTRUDEDAREASOLID(#2317,#2321,#2322,0.02500000037252903);
#2324=IFCCARTESIANPOINTLIST2D(((0.,0.),(0.78838397562503815,0.),(0.78838397562503815,0.10000000149011612),(0.,0.10000000149011612)));
#2325=IFCINDEXEDPOLYCURVE(#2324,(IFCLINEINDEX((1,2,3,4,1))),$);
#2326=IFCARBITRARYCLOSEDPROFILEDEF(.AREA.,$,#2325);
#2327=IFCCARTESIANPOINT((0.055808000266551971,0.,0.));
#2328=IFCDIRECTION((0.,0.,1.));
#2329=IFCDIRECTION((1.,0.,0.));
#2330=IFCAXIS2PLACEMENT3D(#2327,#2328,#2329);
#2331=IFCDIRECTION((0.,0.,1.));
#2332=IFCEXTRUDEDAREASOLID(#2326,#2330,#2331,0.02500000037252903);
#2333=IFCCARTESIANPOINTLIST2D(((0.,0.),(0.,2.0191920027136803),(0.93838398158550262,2.0191920027136803),(0.93838398158550262,0.),(0.86338397860527039,0.),(0.86338397860527039,1.944191999733448),(0.075000002980232239,1.944191999733448),(0.075000002980232239,0.)));
#2334=IFCINDEXEDPOLYCURVE(#2333,(IFCLINEINDEX((1,2,3,4,5,6,7,8,1))),$);
#2335=IFCARBITRARYCLOSEDPROFILEDEF(.AREA.,$,#2334);
#2336=IFCCARTESIANPOINT((-0.019192002713680267,-0.014999999664723873,0.));
#2337=IFCDIRECTION((0.,-1.,0.));
#2338=IFCDIRECTION((1.,0.,0.));
#2339=IFCAXIS2PLACEMENT3D(#2336,#2337,#2338);
#2340=IFCDIRECTION((0.,0.,-1.));
#2341=IFCEXTRUDEDAREASOLID(#2335,#2339,#2340,0.014999999664723873);
#2342=IFCCARTESIANPOINTLIST2D(((0.,0.),(0.,2.0191920027136803),(0.93838398158550262,2.0191920027136803),(0.93838398158550262,0.),(0.89419197849929333,0.),(0.89419197849929333,1.974999999627471),(0.044192003086209297,1.974999999627471),(0.044192003086209297,0.)));
#2343=IFCINDEXEDPOLYCURVE(#2342,(IFCLINEINDEX((1,2,3,4,5,6,7,8,1))),$);
#2344=IFCARBITRARYCLOSEDPROFILEDEF(.AREA.,$,#2343);
#2345=IFCCARTESIANPOINT((-0.019192002713680267,0.05000000074505806,0.));
#2346=IFCDIRECTION((0.,-1.,0.));
#2347=IFCDIRECTION((1.,0.,0.));
#2348=IFCAXIS2PLACEMENT3D(#2345,#2346,#2347);
#2349=IFCDIRECTION((0.,0.,-1.));
#2350=IFCEXTRUDEDAREASOLID(#2344,#2348,#2349,0.014999999664723873);
#2351=IFCCARTESIANPOINTLIST2D(((0.,0.),(0.84999997541308403,0.),(0.84999997541308403,0.035000000149011612),(0.,0.035000000149011612)));
#2352=IFCINDEXEDPOLYCURVE(#2351,(IFCLINEINDEX((1,2,3,4,1))),$);
#2353=IFCARBITRARYCLOSEDPROFILEDEF(.AREA.,$,#2352);
#2354=IFCCARTESIANPOINT((0.02500000037252903,0.02500000037252903,0.02500000037252903));
#2355=IFCDIRECTION((0.,0.,1.));
#2356=IFCDIRECTION((1.,0.,0.));
#2357=IFCAXIS2PLACEMENT3D(#2354,#2355,#2356);
#2358=IFCDIRECTION((0.,0.,1.));
#2359=IFCEXTRUDEDAREASOLID(#2353,#2357,#2358,1.9499999992549419);
#2360=IFCCARTESIANPOINTLIST2D(((0.,0.),(0.,-0.040000000000000001),(-0.11999999999999988,-0.040000000000000001),(-0.11999999999999988,-0.02),(-0.020000000000000018,-0.02),(-0.020000000000000018,0.)));
#2361=IFCINDEXEDPOLYCURVE(#2360,(IFCLINEINDEX((1,2,3,4,5,6,1))),$);
#2362=IFCARBITRARYCLOSEDPROFILEDEF(.AREA.,$,#2361);
#2363=IFCCARTESIANPOINT((0.82499997578561302,0.02500000037252903,1.015000000372529));
#2364=IFCDIRECTION((0.,0.,1.));
#2365=IFCDIRECTION((1.,0.,0.));
#2366=IFCAXIS2PLACEMENT3D(#2363,#2364,#2365);
#2367=IFCDIRECTION((0.,0.,1.));
#2368=IFCEXTRUDEDAREASOLID(#2362,#2366,#2367,0.02);
#2369=IFCEXTRUDEDAREASOLID(#2370,#2373,#2377,0.02);
#2370=IFCARBITRARYCLOSEDPROFILEDEF(.AREA.,$,#2371);
#2371=IFCINDEXEDPOLYCURVE(#2372,(IFCLINEINDEX((1,2,3,4,5,6,1))),$);
#2372=IFCCARTESIANPOINTLIST2D(((0.,0.),(0.,0.040000000000000008),(-0.11999999999999988,0.040000000000000008),(-0.11999999999999988,0.020000000000000004),(-0.020000000000000018,0.020000000000000004),(-0.020000000000000018,0.)));
#2373=IFCAXIS2PLACEMENT3D(#2374,#2375,#2376);
#2374=IFCCARTESIANPOINT((0.82499997578561302,0.060000000521540642,1.015000000372529));
#2375=IFCDIRECTION((0.,0.,1.));
#2376=IFCDIRECTION((1.,0.,0.));
#2377=IFCDIRECTION((0.,0.,1.));
#2421=IFCCARTESIANPOINTLIST2D(((0.,0.),(0.,2.),(0.89999997615814209,2.),(0.89999997615814209,0.),(0.87499997578561306,0.),(0.87499997578561306,1.974999999627471),(0.02500000037252903,1.974999999627471),(0.02500000037252903,0.)));
#2422=IFCINDEXEDPOLYCURVE(#2421,(IFCLINEINDEX((1,2,3,4,5,6,7,8,1))),$);
#2423=IFCARBITRARYCLOSEDPROFILEDEF(.AREA.,$,#2422);
#2424=IFCCARTESIANPOINT((0.,0.02500000037252903,0.));
#2425=IFCDIRECTION((0.,-1.,0.));
#2426=IFCDIRECTION((1.,0.,0.));
#2427=IFCAXIS2PLACEMENT3D(#2424,#2425,#2426);
#2428=IFCDIRECTION((0.,0.,-1.));
#2429=IFCEXTRUDEDAREASOLID(#2423,#2427,#2428,0.02500000037252903);
#2430=IFCCARTESIANPOINTLIST2D(((0.,0.),(0.,2.),(0.89999997615814209,2.),(0.89999997615814209,0.),(0.84419197589159012,0.),(0.84419197589159012,1.944191999733448),(0.055808000266551971,1.944191999733448),(0.055808000266551971,0.)));
#2431=IFCINDEXEDPOLYCURVE(#2430,(IFCLINEINDEX((1,2,3,4,5,6,7,8,1))),$);
#2432=IFCARBITRARYCLOSEDPROFILEDEF(.AREA.,$,#2431);
#2433=IFCCARTESIANPOINT((0.,0.,0.));
#2434=IFCDIRECTION((0.,-1.,0.));
#2435=IFCDIRECTION((1.,0.,0.));
#2436=IFCAXIS2PLACEMENT3D(#2433,#2434,#2435);
#2437=IFCDIRECTION((0.,0.,-1.));
#2438=IFCEXTRUDEDAREASOLID(#2432,#2436,#2437,0.02500000037252903);
#2439=IFCCARTESIANPOINTLIST2D(((0.,0.),(0.78838397562503815,0.),(0.78838397562503815,0.10000000149011612),(0.,0.10000000149011612)));
#2440=IFCINDEXEDPOLYCURVE(#2439,(IFCLINEINDEX((1,2,3,4,1))),$);
#2441=IFCARBITRARYCLOSEDPROFILEDEF(.AREA.,$,#2440);
#2442=IFCCARTESIANPOINT((0.055808000266551971,0.,0.));
#2443=IFCDIRECTION((0.,0.,1.));
#2444=IFCDIRECTION((1.,0.,0.));
#2445=IFCAXIS2PLACEMENT3D(#2442,#2443,#2444);
#2446=IFCDIRECTION((0.,0.,1.));
#2447=IFCEXTRUDEDAREASOLID(#2441,#2445,#2446,0.02500000037252903);
#2448=IFCCARTESIANPOINTLIST2D(((0.,0.),(0.,2.0191920027136803),(0.93838398158550262,2.0191920027136803),(0.93838398158550262,0.),(0.86338397860527039,0.),(0.86338397860527039,1.944191999733448),(0.075000002980232239,1.944191999733448),(0.075000002980232239,0.)));
#2449=IFCINDEXEDPOLYCURVE(#2448,(IFCLINEINDEX((1,2,3,4,5,6,7,8,1))),$);
#2450=IFCARBITRARYCLOSEDPROFILEDEF(.AREA.,$,#2449);
#2451=IFCCARTESIANPOINT((-0.019192002713680267,-0.014999999664723873,0.));
#2452=IFCDIRECTION((0.,-1.,0.));
#2453=IFCDIRECTION((1.,0.,0.));
#2454=IFCAXIS2PLACEMENT3D(#2451,#2452,#2453);
#2455=IFCDIRECTION((0.,0.,-1.));
#2456=IFCEXTRUDEDAREASOLID(#2450,#2454,#2455,0.014999999664723873);
#2457=IFCCARTESIANPOINTLIST2D(((0.,0.),(0.,2.0191920027136803),(0.93838398158550262,2.0191920027136803),(0.93838398158550262,0.),(0.89419197849929333,0.),(0.89419197849929333,1.974999999627471),(0.044192003086209297,1.974999999627471),(0.044192003086209297,0.)));
#2458=IFCINDEXEDPOLYCURVE(#2457,(IFCLINEINDEX((1,2,3,4,5,6,7,8,1))),$);
#2459=IFCARBITRARYCLOSEDPROFILEDEF(.AREA.,$,#2458);
#2460=IFCCARTESIANPOINT((-0.019192002713680267,0.05000000074505806,0.));
#2461=IFCDIRECTION((0.,-1.,0.));
#2462=IFCDIRECTION((1.,0.,0.));
#2463=IFCAXIS2PLACEMENT3D(#2460,#2461,#2462);
#2464=IFCDIRECTION((0.,0.,-1.));
#2465=IFCEXTRUDEDAREASOLID(#2459,#2463,#2464,0.014999999664723873);
#2466=IFCCARTESIANPOINTLIST2D(((0.,0.),(0.84999997541308403,0.),(0.84999997541308403,0.035000000149011612),(0.,0.035000000149011612)));
#2467=IFCINDEXEDPOLYCURVE(#2466,(IFCLINEINDEX((1,2,3,4,1))),$);
#2468=IFCARBITRARYCLOSEDPROFILEDEF(.AREA.,$,#2467);
#2469=IFCCARTESIANPOINT((0.02500000037252903,0.02500000037252903,0.02500000037252903));
#2470=IFCDIRECTION((0.,0.,1.));
#2471=IFCDIRECTION((1.,0.,0.));
#2472=IFCAXIS2PLACEMENT3D(#2469,#2470,#2471);
#2473=IFCDIRECTION((0.,0.,1.));
#2474=IFCEXTRUDEDAREASOLID(#2468,#2472,#2473,1.9499999992549419);
#2475=IFCCARTESIANPOINTLIST2D(((0.,0.),(0.,-0.040000000000000001),(-0.11999999999999988,-0.040000000000000001),(-0.11999999999999988,-0.02),(-0.020000000000000018,-0.02),(-0.020000000000000018,0.)));
#2476=IFCINDEXEDPOLYCURVE(#2475,(IFCLINEINDEX((1,2,3,4,5,6,1))),$);
#2477=IFCARBITRARYCLOSEDPROFILEDEF(.AREA.,$,#2476);
#2478=IFCCARTESIANPOINT((0.82499997578561302,0.02500000037252903,1.015000000372529));
#2479=IFCDIRECTION((0.,0.,1.));
#2480=IFCDIRECTION((1.,0.,0.));
#2481=IFCAXIS2PLACEMENT3D(#2478,#2479,#2480);
#2482=IFCDIRECTION((0.,0.,1.));
#2483=IFCEXTRUDEDAREASOLID(#2477,#2481,#2482,0.02);
#2484=IFCEXTRUDEDAREASOLID(#2485,#2488,#2492,0.02);
#2485=IFCARBITRARYCLOSEDPROFILEDEF(.AREA.,$,#2486);
#2486=IFCINDEXEDPOLYCURVE(#2487,(IFCLINEINDEX((1,2,3,4,5,6,1))),$);
#2487=IFCCARTESIANPOINTLIST2D(((0.,0.),(0.,0.040000000000000008),(-0.11999999999999988,0.040000000000000008),(-0.11999999999999988,0.020000000000000004),(-0.020000000000000018,0.020000000000000004),(-0.020000000000000018,0.)));
#2488=IFCAXIS2PLACEMENT3D(#2489,#2490,#2491);
#2489=IFCCARTESIANPOINT((0.82499997578561302,0.060000000521540642,1.015000000372529));
#2490=IFCDIRECTION((0.,0.,1.));
#2491=IFCDIRECTION((1.,0.,0.));
#2492=IFCDIRECTION((0.,0.,1.));
#2494=IFCSHAPEREPRESENTATION(#11,'Body','SweptSolid',(#2672,#2575,#3023,#2793,#2584,#2465,#2663,#2566,#2926,#2829,#3059,#2811,#2802,#2699,#2681,#3768,#3804,#2917,#2456,#3795,#2908,#2447,#3050,#2820,#2557,#3786,#3041,#2438,#2429,#2690,#3777,#2944,#2548,#3032,#2935));
#2495=IFCSHAPEASPECT((#2494),'Lining',$,.T.,#2247);
#2496=IFCSHAPEREPRESENTATION(#11,'Body','SweptSolid',(#3077,#2847,#3078,#2717,#2848,#3068,#2838,#2708,#3813,#3823,#2718,#2962,#2963,#2603,#2483,#2474,#2953,#2602,#3822,#2484,#2593));
#2497=IFCSHAPEASPECT((#2496),'Framing',$,.T.,#2247);
#2540=IFCCARTESIANPOINTLIST2D(((0.,0.),(0.,2.),(0.89999997615814209,2.),(0.89999997615814209,0.),(0.87499997578561306,0.),(0.87499997578561306,1.974999999627471),(0.02500000037252903,1.974999999627471),(0.02500000037252903,0.)));
#2541=IFCINDEXEDPOLYCURVE(#2540,(IFCLINEINDEX((1,2,3,4,5,6,7,8,1))),$);
#2542=IFCARBITRARYCLOSEDPROFILEDEF(.AREA.,$,#2541);
#2543=IFCCARTESIANPOINT((0.,0.02500000037252903,0.));
#2544=IFCDIRECTION((0.,-1.,0.));
#2545=IFCDIRECTION((1.,0.,0.));
#2546=IFCAXIS2PLACEMENT3D(#2543,#2544,#2545);
#2547=IFCDIRECTION((0.,0.,-1.));
#2548=IFCEXTRUDEDAREASOLID(#2542,#2546,#2547,0.02500000037252903);
#2549=IFCCARTESIANPOINTLIST2D(((0.,0.),(0.,2.),(0.89999997615814209,2.),(0.89999997615814209,0.),(0.82419198006391525,0.),(0.82419198006391525,1.9241920039057732),(0.075807996094226837,1.9241920039057732),(0.075807996094226837,0.)));
#2550=IFCINDEXEDPOLYCURVE(#2549,(IFCLINEINDEX((1,2,3,4,5,6,7,8,1))),$);
#2551=IFCARBITRARYCLOSEDPROFILEDEF(.AREA.,$,#2550);
#2552=IFCCARTESIANPOINT((0.,0.,0.));
#2553=IFCDIRECTION((0.,-1.,0.));
#2554=IFCDIRECTION((1.,0.,0.));
#2555=IFCAXIS2PLACEMENT3D(#2552,#2553,#2554);
#2556=IFCDIRECTION((0.,0.,-1.));
#2557=IFCEXTRUDEDAREASOLID(#2551,#2555,#2556,0.02500000037252903);
#2558=IFCCARTESIANPOINTLIST2D(((0.,0.),(0.74838398396968842,0.),(0.74838398396968842,0.10000000149011612),(0.,0.10000000149011612)));
#2559=IFCINDEXEDPOLYCURVE(#2558,(IFCLINEINDEX((1,2,3,4,1))),$);
#2560=IFCARBITRARYCLOSEDPROFILEDEF(.AREA.,$,#2559);
#2561=IFCCARTESIANPOINT((0.075807996094226837,0.,0.));
#2562=IFCDIRECTION((0.,0.,1.));
#2563=IFCDIRECTION((1.,0.,0.));
#2564=IFCAXIS2PLACEMENT3D(#2561,#2562,#2563);
#2565=IFCDIRECTION((0.,0.,1.));
#2566=IFCEXTRUDEDAREASOLID(#2560,#2564,#2565,0.02500000037252903);
#2567=IFCCARTESIANPOINTLIST2D(((0.,0.),(0.,2.),(0.89999997615814209,2.),(0.89999997615814209,0.),(0.82499997317790985,0.),(0.82499997317790985,1.9249999970197678),(0.075000002980232239,1.9249999970197678),(0.075000002980232239,0.)));
#2568=IFCINDEXEDPOLYCURVE(#2567,(IFCLINEINDEX((1,2,3,4,5,6,7,8,1))),$);
#2569=IFCARBITRARYCLOSEDPROFILEDEF(.AREA.,$,#2568);
#2570=IFCCARTESIANPOINT((0.,-0.014999999664723873,0.));
#2571=IFCDIRECTION((0.,-1.,0.));
#2572=IFCDIRECTION((1.,0.,0.));
#2573=IFCAXIS2PLACEMENT3D(#2570,#2571,#2572);
#2574=IFCDIRECTION((0.,0.,-1.));
#2575=IFCEXTRUDEDAREASOLID(#2569,#2573,#2574,0.014999999664723873);
#2576=IFCCARTESIANPOINTLIST2D(((0.,0.),(0.,2.),(0.89999997615814209,2.),(0.89999997615814209,0.),(0.87580796889960766,0.),(0.87580796889960766,1.9758079927414656),(0.024192007258534431,1.9758079927414656),(0.024192007258534431,0.)));
#2577=IFCINDEXEDPOLYCURVE(#2576,(IFCLINEINDEX((1,2,3,4,5,6,7,8,1))),$);
#2578=IFCARBITRARYCLOSEDPROFILEDEF(.AREA.,$,#2577);
#2579=IFCCARTESIANPOINT((0.,0.05000000074505806,0.));
#2580=IFCDIRECTION((0.,-1.,0.));
#2581=IFCDIRECTION((1.,0.,0.));
#2582=IFCAXIS2PLACEMENT3D(#2579,#2580,#2581);
#2583=IFCDIRECTION((0.,0.,-1.));
#2584=IFCEXTRUDEDAREASOLID(#2578,#2582,#2583,0.014999999664723873);
#2585=IFCCARTESIANPOINTLIST2D(((0.,0.),(0.84999997541308403,0.),(0.84999997541308403,0.035000000149011612),(0.,0.035000000149011612)));
#2586=IFCINDEXEDPOLYCURVE(#2585,(IFCLINEINDEX((1,2,3,4,1))),$);
#2587=IFCARBITRARYCLOSEDPROFILEDEF(.AREA.,$,#2586);
#2588=IFCCARTESIANPOINT((0.02500000037252903,0.02500000037252903,0.02500000037252903));
#2589=IFCDIRECTION((0.,0.,1.));
#2590=IFCDIRECTION((1.,0.,0.));
#2591=IFCAXIS2PLACEMENT3D(#2588,#2589,#2590);
#2592=IFCDIRECTION((0.,0.,1.));
#2593=IFCEXTRUDEDAREASOLID(#2587,#2591,#2592,1.9499999992549419);
#2594=IFCCARTESIANPOINTLIST2D(((0.,0.),(0.,-0.040000000000000001),(-0.11999999999999988,-0.040000000000000001),(-0.11999999999999988,-0.02),(-0.020000000000000018,-0.02),(-0.020000000000000018,0.)));
#2595=IFCINDEXEDPOLYCURVE(#2594,(IFCLINEINDEX((1,2,3,4,5,6,1))),$);
#2596=IFCARBITRARYCLOSEDPROFILEDEF(.AREA.,$,#2595);
#2597=IFCCARTESIANPOINT((0.82499997578561302,0.02500000037252903,1.015000000372529));
#2598=IFCDIRECTION((0.,0.,1.));
#2599=IFCDIRECTION((1.,0.,0.));
#2600=IFCAXIS2PLACEMENT3D(#2597,#2598,#2599);
#2601=IFCDIRECTION((0.,0.,1.));
#2602=IFCEXTRUDEDAREASOLID(#2596,#2600,#2601,0.02);
#2603=IFCEXTRUDEDAREASOLID(#2604,#2607,#2611,0.02);
#2604=IFCARBITRARYCLOSEDPROFILEDEF(.AREA.,$,#2605);
#2605=IFCINDEXEDPOLYCURVE(#2606,(IFCLINEINDEX((1,2,3,4,5,6,1))),$);
#2606=IFCCARTESIANPOINTLIST2D(((0.,0.),(0.,0.040000000000000008),(-0.11999999999999988,0.040000000000000008),(-0.11999999999999988,0.020000000000000004),(-0.020000000000000018,0.020000000000000004),(-0.020000000000000018,0.)));
#2607=IFCAXIS2PLACEMENT3D(#2608,#2609,#2610);
#2608=IFCCARTESIANPOINT((0.82499997578561302,0.060000000521540642,1.015000000372529));
#2609=IFCDIRECTION((0.,0.,1.));
#2610=IFCDIRECTION((1.,0.,0.));
#2611=IFCDIRECTION((0.,0.,1.));
#2655=IFCCARTESIANPOINTLIST2D(((0.,0.),(0.,2.),(0.89999997615814209,2.),(0.89999997615814209,0.),(0.87499997578561306,0.),(0.87499997578561306,1.974999999627471),(0.02500000037252903,1.974999999627471),(0.02500000037252903,0.)));
#2656=IFCINDEXEDPOLYCURVE(#2655,(IFCLINEINDEX((1,2,3,4,5,6,7,8,1))),$);
#2657=IFCARBITRARYCLOSEDPROFILEDEF(.AREA.,$,#2656);
#2658=IFCCARTESIANPOINT((0.,0.02500000037252903,0.));
#2659=IFCDIRECTION((0.,-1.,0.));
#2660=IFCDIRECTION((1.,0.,0.));
#2661=IFCAXIS2PLACEMENT3D(#2658,#2659,#2660);
#2662=IFCDIRECTION((0.,0.,-1.));
#2663=IFCEXTRUDEDAREASOLID(#2657,#2661,#2662,0.015000006183981895);
#2664=IFCCARTESIANPOINTLIST2D(((0.,0.),(0.,2.),(0.89999997615814209,2.),(0.89999997615814209,0.),(0.82419198006391525,0.),(0.82419198006391525,1.9241920039057732),(0.075807996094226837,1.9241920039057732),(0.075807996094226837,0.)));
#2665=IFCINDEXEDPOLYCURVE(#2664,(IFCLINEINDEX((1,2,3,4,5,6,7,8,1))),$);
#2666=IFCARBITRARYCLOSEDPROFILEDEF(.AREA.,$,#2665);
#2667=IFCCARTESIANPOINT((0.,0.,0.));
#2668=IFCDIRECTION((0.,-1.,0.));
#2669=IFCDIRECTION((1.,0.,0.));
#2670=IFCAXIS2PLACEMENT3D(#2667,#2668,#2669);
#2671=IFCDIRECTION((0.,0.,-1.));
#2672=IFCEXTRUDEDAREASOLID(#2666,#2670,#2671,0.02500000037252903);
#2673=IFCCARTESIANPOINTLIST2D(((0.,0.),(0.74838398396968842,0.),(0.74838398396968842,0.10000000149011612),(0.,0.10000000149011612)));
#2674=IFCINDEXEDPOLYCURVE(#2673,(IFCLINEINDEX((1,2,3,4,1))),$);
#2675=IFCARBITRARYCLOSEDPROFILEDEF(.AREA.,$,#2674);
#2676=IFCCARTESIANPOINT((0.075807996094226837,0.,0.));
#2677=IFCDIRECTION((0.,0.,1.));
#2678=IFCDIRECTION((1.,0.,0.));
#2679=IFCAXIS2PLACEMENT3D(#2676,#2677,#2678);
#2680=IFCDIRECTION((0.,0.,1.));
#2681=IFCEXTRUDEDAREASOLID(#2675,#2679,#2680,0.02500000037252903);
#2682=IFCCARTESIANPOINTLIST2D(((0.,0.),(0.,2.),(0.89999997615814209,2.),(0.89999997615814209,0.),(0.82499997317790985,0.),(0.82499997317790985,1.9249999970197678),(0.075000002980232239,1.9249999970197678),(0.075000002980232239,0.)));
#2683=IFCINDEXEDPOLYCURVE(#2682,(IFCLINEINDEX((1,2,3,4,5,6,7,8,1))),$);
#2684=IFCARBITRARYCLOSEDPROFILEDEF(.AREA.,$,#2683);
#2685=IFCCARTESIANPOINT((0.,-0.014999999664723873,0.));
#2686=IFCDIRECTION((0.,-1.,0.));
#2687=IFCDIRECTION((1.,0.,0.));
#2688=IFCAXIS2PLACEMENT3D(#2685,#2686,#2687);
#2689=IFCDIRECTION((0.,0.,-1.));
#2690=IFCEXTRUDEDAREASOLID(#2684,#2688,#2689,0.014999999664723873);
#2691=IFCCARTESIANPOINTLIST2D(((0.,0.),(0.,2.),(0.89999997615814209,2.),(0.89999997615814209,0.),(0.87580796889960766,0.),(0.87580796889960766,1.9758079927414656),(0.024192007258534431,1.9758079927414656),(0.024192007258534431,0.)));
#2692=IFCINDEXEDPOLYCURVE(#2691,(IFCLINEINDEX((1,2,3,4,5,6,7,8,1))),$);
#2693=IFCARBITRARYCLOSEDPROFILEDEF(.AREA.,$,#2692);
#2694=IFCCARTESIANPOINT((0.,0.040000006556510925,0.));
#2695=IFCDIRECTION((0.,-1.,0.));
#2696=IFCDIRECTION((1.,0.,0.));
#2697=IFCAXIS2PLACEMENT3D(#2694,#2695,#2696);
#2698=IFCDIRECTION((0.,0.,-1.));
#2699=IFCEXTRUDEDAREASOLID(#2693,#2697,#2698,0.014999999664723873);
#2700=IFCCARTESIANPOINTLIST2D(((0.,0.),(0.84999997541308403,0.),(0.84999997541308403,0.035000000149011612),(0.,0.035000000149011612)));
#2701=IFCINDEXEDPOLYCURVE(#2700,(IFCLINEINDEX((1,2,3,4,1))),$);
#2702=IFCARBITRARYCLOSEDPROFILEDEF(.AREA.,$,#2701);
#2703=IFCCARTESIANPOINT((0.02500000037252903,0.02500000037252903,0.02500000037252903));
#2704=IFCDIRECTION((0.,0.,1.));
#2705=IFCDIRECTION((1.,0.,0.));
#2706=IFCAXIS2PLACEMENT3D(#2703,#2704,#2705);
#2707=IFCDIRECTION((0.,0.,1.));
#2708=IFCEXTRUDEDAREASOLID(#2702,#2706,#2707,1.9499999992549419);
#2709=IFCCARTESIANPOINTLIST2D(((0.,0.),(0.,-0.040000000000000001),(-0.11999999999999988,-0.040000000000000001),(-0.11999999999999988,-0.02),(-0.020000000000000018,-0.02),(-0.020000000000000018,0.)));
#2710=IFCINDEXEDPOLYCURVE(#2709,(IFCLINEINDEX((1,2,3,4,5,6,1))),$);
#2711=IFCARBITRARYCLOSEDPROFILEDEF(.AREA.,$,#2710);
#2712=IFCCARTESIANPOINT((0.82499997578561302,0.02500000037252903,1.015000000372529));
#2713=IFCDIRECTION((0.,0.,1.));
#2714=IFCDIRECTION((1.,0.,0.));
#2715=IFCAXIS2PLACEMENT3D(#2712,#2713,#2714);
#2716=IFCDIRECTION((0.,0.,1.));
#2717=IFCEXTRUDEDAREASOLID(#2711,#2715,#2716,0.02);
#2718=IFCEXTRUDEDAREASOLID(#2719,#2722,#2726,0.02);
#2719=IFCARBITRARYCLOSEDPROFILEDEF(.AREA.,$,#2720);
#2720=IFCINDEXEDPOLYCURVE(#2721,(IFCLINEINDEX((1,2,3,4,5,6,1))),$);
#2721=IFCCARTESIANPOINTLIST2D(((0.,0.),(0.,0.040000000000000008),(-0.11999999999999988,0.040000000000000008),(-0.11999999999999988,0.020000000000000004),(-0.020000000000000018,0.020000000000000004),(-0.020000000000000018,0.)));
#2722=IFCAXIS2PLACEMENT3D(#2723,#2724,#2725);
#2723=IFCCARTESIANPOINT((0.82499997578561302,0.060000000521540642,1.015000000372529));
#2724=IFCDIRECTION((0.,0.,1.));
#2725=IFCDIRECTION((1.,0.,0.));
#2726=IFCDIRECTION((0.,0.,1.));
#2785=IFCCARTESIANPOINTLIST2D(((0.,0.),(0.,2.),(0.89999997615814209,2.),(0.89999997615814209,0.),(0.87499997578561306,0.),(0.87499997578561306,1.974999999627471),(0.02500000037252903,1.974999999627471),(0.02500000037252903,0.)));
#2786=IFCINDEXEDPOLYCURVE(#2785,(IFCLINEINDEX((1,2,3,4,5,6,7,8,1))),$);
#2787=IFCARBITRARYCLOSEDPROFILEDEF(.AREA.,$,#2786);
#2788=IFCCARTESIANPOINT((0.,0.02500000037252903,0.));
#2789=IFCDIRECTION((0.,-1.,0.));
#2790=IFCDIRECTION((1.,0.,0.));
#2791=IFCAXIS2PLACEMENT3D(#2788,#2789,#2790);
#2792=IFCDIRECTION((0.,0.,-1.));
#2793=IFCEXTRUDEDAREASOLID(#2787,#2791,#2792,0.015000006183981895);
#2794=IFCCARTESIANPOINTLIST2D(((0.,0.),(0.,2.),(0.89999997615814209,2.),(0.89999997615814209,0.),(0.82419198006391525,0.),(0.82419198006391525,1.9241920039057732),(0.075807996094226837,1.9241920039057732),(0.075807996094226837,0.)));
#2795=IFCINDEXEDPOLYCURVE(#2794,(IFCLINEINDEX((1,2,3,4,5,6,7,8,1))),$);
#2796=IFCARBITRARYCLOSEDPROFILEDEF(.AREA.,$,#2795);
#2797=IFCCARTESIANPOINT((0.,0.,0.));
#2798=IFCDIRECTION((0.,-1.,0.));
#2799=IFCDIRECTION((1.,0.,0.));
#2800=IFCAXIS2PLACEMENT3D(#2797,#2798,#2799);
#2801=IFCDIRECTION((0.,0.,-1.));
#2802=IFCEXTRUDEDAREASOLID(#2796,#2800,#2801,0.02500000037252903);
#2803=IFCCARTESIANPOINTLIST2D(((0.,0.),(0.74838398396968842,0.),(0.74838398396968842,0.10000000149011612),(0.,0.10000000149011612)));
#2804=IFCINDEXEDPOLYCURVE(#2803,(IFCLINEINDEX((1,2,3,4,1))),$);
#2805=IFCARBITRARYCLOSEDPROFILEDEF(.AREA.,$,#2804);
#2806=IFCCARTESIANPOINT((0.075807996094226837,0.,0.));
#2807=IFCDIRECTION((0.,0.,1.));
#2808=IFCDIRECTION((1.,0.,0.));
#2809=IFCAXIS2PLACEMENT3D(#2806,#2807,#2808);
#2810=IFCDIRECTION((0.,0.,1.));
#2811=IFCEXTRUDEDAREASOLID(#2805,#2809,#2810,0.02500000037252903);
#2812=IFCCARTESIANPOINTLIST2D(((0.,0.),(0.,2.),(0.89999997615814209,2.),(0.89999997615814209,0.),(0.82499997317790985,0.),(0.82499997317790985,1.9249999970197678),(0.075000002980232239,1.9249999970197678),(0.075000002980232239,0.)));
#2813=IFCINDEXEDPOLYCURVE(#2812,(IFCLINEINDEX((1,2,3,4,5,6,7,8,1))),$);
#2814=IFCARBITRARYCLOSEDPROFILEDEF(.AREA.,$,#2813);
#2815=IFCCARTESIANPOINT((0.,-0.014999999664723873,0.));
#2816=IFCDIRECTION((0.,-1.,0.));
#2817=IFCDIRECTION((1.,0.,0.));
#2818=IFCAXIS2PLACEMENT3D(#2815,#2816,#2817);
#2819=IFCDIRECTION((0.,0.,-1.));
#2820=IFCEXTRUDEDAREASOLID(#2814,#2818,#2819,0.014999999664723873);
#2821=IFCCARTESIANPOINTLIST2D(((0.,0.),(0.,2.),(0.89999997615814209,2.),(0.89999997615814209,0.),(0.87580796889960766,0.),(0.87580796889960766,1.9758079927414656),(0.024192007258534431,1.9758079927414656),(0.024192007258534431,0.)));
#2822=IFCINDEXEDPOLYCURVE(#2821,(IFCLINEINDEX((1,2,3,4,5,6,7,8,1))),$);
#2823=IFCARBITRARYCLOSEDPROFILEDEF(.AREA.,$,#2822);
#2824=IFCCARTESIANPOINT((0.,0.040000006556510925,0.));
#2825=IFCDIRECTION((0.,-1.,0.));
#2826=IFCDIRECTION((1.,0.,0.));
#2827=IFCAXIS2PLACEMENT3D(#2824,#2825,#2826);
#2828=IFCDIRECTION((0.,0.,-1.));
#2829=IFCEXTRUDEDAREASOLID(#2823,#2827,#2828,0.014999999664723873);
#2830=IFCCARTESIANPOINTLIST2D(((0.,0.),(0.84999997541308403,0.),(0.84999997541308403,0.035000000149011612),(0.,0.035000000149011612)));
#2831=IFCINDEXEDPOLYCURVE(#2830,(IFCLINEINDEX((1,2,3,4,1))),$);
#2832=IFCARBITRARYCLOSEDPROFILEDEF(.AREA.,$,#2831);
#2833=IFCCARTESIANPOINT((0.02500000037252903,0.02500000037252903,0.02500000037252903));
#2834=IFCDIRECTION((0.,0.,1.));
#2835=IFCDIRECTION((1.,0.,0.));
#2836=IFCAXIS2PLACEMENT3D(#2833,#2834,#2835);
#2837=IFCDIRECTION((0.,0.,1.));
#2838=IFCEXTRUDEDAREASOLID(#2832,#2836,#2837,1.9499999992549419);
#2839=IFCCARTESIANPOINTLIST2D(((0.,0.),(0.,-0.040000000000000001),(0.12,-0.040000000000000001),(0.12,-0.02),(0.02,-0.02),(0.02,0.)));
#2840=IFCINDEXEDPOLYCURVE(#2839,(IFCLINEINDEX((1,2,3,4,5,6,1))),$);
#2841=IFCARBITRARYCLOSEDPROFILEDEF(.AREA.,$,#2840);
#2842=IFCCARTESIANPOINT((0.075000000372529033,0.02500000037252903,1.015000000372529));
#2843=IFCDIRECTION((0.,0.,1.));
#2844=IFCDIRECTION((1.,0.,0.));
#2845=IFCAXIS2PLACEMENT3D(#2842,#2843,#2844);
#2846=IFCDIRECTION((0.,0.,1.));
#2847=IFCEXTRUDEDAREASOLID(#2841,#2845,#2846,0.02);
#2848=IFCEXTRUDEDAREASOLID(#2849,#2852,#2856,0.02);
#2849=IFCARBITRARYCLOSEDPROFILEDEF(.AREA.,$,#2850);
#2850=IFCINDEXEDPOLYCURVE(#2851,(IFCLINEINDEX((1,2,3,4,5,6,1))),$);
#2851=IFCCARTESIANPOINTLIST2D(((0.,0.),(0.,0.040000000000000008),(0.11999999999999998,0.040000000000000008),(0.11999999999999998,0.020000000000000004),(0.020000000000000004,0.020000000000000004),(0.020000000000000004,0.)));
#2852=IFCAXIS2PLACEMENT3D(#2853,#2854,#2855);
#2853=IFCCARTESIANPOINT((0.075000000372529033,0.060000000521540642,1.015000000372529));
#2854=IFCDIRECTION((0.,0.,1.));
#2855=IFCDIRECTION((1.,0.,0.));
#2856=IFCDIRECTION((0.,0.,1.));
#2900=IFCCARTESIANPOINTLIST2D(((0.,0.),(0.,2.),(0.89999997615814209,2.),(0.89999997615814209,0.),(0.87499997578561306,0.),(0.87499997578561306,1.974999999627471),(0.02500000037252903,1.974999999627471),(0.02500000037252903,0.)));
#2901=IFCINDEXEDPOLYCURVE(#2900,(IFCLINEINDEX((1,2,3,4,5,6,7,8,1))),$);
#2902=IFCARBITRARYCLOSEDPROFILEDEF(.AREA.,$,#2901);
#2903=IFCCARTESIANPOINT((0.,0.02500000037252903,0.));
#2904=IFCDIRECTION((0.,-1.,0.));
#2905=IFCDIRECTION((1.,0.,0.));
#2906=IFCAXIS2PLACEMENT3D(#2903,#2904,#2905);
#2907=IFCDIRECTION((0.,0.,-1.));
#2908=IFCEXTRUDEDAREASOLID(#2902,#2906,#2907,0.015000006183981895);
#2909=IFCCARTESIANPOINTLIST2D(((0.,0.),(0.,2.),(0.89999997615814209,2.),(0.89999997615814209,0.),(0.82419198006391525,0.),(0.82419198006391525,1.9241920039057732),(0.075807996094226837,1.9241920039057732),(0.075807996094226837,0.)));
#2910=IFCINDEXEDPOLYCURVE(#2909,(IFCLINEINDEX((1,2,3,4,5,6,7,8,1))),$);
#2911=IFCARBITRARYCLOSEDPROFILEDEF(.AREA.,$,#2910);
#2912=IFCCARTESIANPOINT((0.,0.,0.));
#2913=IFCDIRECTION((0.,-1.,0.));
#2914=IFCDIRECTION((1.,0.,0.));
#2915=IFCAXIS2PLACEMENT3D(#2912,#2913,#2914);
#2916=IFCDIRECTION((0.,0.,-1.));
#2917=IFCEXTRUDEDAREASOLID(#2911,#2915,#2916,0.02500000037252903);
#2918=IFCCARTESIANPOINTLIST2D(((0.,0.),(0.74838398396968842,0.),(0.74838398396968842,0.10000000149011612),(0.,0.10000000149011612)));
#2919=IFCINDEXEDPOLYCURVE(#2918,(IFCLINEINDEX((1,2,3,4,1))),$);
#2920=IFCARBITRARYCLOSEDPROFILEDEF(.AREA.,$,#2919);
#2921=IFCCARTESIANPOINT((0.075807996094226837,0.,0.));
#2922=IFCDIRECTION((0.,0.,1.));
#2923=IFCDIRECTION((1.,0.,0.));
#2924=IFCAXIS2PLACEMENT3D(#2921,#2922,#2923);
#2925=IFCDIRECTION((0.,0.,1.));
#2926=IFCEXTRUDEDAREASOLID(#2920,#2924,#2925,0.02500000037252903);
#2927=IFCCARTESIANPOINTLIST2D(((0.,0.),(0.,2.),(0.89999997615814209,2.),(0.89999997615814209,0.),(0.82499997317790985,0.),(0.82499997317790985,1.9249999970197678),(0.075000002980232239,1.9249999970197678),(0.075000002980232239,0.)));
#2928=IFCINDEXEDPOLYCURVE(#2927,(IFCLINEINDEX((1,2,3,4,5,6,7,8,1))),$);
#2929=IFCARBITRARYCLOSEDPROFILEDEF(.AREA.,$,#2928);
#2930=IFCCARTESIANPOINT((0.,-0.014999999664723873,0.));
#2931=IFCDIRECTION((0.,-1.,0.));
#2932=IFCDIRECTION((1.,0.,0.));
#2933=IFCAXIS2PLACEMENT3D(#2930,#2931,#2932);
#2934=IFCDIRECTION((0.,0.,-1.));
#2935=IFCEXTRUDEDAREASOLID(#2929,#2933,#2934,0.014999999664723873);
#2936=IFCCARTESIANPOINTLIST2D(((0.,0.),(0.,2.),(0.89999997615814209,2.),(0.89999997615814209,0.),(0.87580796889960766,0.),(0.87580796889960766,1.9758079927414656),(0.024192007258534431,1.9758079927414656),(0.024192007258534431,0.)));
#2937=IFCINDEXEDPOLYCURVE(#2936,(IFCLINEINDEX((1,2,3,4,5,6,7,8,1))),$);
#2938=IFCARBITRARYCLOSEDPROFILEDEF(.AREA.,$,#2937);
#2939=IFCCARTESIANPOINT((0.,0.040000006556510925,0.));
#2940=IFCDIRECTION((0.,-1.,0.));
#2941=IFCDIRECTION((1.,0.,0.));
#2942=IFCAXIS2PLACEMENT3D(#2939,#2940,#2941);
#2943=IFCDIRECTION((0.,0.,-1.));
#2944=IFCEXTRUDEDAREASOLID(#2938,#2942,#2943,0.014999999664723873);
#2945=IFCCARTESIANPOINTLIST2D(((0.,0.),(0.84999997541308403,0.),(0.84999997541308403,0.035000000149011612),(0.,0.035000000149011612)));
#2946=IFCINDEXEDPOLYCURVE(#2945,(IFCLINEINDEX((1,2,3,4,1))),$);
#2947=IFCARBITRARYCLOSEDPROFILEDEF(.AREA.,$,#2946);
#2948=IFCCARTESIANPOINT((0.02500000037252903,0.02500000037252903,0.02500000037252903));
#2949=IFCDIRECTION((0.,0.,1.));
#2950=IFCDIRECTION((1.,0.,0.));
#2951=IFCAXIS2PLACEMENT3D(#2948,#2949,#2950);
#2952=IFCDIRECTION((0.,0.,1.));
#2953=IFCEXTRUDEDAREASOLID(#2947,#2951,#2952,1.9499999992549419);
#2954=IFCCARTESIANPOINTLIST2D(((0.,0.),(0.,-0.040000000000000001),(0.12,-0.040000000000000001),(0.12,-0.02),(0.02,-0.02),(0.02,0.)));
#2955=IFCINDEXEDPOLYCURVE(#2954,(IFCLINEINDEX((1,2,3,4,5,6,1))),$);
#2956=IFCARBITRARYCLOSEDPROFILEDEF(.AREA.,$,#2955);
#2957=IFCCARTESIANPOINT((0.075000000372529033,0.02500000037252903,1.015000000372529));
#2958=IFCDIRECTION((0.,0.,1.));
#2959=IFCDIRECTION((1.,0.,0.));
#2960=IFCAXIS2PLACEMENT3D(#2957,#2958,#2959);
#2961=IFCDIRECTION((0.,0.,1.));
#2962=IFCEXTRUDEDAREASOLID(#2956,#2960,#2961,0.02);
#2963=IFCEXTRUDEDAREASOLID(#2964,#2967,#2971,0.02);
#2964=IFCARBITRARYCLOSEDPROFILEDEF(.AREA.,$,#2965);
#2965=IFCINDEXEDPOLYCURVE(#2966,(IFCLINEINDEX((1,2,3,4,5,6,1))),$);
#2966=IFCCARTESIANPOINTLIST2D(((0.,0.),(0.,0.040000000000000008),(0.11999999999999998,0.040000000000000008),(0.11999999999999998,0.020000000000000004),(0.020000000000000004,0.020000000000000004),(0.020000000000000004,0.)));
#2967=IFCAXIS2PLACEMENT3D(#2968,#2969,#2970);
#2968=IFCCARTESIANPOINT((0.075000000372529033,0.060000000521540642,1.015000000372529));
#2969=IFCDIRECTION((0.,0.,1.));
#2970=IFCDIRECTION((1.,0.,0.));
#2971=IFCDIRECTION((0.,0.,1.));
#3015=IFCCARTESIANPOINTLIST2D(((0.,0.),(0.,2.),(0.89999997615814209,2.),(0.89999997615814209,0.),(0.87499997578561306,0.),(0.87499997578561306,1.974999999627471),(0.02500000037252903,1.974999999627471),(0.02500000037252903,0.)));
#3016=IFCINDEXEDPOLYCURVE(#3015,(IFCLINEINDEX((1,2,3,4,5,6,7,8,1))),$);
#3017=IFCARBITRARYCLOSEDPROFILEDEF(.AREA.,$,#3016);
#3018=IFCCARTESIANPOINT((0.,0.02500000037252903,0.));
#3019=IFCDIRECTION((0.,-1.,0.));
#3020=IFCDIRECTION((1.,0.,0.));
#3021=IFCAXIS2PLACEMENT3D(#3018,#3019,#3020);
#3022=IFCDIRECTION((0.,0.,-1.));
#3023=IFCEXTRUDEDAREASOLID(#3017,#3021,#3022,0.015000006183981895);
#3024=IFCCARTESIANPOINTLIST2D(((0.,0.),(0.,2.),(0.89999997615814209,2.),(0.89999997615814209,0.),(0.82419198006391525,0.),(0.82419198006391525,1.9241920039057732),(0.075807996094226837,1.9241920039057732),(0.075807996094226837,0.)));
#3025=IFCINDEXEDPOLYCURVE(#3024,(IFCLINEINDEX((1,2,3,4,5,6,7,8,1))),$);
#3026=IFCARBITRARYCLOSEDPROFILEDEF(.AREA.,$,#3025);
#3027=IFCCARTESIANPOINT((0.,0.,0.));
#3028=IFCDIRECTION((0.,-1.,0.));
#3029=IFCDIRECTION((1.,0.,0.));
#3030=IFCAXIS2PLACEMENT3D(#3027,#3028,#3029);
#3031=IFCDIRECTION((0.,0.,-1.));
#3032=IFCEXTRUDEDAREASOLID(#3026,#3030,#3031,0.02500000037252903);
#3033=IFCCARTESIANPOINTLIST2D(((0.,0.),(0.74838398396968842,0.),(0.74838398396968842,0.10000000149011612),(0.,0.10000000149011612)));
#3034=IFCINDEXEDPOLYCURVE(#3033,(IFCLINEINDEX((1,2,3,4,1))),$);
#3035=IFCARBITRARYCLOSEDPROFILEDEF(.AREA.,$,#3034);
#3036=IFCCARTESIANPOINT((0.075807996094226837,0.,0.));
#3037=IFCDIRECTION((0.,0.,1.));
#3038=IFCDIRECTION((1.,0.,0.));
#3039=IFCAXIS2PLACEMENT3D(#3036,#3037,#3038);
#3040=IFCDIRECTION((0.,0.,1.));
#3041=IFCEXTRUDEDAREASOLID(#3035,#3039,#3040,0.02500000037252903);
#3042=IFCCARTESIANPOINTLIST2D(((0.,0.),(0.,2.),(0.89999997615814209,2.),(0.89999997615814209,0.),(0.82499997317790985,0.),(0.82499997317790985,1.9249999970197678),(0.075000002980232239,1.9249999970197678),(0.075000002980232239,0.)));
#3043=IFCINDEXEDPOLYCURVE(#3042,(IFCLINEINDEX((1,2,3,4,5,6,7,8,1))),$);
#3044=IFCARBITRARYCLOSEDPROFILEDEF(.AREA.,$,#3043);
#3045=IFCCARTESIANPOINT((0.,-0.0010000000474974513,0.));
#3046=IFCDIRECTION((0.,-1.,0.));
#3047=IFCDIRECTION((1.,0.,0.));
#3048=IFCAXIS2PLACEMENT3D(#3045,#3046,#3047);
#3049=IFCDIRECTION((0.,0.,-1.));
#3050=IFCEXTRUDEDAREASOLID(#3044,#3048,#3049,0.0010000000474974513);
#3051=IFCCARTESIANPOINTLIST2D(((0.,0.),(0.,2.),(0.89999997615814209,2.),(0.89999997615814209,0.),(0.87580796889960766,0.),(0.87580796889960766,1.9758079927414656),(0.024192007258534431,1.9758079927414656),(0.024192007258534431,0.)));
#3052=IFCINDEXEDPOLYCURVE(#3051,(IFCLINEINDEX((1,2,3,4,5,6,7,8,1))),$);
#3053=IFCARBITRARYCLOSEDPROFILEDEF(.AREA.,$,#3052);
#3054=IFCCARTESIANPOINT((0.,0.040000006556510925,0.));
#3055=IFCDIRECTION((0.,-1.,0.));
#3056=IFCDIRECTION((1.,0.,0.));
#3057=IFCAXIS2PLACEMENT3D(#3054,#3055,#3056);
#3058=IFCDIRECTION((0.,0.,-1.));
#3059=IFCEXTRUDEDAREASOLID(#3053,#3057,#3058,0.0010000000474974513);
#3060=IFCCARTESIANPOINTLIST2D(((0.,0.),(0.84999997541308403,0.),(0.84999997541308403,0.035000000149011612),(0.,0.035000000149011612)));
#3061=IFCINDEXEDPOLYCURVE(#3060,(IFCLINEINDEX((1,2,3,4,1))),$);
#3062=IFCARBITRARYCLOSEDPROFILEDEF(.AREA.,$,#3061);
#3063=IFCCARTESIANPOINT((0.02500000037252903,0.02500000037252903,0.02500000037252903));
#3064=IFCDIRECTION((0.,0.,1.));
#3065=IFCDIRECTION((1.,0.,0.));
#3066=IFCAXIS2PLACEMENT3D(#3063,#3064,#3065);
#3067=IFCDIRECTION((0.,0.,1.));
#3068=IFCEXTRUDEDAREASOLID(#3062,#3066,#3067,1.9499999992549419);
#3069=IFCCARTESIANPOINTLIST2D(((0.,0.),(0.,-0.040000000000000001),(0.12,-0.040000000000000001),(0.12,-0.02),(0.02,-0.02),(0.02,0.)));
#3070=IFCINDEXEDPOLYCURVE(#3069,(IFCLINEINDEX((1,2,3,4,5,6,1))),$);
#3071=IFCARBITRARYCLOSEDPROFILEDEF(.AREA.,$,#3070);
#3072=IFCCARTESIANPOINT((0.075000000372529033,0.02500000037252903,1.015000000372529));
#3073=IFCDIRECTION((0.,0.,1.));
#3074=IFCDIRECTION((1.,0.,0.));
#3075=IFCAXIS2PLACEMENT3D(#3072,#3073,#3074);
#3076=IFCDIRECTION((0.,0.,1.));
#3077=IFCEXTRUDEDAREASOLID(#3071,#3075,#3076,0.02);
#3078=IFCEXTRUDEDAREASOLID(#3079,#3082,#3086,0.02);
#3079=IFCARBITRARYCLOSEDPROFILEDEF(.AREA.,$,#3080);
#3080=IFCINDEXEDPOLYCURVE(#3081,(IFCLINEINDEX((1,2,3,4,5,6,1))),$);
#3081=IFCCARTESIANPOINTLIST2D(((0.,0.),(0.,0.040000000000000008),(0.11999999999999998,0.040000000000000008),(0.11999999999999998,0.020000000000000004),(0.020000000000000004,0.020000000000000004),(0.020000000000000004,0.)));
#3082=IFCAXIS2PLACEMENT3D(#3083,#3084,#3085);
#3083=IFCCARTESIANPOINT((0.075000000372529033,0.060000000521540642,1.015000000372529));
#3084=IFCDIRECTION((0.,0.,1.));
#3085=IFCDIRECTION((1.,0.,0.));
#3086=IFCDIRECTION((0.,0.,1.));
#3130=IFCCARTESIANPOINTLIST2D(((0.,0.),(0.,2.),(0.89999997615814209,2.),(0.89999997615814209,0.),(0.87499997578561306,0.),(0.87499997578561306,1.974999999627471),(0.02500000037252903,1.974999999627471),(0.02500000037252903,0.)));
#3131=IFCINDEXEDPOLYCURVE(#3130,(IFCLINEINDEX((1,2,3,4,5,6,7,8,1))),$);
#3132=IFCARBITRARYCLOSEDPROFILEDEF(.AREA.,$,#3131);
#3133=IFCCARTESIANPOINT((0.,0.02500000037252903,0.));
#3134=IFCDIRECTION((0.,-1.,0.));
#3135=IFCDIRECTION((1.,0.,0.));
#3136=IFCAXIS2PLACEMENT3D(#3133,#3134,#3135);
#3137=IFCDIRECTION((0.,0.,-1.));
#3138=IFCEXTRUDEDAREASOLID(#3132,#3136,#3137,0.02500000037252903);
#3139=IFCCARTESIANPOINTLIST2D(((0.,0.),(0.,2.),(0.89999997615814209,2.),(0.89999997615814209,0.),(0.84419197589159012,0.),(0.84419197589159012,1.944191999733448),(0.055808000266551971,1.944191999733448),(0.055808000266551971,0.)));
#3140=IFCINDEXEDPOLYCURVE(#3139,(IFCLINEINDEX((1,2,3,4,5,6,7,8,1))),$);
#3141=IFCARBITRARYCLOSEDPROFILEDEF(.AREA.,$,#3140);
#3142=IFCCARTESIANPOINT((0.,0.,0.));
#3143=IFCDIRECTION((0.,-1.,0.));
#3144=IFCDIRECTION((1.,0.,0.));
#3145=IFCAXIS2PLACEMENT3D(#3142,#3143,#3144);
#3146=IFCDIRECTION((0.,0.,-1.));
#3147=IFCEXTRUDEDAREASOLID(#3141,#3145,#3146,0.02500000037252903);
#3148=IFCCARTESIANPOINTLIST2D(((0.,0.),(0.78838397562503815,0.),(0.78838397562503815,0.10000000149011612),(0.,0.10000000149011612)));
#3149=IFCINDEXEDPOLYCURVE(#3148,(IFCLINEINDEX((1,2,3,4,1))),$);
#3150=IFCARBITRARYCLOSEDPROFILEDEF(.AREA.,$,#3149);
#3151=IFCCARTESIANPOINT((0.055808000266551971,0.,0.));
#3152=IFCDIRECTION((0.,0.,1.));
#3153=IFCDIRECTION((1.,0.,0.));
#3154=IFCAXIS2PLACEMENT3D(#3151,#3152,#3153);
#3155=IFCDIRECTION((0.,0.,1.));
#3156=IFCEXTRUDEDAREASOLID(#3150,#3154,#3155,0.02500000037252903);
#3157=IFCCARTESIANPOINTLIST2D(((0.,0.),(0.,2.0391919985413551),(0.97838397324085236,2.0391919985413551),(0.97838397324085236,0.),(0.88338397443294525,0.),(0.88338397443294525,1.944191999733448),(0.094999998807907104,1.944191999733448),(0.094999998807907104,0.)));
#3158=IFCINDEXEDPOLYCURVE(#3157,(IFCLINEINDEX((1,2,3,4,5,6,7,8,1))),$);
#3159=IFCARBITRARYCLOSEDPROFILEDEF(.AREA.,$,#3158);
#3160=IFCCARTESIANPOINT((-0.039191998541355133,-0.014999999664723873,0.));
#3161=IFCDIRECTION((0.,-1.,0.));
#3162=IFCDIRECTION((1.,0.,0.));
#3163=IFCAXIS2PLACEMENT3D(#3160,#3161,#3162);
#3164=IFCDIRECTION((0.,0.,-1.));
#3165=IFCEXTRUDEDAREASOLID(#3159,#3163,#3164,0.014999999664723873);
#3166=IFCCARTESIANPOINTLIST2D(((0.,0.),(0.,2.0391919985413551),(0.97838397324085236,2.0391919985413551),(0.97838397324085236,0.),(0.91419197432696819,0.),(0.91419197432696819,1.974999999627471),(0.064191998913884163,1.974999999627471),(0.064191998913884163,0.)));
#3167=IFCINDEXEDPOLYCURVE(#3166,(IFCLINEINDEX((1,2,3,4,5,6,7,8,1))),$);
#3168=IFCARBITRARYCLOSEDPROFILEDEF(.AREA.,$,#3167);
#3169=IFCCARTESIANPOINT((-0.039191998541355133,0.05000000074505806,0.));
#3170=IFCDIRECTION((0.,-1.,0.));
#3171=IFCDIRECTION((1.,0.,0.));
#3172=IFCAXIS2PLACEMENT3D(#3169,#3170,#3171);
#3173=IFCDIRECTION((0.,0.,-1.));
#3174=IFCEXTRUDEDAREASOLID(#3168,#3172,#3173,0.014999999664723873);
#3175=IFCCARTESIANPOINTLIST2D(((0.,0.),(0.84999997541308403,0.),(0.84999997541308403,0.035000000149011612),(0.,0.035000000149011612)));
#3176=IFCINDEXEDPOLYCURVE(#3175,(IFCLINEINDEX((1,2,3,4,1))),$);
#3177=IFCARBITRARYCLOSEDPROFILEDEF(.AREA.,$,#3176);
#3178=IFCCARTESIANPOINT((0.02500000037252903,0.02500000037252903,0.02500000037252903));
#3179=IFCDIRECTION((0.,0.,1.));
#3180=IFCDIRECTION((1.,0.,0.));
#3181=IFCAXIS2PLACEMENT3D(#3178,#3179,#3180);
#3182=IFCDIRECTION((0.,0.,1.));
#3183=IFCEXTRUDEDAREASOLID(#3177,#3181,#3182,1.9499999992549419);
#3184=IFCCARTESIANPOINTLIST2D(((0.,0.),(0.,-0.040000000000000001),(-0.11999999999999988,-0.040000000000000001),(-0.11999999999999988,-0.02),(-0.020000000000000018,-0.02),(-0.020000000000000018,0.)));
#3185=IFCINDEXEDPOLYCURVE(#3184,(IFCLINEINDEX((1,2,3,4,5,6,1))),$);
#3186=IFCARBITRARYCLOSEDPROFILEDEF(.AREA.,$,#3185);
#3187=IFCCARTESIANPOINT((0.82499997578561302,0.02500000037252903,1.015000000372529));
#3188=IFCDIRECTION((0.,0.,1.));
#3189=IFCDIRECTION((1.,0.,0.));
#3190=IFCAXIS2PLACEMENT3D(#3187,#3188,#3189);
#3191=IFCDIRECTION((0.,0.,1.));
#3192=IFCEXTRUDEDAREASOLID(#3186,#3190,#3191,0.02);
#3193=IFCEXTRUDEDAREASOLID(#3194,#3197,#3201,0.02);
#3194=IFCARBITRARYCLOSEDPROFILEDEF(.AREA.,$,#3195);
#3195=IFCINDEXEDPOLYCURVE(#3196,(IFCLINEINDEX((1,2,3,4,5,6,1))),$);
#3196=IFCCARTESIANPOINTLIST2D(((0.,0.),(0.,0.040000000000000008),(-0.11999999999999988,0.040000000000000008),(-0.11999999999999988,0.020000000000000004),(-0.020000000000000018,0.020000000000000004),(-0.020000000000000018,0.)));
#3197=IFCAXIS2PLACEMENT3D(#3198,#3199,#3200);
#3198=IFCCARTESIANPOINT((0.82499997578561302,0.060000000521540642,1.015000000372529));
#3199=IFCDIRECTION((0.,0.,1.));
#3200=IFCDIRECTION((1.,0.,0.));
#3201=IFCDIRECTION((0.,0.,1.));
#3242=IFCDOORTYPE('19$ZUpH9H9fgkHaABrrldL',$,'Bathroom-GF',$,$,(#3243),(#3245,#3253,#3331),$,$,.DOOR.,.SINGLE_SWING_LEFT.,$,$);
#3243=IFCPROPERTYSET('3fa5My1nrAfwXG89pE74CC',$,'BBIM_Door',$,(#3244));
#3244=IFCPROPERTYSINGLEVALUE('Data',$,IFCTEXT('{"door_type": "SINGLE_SWING_LEFT", "overall_height": 2.0, "overall_width": 0.7521060705184937, "lining_properties": {"lining_depth": 0.040000006556510925, "lining_thickness": 0.07580799609422684, "lining_offset": 0.0, "lining_to_panel_offset_x": 0.02500000037252903, "lining_to_panel_offset_y": 0.02500000037252903, "transom_thickness": 0.0, "casing_thickness": 0.07500000298023224, "casing_depth": 0.0010000000474974513, "threshold_thickness": 0.02500000037252903, "threshold_depth": 0.10000000149011612, "threshold_offset": 0.0}, "panel_properties": {"panel_depth": 0.03500000014901161, "panel_width_ratio": 1.0}}'),$);
#3245=IFCREPRESENTATIONMAP(#3246,#4568);
#3246=IFCAXIS2PLACEMENT3D(#3247,#3248,#3249);
#3247=IFCCARTESIANPOINT((0.,0.,0.));
#3248=IFCDIRECTION((0.,0.,1.));
#3249=IFCDIRECTION((1.,0.,0.));
#3253=IFCREPRESENTATIONMAP(#3254,#4641);
#3254=IFCAXIS2PLACEMENT3D(#3255,#3256,#3257);
#3255=IFCCARTESIANPOINT((0.,0.,0.));
#3256=IFCDIRECTION((0.,0.,1.));
#3257=IFCDIRECTION((1.,0.,0.));
#3331=IFCREPRESENTATIONMAP(#3332,#4655);
#3332=IFCAXIS2PLACEMENT3D(#3333,#3334,#3335);
#3333=IFCCARTESIANPOINT((0.,0.,0.));
#3334=IFCDIRECTION((0.,0.,1.));
#3335=IFCDIRECTION((1.,0.,0.));
#3350=IFCDOOR('2KhEjm_PT1hx8ZpuNHV7dS',$,'Door',$,$,#4680,#3359,$,2.,0.75210607051849365,$,.SINGLE_SWING_LEFT.,$);
#3351=IFCRELDEFINESBYTYPE('0YCsOnmPv4tex6aJxJpujE',$,$,$,(#3350),#3242);
#3352=IFCCARTESIANPOINT((0.,0.,0.));
#3353=IFCDIRECTION((1.,0.,0.));
#3354=IFCDIRECTION((0.,1.,0.));
#3355=IFCDIRECTION((0.,0.,1.));
#3356=IFCCARTESIANTRANSFORMATIONOPERATOR3D(#3353,#3354,#3352,1.,#3355);
#3357=IFCMAPPEDITEM(#3245,#3356);
#3358=IFCSHAPEREPRESENTATION(#18,'Profile','MappedRepresentation',(#3357));
#3359=IFCPRODUCTDEFINITIONSHAPE($,$,(#3358,#3366,#3373));
#3360=IFCCARTESIANPOINT((0.,0.,0.));
#3361=IFCDIRECTION((1.,0.,0.));
#3362=IFCDIRECTION((0.,1.,0.));
#3363=IFCDIRECTION((0.,0.,1.));
#3364=IFCCARTESIANTRANSFORMATIONOPERATOR3D(#3361,#3362,#3360,1.,#3363);
#3365=IFCMAPPEDITEM(#3253,#3364);
#3366=IFCSHAPEREPRESENTATION(#11,'Body','MappedRepresentation',(#3365));
#3367=IFCCARTESIANPOINT((0.,0.,0.));
#3368=IFCDIRECTION((1.,0.,0.));
#3369=IFCDIRECTION((0.,1.,0.));
#3370=IFCDIRECTION((0.,0.,1.));
#3371=IFCCARTESIANTRANSFORMATIONOPERATOR3D(#3368,#3369,#3367,1.,#3370);
#3372=IFCMAPPEDITEM(#3331,#3371);
#3373=IFCSHAPEREPRESENTATION(#24,'Body','MappedRepresentation',(#3372));
#3374=IFCOPENINGELEMENT('1XtmBCk2b8qRAsnUZSA0O_',$,'Opening',$,$,#4675,#3402,$,.OPENING.);
#3390=IFCCARTESIANPOINT((0.,0.,0.));
#3391=IFCDIRECTION((1.,0.,0.));
#3392=IFCDIRECTION((0.,0.,1.));
#3393=IFCAXIS2PLACEMENT3D(#3390,#3392,#3391);
#3394=IFCREPRESENTATIONMAP(#3393,#4665);
#3395=IFCCARTESIANPOINT((0.,0.,0.));
#3396=IFCDIRECTION((1.,0.,0.));
#3397=IFCDIRECTION((0.,1.,0.));
#3398=IFCDIRECTION((0.,0.,1.));
#3399=IFCCARTESIANTRANSFORMATIONOPERATOR3D(#3396,#3397,#3395,1.,#3398);
#3400=IFCMAPPEDITEM(#3394,#3399);
#3401=IFCSHAPEREPRESENTATION(#11,'Body','MappedRepresentation',(#3400));
#3402=IFCPRODUCTDEFINITIONSHAPE($,$,(#3401));
#3403=IFCRELVOIDSELEMENT('3zu8FY_yX51Ao40oMhcpzl',$,$,$,#1040,#3374);
#3409=IFCRELFILLSELEMENT('2jjjb6UkP26PTwK2eZAOxZ',$,$,$,#3374,#3350);
#3418=IFCCARTESIANPOINTLIST2D(((0.,0.),(0.,2.),(0.89999997615814209,2.),(0.89999997615814209,0.),(0.87499997578561306,0.),(0.87499997578561306,1.974999999627471),(0.02500000037252903,1.974999999627471),(0.02500000037252903,0.)));
#3419=IFCINDEXEDPOLYCURVE(#3418,(IFCLINEINDEX((1,2,3,4,5,6,7,8,1))),$);
#3420=IFCARBITRARYCLOSEDPROFILEDEF(.AREA.,$,#3419);
#3421=IFCCARTESIANPOINT((0.,0.02500000037252903,0.));
#3422=IFCDIRECTION((0.,-1.,0.));
#3423=IFCDIRECTION((1.,0.,0.));
#3424=IFCAXIS2PLACEMENT3D(#3421,#3422,#3423);
#3425=IFCDIRECTION((0.,0.,-1.));
#3426=IFCEXTRUDEDAREASOLID(#3420,#3424,#3425,0.015000006183981895);
#3427=IFCCARTESIANPOINTLIST2D(((0.,0.),(0.,2.),(0.89999997615814209,2.),(0.89999997615814209,0.),(0.82419198006391525,0.),(0.82419198006391525,1.9241920039057732),(0.075807996094226837,1.9241920039057732),(0.075807996094226837,0.)));
#3428=IFCINDEXEDPOLYCURVE(#3427,(IFCLINEINDEX((1,2,3,4,5,6,7,8,1))),$);
#3429=IFCARBITRARYCLOSEDPROFILEDEF(.AREA.,$,#3428);
#3430=IFCCARTESIANPOINT((0.,0.,0.));
#3431=IFCDIRECTION((0.,-1.,0.));
#3432=IFCDIRECTION((1.,0.,0.));
#3433=IFCAXIS2PLACEMENT3D(#3430,#3431,#3432);
#3434=IFCDIRECTION((0.,0.,-1.));
#3435=IFCEXTRUDEDAREASOLID(#3429,#3433,#3434,0.02500000037252903);
#3436=IFCCARTESIANPOINTLIST2D(((0.,0.),(0.74838398396968842,0.),(0.74838398396968842,0.10000000149011612),(0.,0.10000000149011612)));
#3437=IFCINDEXEDPOLYCURVE(#3436,(IFCLINEINDEX((1,2,3,4,1))),$);
#3438=IFCARBITRARYCLOSEDPROFILEDEF(.AREA.,$,#3437);
#3439=IFCCARTESIANPOINT((0.075807996094226837,0.,0.));
#3440=IFCDIRECTION((0.,0.,1.));
#3441=IFCDIRECTION((1.,0.,0.));
#3442=IFCAXIS2PLACEMENT3D(#3439,#3440,#3441);
#3443=IFCDIRECTION((0.,0.,1.));
#3444=IFCEXTRUDEDAREASOLID(#3438,#3442,#3443,0.02500000037252903);
#3445=IFCCARTESIANPOINTLIST2D(((0.,0.),(0.,2.),(0.89999997615814209,2.),(0.89999997615814209,0.),(0.82499997317790985,0.),(0.82499997317790985,1.9249999970197678),(0.075000002980232239,1.9249999970197678),(0.075000002980232239,0.)));
#3446=IFCINDEXEDPOLYCURVE(#3445,(IFCLINEINDEX((1,2,3,4,5,6,7,8,1))),$);
#3447=IFCARBITRARYCLOSEDPROFILEDEF(.AREA.,$,#3446);
#3448=IFCCARTESIANPOINT((0.,-0.0010000000474974513,0.));
#3449=IFCDIRECTION((0.,-1.,0.));
#3450=IFCDIRECTION((1.,0.,0.));
#3451=IFCAXIS2PLACEMENT3D(#3448,#3449,#3450);
#3452=IFCDIRECTION((0.,0.,-1.));
#3453=IFCEXTRUDEDAREASOLID(#3447,#3451,#3452,0.0010000000474974513);
#3454=IFCCARTESIANPOINTLIST2D(((0.,0.),(0.,2.),(0.89999997615814209,2.),(0.89999997615814209,0.),(0.87580796889960766,0.),(0.87580796889960766,1.9758079927414656),(0.024192007258534431,1.9758079927414656),(0.024192007258534431,0.)));
#3455=IFCINDEXEDPOLYCURVE(#3454,(IFCLINEINDEX((1,2,3,4,5,6,7,8,1))),$);
#3456=IFCARBITRARYCLOSEDPROFILEDEF(.AREA.,$,#3455);
#3457=IFCCARTESIANPOINT((0.,0.040000006556510925,0.));
#3458=IFCDIRECTION((0.,-1.,0.));
#3459=IFCDIRECTION((1.,0.,0.));
#3460=IFCAXIS2PLACEMENT3D(#3457,#3458,#3459);
#3461=IFCDIRECTION((0.,0.,-1.));
#3462=IFCEXTRUDEDAREASOLID(#3456,#3460,#3461,0.0010000000474974513);
#3463=IFCCARTESIANPOINTLIST2D(((0.,0.),(0.84999997541308403,0.),(0.84999997541308403,0.035000000149011612),(0.,0.035000000149011612)));
#3464=IFCINDEXEDPOLYCURVE(#3463,(IFCLINEINDEX((1,2,3,4,1))),$);
#3465=IFCARBITRARYCLOSEDPROFILEDEF(.AREA.,$,#3464);
#3466=IFCCARTESIANPOINT((0.02500000037252903,0.02500000037252903,0.02500000037252903));
#3467=IFCDIRECTION((0.,0.,1.));
#3468=IFCDIRECTION((1.,0.,0.));
#3469=IFCAXIS2PLACEMENT3D(#3466,#3467,#3468);
#3470=IFCDIRECTION((0.,0.,1.));
#3471=IFCEXTRUDEDAREASOLID(#3465,#3469,#3470,1.9499999992549419);
#3472=IFCCARTESIANPOINTLIST2D(((0.,0.),(0.,-0.040000000000000001),(0.12,-0.040000000000000001),(0.12,-0.02),(0.02,-0.02),(0.02,0.)));
#3473=IFCINDEXEDPOLYCURVE(#3472,(IFCLINEINDEX((1,2,3,4,5,6,1))),$);
#3474=IFCARBITRARYCLOSEDPROFILEDEF(.AREA.,$,#3473);
#3475=IFCCARTESIANPOINT((0.075000000372529033,0.02500000037252903,1.015000000372529));
#3476=IFCDIRECTION((0.,0.,1.));
#3477=IFCDIRECTION((1.,0.,0.));
#3478=IFCAXIS2PLACEMENT3D(#3475,#3476,#3477);
#3479=IFCDIRECTION((0.,0.,1.));
#3480=IFCEXTRUDEDAREASOLID(#3474,#3478,#3479,0.02);
#3481=IFCEXTRUDEDAREASOLID(#3482,#3485,#3489,0.02);
#3482=IFCARBITRARYCLOSEDPROFILEDEF(.AREA.,$,#3483);
#3483=IFCINDEXEDPOLYCURVE(#3484,(IFCLINEINDEX((1,2,3,4,5,6,1))),$);
#3484=IFCCARTESIANPOINTLIST2D(((0.,0.),(0.,0.040000000000000008),(0.11999999999999998,0.040000000000000008),(0.11999999999999998,0.020000000000000004),(0.020000000000000004,0.020000000000000004),(0.020000000000000004,0.)));
#3485=IFCAXIS2PLACEMENT3D(#3486,#3487,#3488);
#3486=IFCCARTESIANPOINT((0.075000000372529033,0.060000000521540642,1.015000000372529));
#3487=IFCDIRECTION((0.,0.,1.));
#3488=IFCDIRECTION((1.,0.,0.));
#3489=IFCDIRECTION((0.,0.,1.));
#3491=IFCSHAPEREPRESENTATION(#11,'Body','SweptSolid',(#3435,#4586,#3572,#3426,#3563,#4613,#3545,#4604,#3462,#4595,#3444,#4577,#3453,#3581,#3554));
#3492=IFCSHAPEASPECT((#3491),'Lining',$,.T.,#3359);
#3493=IFCSHAPEREPRESENTATION(#11,'Body','SweptSolid',(#3599,#3480,#3471,#4632,#4631,#3600,#3481,#3590,#4622));
#3494=IFCSHAPEASPECT((#3493),'Framing',$,.T.,#3359);
#3537=IFCCARTESIANPOINTLIST2D(((0.,0.),(0.,2.),(0.75210607051849365,2.),(0.75210607051849365,0.),(0.72710607014596462,0.),(0.72710607014596462,1.974999999627471),(0.02500000037252903,1.974999999627471),(0.02500000037252903,0.)));
#3538=IFCINDEXEDPOLYCURVE(#3537,(IFCLINEINDEX((1,2,3,4,5,6,7,8,1))),$);
#3539=IFCARBITRARYCLOSEDPROFILEDEF(.AREA.,$,#3538);
#3540=IFCCARTESIANPOINT((0.,0.02500000037252903,0.));
#3541=IFCDIRECTION((0.,-1.,0.));
#3542=IFCDIRECTION((1.,0.,0.));
#3543=IFCAXIS2PLACEMENT3D(#3540,#3541,#3542);
#3544=IFCDIRECTION((0.,0.,-1.));
#3545=IFCEXTRUDEDAREASOLID(#3539,#3543,#3544,0.015000006183981895);
#3546=IFCCARTESIANPOINTLIST2D(((0.,0.),(0.,2.),(0.75210607051849365,2.),(0.75210607051849365,0.),(0.67629807442426682,0.),(0.67629807442426682,1.9241920039057732),(0.075807996094226837,1.9241920039057732),(0.075807996094226837,0.)));
#3547=IFCINDEXEDPOLYCURVE(#3546,(IFCLINEINDEX((1,2,3,4,5,6,7,8,1))),$);
#3548=IFCARBITRARYCLOSEDPROFILEDEF(.AREA.,$,#3547);
#3549=IFCCARTESIANPOINT((0.,0.,0.));
#3550=IFCDIRECTION((0.,-1.,0.));
#3551=IFCDIRECTION((1.,0.,0.));
#3552=IFCAXIS2PLACEMENT3D(#3549,#3550,#3551);
#3553=IFCDIRECTION((0.,0.,-1.));
#3554=IFCEXTRUDEDAREASOLID(#3548,#3552,#3553,0.02500000037252903);
#3555=IFCCARTESIANPOINTLIST2D(((0.,0.),(0.60049007833003998,0.),(0.60049007833003998,0.10000000149011612),(0.,0.10000000149011612)));
#3556=IFCINDEXEDPOLYCURVE(#3555,(IFCLINEINDEX((1,2,3,4,1))),$);
#3557=IFCARBITRARYCLOSEDPROFILEDEF(.AREA.,$,#3556);
#3558=IFCCARTESIANPOINT((0.075807996094226837,0.,0.));
#3559=IFCDIRECTION((0.,0.,1.));
#3560=IFCDIRECTION((1.,0.,0.));
#3561=IFCAXIS2PLACEMENT3D(#3558,#3559,#3560);
#3562=IFCDIRECTION((0.,0.,1.));
#3563=IFCEXTRUDEDAREASOLID(#3557,#3561,#3562,0.02500000037252903);
#3564=IFCCARTESIANPOINTLIST2D(((0.,0.),(0.,2.),(0.75210607051849365,2.),(0.75210607051849365,0.),(0.67710606753826141,0.),(0.67710606753826141,1.9249999970197678),(0.075000002980232239,1.9249999970197678),(0.075000002980232239,0.)));
#3565=IFCINDEXEDPOLYCURVE(#3564,(IFCLINEINDEX((1,2,3,4,5,6,7,8,1))),$);
#3566=IFCARBITRARYCLOSEDPROFILEDEF(.AREA.,$,#3565);
#3567=IFCCARTESIANPOINT((0.,-0.0010000000474974513,0.));
#3568=IFCDIRECTION((0.,-1.,0.));
#3569=IFCDIRECTION((1.,0.,0.));
#3570=IFCAXIS2PLACEMENT3D(#3567,#3568,#3569);
#3571=IFCDIRECTION((0.,0.,-1.));
#3572=IFCEXTRUDEDAREASOLID(#3566,#3570,#3571,0.0010000000474974513);
#3573=IFCCARTESIANPOINTLIST2D(((0.,0.),(0.,2.),(0.75210607051849365,2.),(0.75210607051849365,0.),(0.72791406325995922,0.),(0.72791406325995922,1.9758079927414656),(0.024192007258534431,1.9758079927414656),(0.024192007258534431,0.)));
#3574=IFCINDEXEDPOLYCURVE(#3573,(IFCLINEINDEX((1,2,3,4,5,6,7,8,1))),$);
#3575=IFCARBITRARYCLOSEDPROFILEDEF(.AREA.,$,#3574);
#3576=IFCCARTESIANPOINT((0.,0.040000006556510925,0.));
#3577=IFCDIRECTION((0.,-1.,0.));
#3578=IFCDIRECTION((1.,0.,0.));
#3579=IFCAXIS2PLACEMENT3D(#3576,#3577,#3578);
#3580=IFCDIRECTION((0.,0.,-1.));
#3581=IFCEXTRUDEDAREASOLID(#3575,#3579,#3580,0.0010000000474974513);
#3582=IFCCARTESIANPOINTLIST2D(((0.,0.),(0.70210606977343559,0.),(0.70210606977343559,0.035000000149011612),(0.,0.035000000149011612)));
#3583=IFCINDEXEDPOLYCURVE(#3582,(IFCLINEINDEX((1,2,3,4,1))),$);
#3584=IFCARBITRARYCLOSEDPROFILEDEF(.AREA.,$,#3583);
#3585=IFCCARTESIANPOINT((0.02500000037252903,0.02500000037252903,0.02500000037252903));
#3586=IFCDIRECTION((0.,0.,1.));
#3587=IFCDIRECTION((1.,0.,0.));
#3588=IFCAXIS2PLACEMENT3D(#3585,#3586,#3587);
#3589=IFCDIRECTION((0.,0.,1.));
#3590=IFCEXTRUDEDAREASOLID(#3584,#3588,#3589,1.9499999992549419);
#3591=IFCCARTESIANPOINTLIST2D(((0.,0.),(0.,-0.040000000000000001),(0.12,-0.040000000000000001),(0.12,-0.02),(0.02,-0.02),(0.02,0.)));
#3592=IFCINDEXEDPOLYCURVE(#3591,(IFCLINEINDEX((1,2,3,4,5,6,1))),$);
#3593=IFCARBITRARYCLOSEDPROFILEDEF(.AREA.,$,#3592);
#3594=IFCCARTESIANPOINT((0.075000000372529033,0.02500000037252903,1.015000000372529));
#3595=IFCDIRECTION((0.,0.,1.));
#3596=IFCDIRECTION((1.,0.,0.));
#3597=IFCAXIS2PLACEMENT3D(#3594,#3595,#3596);
#3598=IFCDIRECTION((0.,0.,1.));
#3599=IFCEXTRUDEDAREASOLID(#3593,#3597,#3598,0.02);
#3600=IFCEXTRUDEDAREASOLID(#3601,#3604,#3608,0.02);
#3601=IFCARBITRARYCLOSEDPROFILEDEF(.AREA.,$,#3602);
#3602=IFCINDEXEDPOLYCURVE(#3603,(IFCLINEINDEX((1,2,3,4,5,6,1))),$);
#3603=IFCCARTESIANPOINTLIST2D(((0.,0.),(0.,0.040000000000000008),(0.11999999999999998,0.040000000000000008),(0.11999999999999998,0.020000000000000004),(0.020000000000000004,0.020000000000000004),(0.020000000000000004,0.)));
#3604=IFCAXIS2PLACEMENT3D(#3605,#3606,#3607);
#3605=IFCCARTESIANPOINT((0.075000000372529033,0.060000000521540642,1.015000000372529));
#3606=IFCDIRECTION((0.,0.,1.));
#3607=IFCDIRECTION((1.,0.,0.));
#3608=IFCDIRECTION((0.,0.,1.));
#3649=IFCDOORTYPE('2NxFPsn$rE9OK4JZR1$$fU',$,'Maids-GF',$,$,(#3650),(#3652,#3660,#3738,#4221),$,$,.DOOR.,.SINGLE_SWING_LEFT.,$,$);
#3650=IFCPROPERTYSET('1F$IR7c0r8deoVZwFopDuv',$,'BBIM_Door',$,(#3651));
#3651=IFCPROPERTYSINGLEVALUE('Data',$,IFCTEXT('{"door_type": "SLIDING_TO_RIGHT", "overall_height": 2.0, "overall_width": 1.3738921880722046, "lining_properties": {"lining_depth": 0.040000006556510925, "lining_thickness": 0.07580799609422684, "lining_offset": 0.0, "transom_thickness": 0.0, "casing_thickness": 0.07500000298023224, "casing_depth": 0.0010000000474974513, "threshold_thickness": 0.02500000037252903, "threshold_depth": 0.10000000149011612, "threshold_offset": 0.0}, "panel_properties": {"panel_depth": 0.03500000014901161, "panel_width_ratio": 1.0}}'),$);
#3652=IFCREPRESENTATIONMAP(#3653,#4464);
#3653=IFCAXIS2PLACEMENT3D(#3654,#3655,#3656);
#3654=IFCCARTESIANPOINT((0.,0.,0.));
#3655=IFCDIRECTION((0.,0.,1.));
#3656=IFCDIRECTION((1.,0.,0.));
#3660=IFCREPRESENTATIONMAP(#3661,#4528);
#3661=IFCAXIS2PLACEMENT3D(#3662,#3663,#3664);
#3662=IFCCARTESIANPOINT((0.,0.,0.));
#3663=IFCDIRECTION((0.,0.,1.));
#3664=IFCDIRECTION((1.,0.,0.));
#3738=IFCREPRESENTATIONMAP(#3739,#4535);
#3739=IFCAXIS2PLACEMENT3D(#3740,#3741,#3742);
#3740=IFCCARTESIANPOINT((0.,0.,0.));
#3741=IFCDIRECTION((0.,0.,1.));
#3742=IFCDIRECTION((1.,0.,0.));
#3757=IFCCARTESIANPOINTLIST3D(((0.,0.,0.),(0.89999997615814209,0.,0.),(0.89999997615814209,0.,2.),(0.,0.,2.)));
#3758=IFCINDEXEDPOLYCURVE(#3757,(IFCLINEINDEX((1,2,3,4,1))),$);
#3759=IFCSHAPEREPRESENTATION(#18,'Profile','Curve3D',(#3758));
#3760=IFCCARTESIANPOINTLIST2D(((0.,0.),(0.,2.),(0.89999997615814209,2.),(0.89999997615814209,0.),(0.87499997578561306,0.),(0.87499997578561306,1.974999999627471),(0.02500000037252903,1.974999999627471),(0.02500000037252903,0.)));
#3761=IFCINDEXEDPOLYCURVE(#3760,(IFCLINEINDEX((1,2,3,4,5,6,7,8,1))),$);
#3762=IFCARBITRARYCLOSEDPROFILEDEF(.AREA.,$,#3761);
#3763=IFCCARTESIANPOINT((0.,0.02500000037252903,0.));
#3764=IFCDIRECTION((0.,-1.,0.));
#3765=IFCDIRECTION((1.,0.,0.));
#3766=IFCAXIS2PLACEMENT3D(#3763,#3764,#3765);
#3767=IFCDIRECTION((0.,0.,-1.));
#3768=IFCEXTRUDEDAREASOLID(#3762,#3766,#3767,0.015000006183981895);
#3769=IFCCARTESIANPOINTLIST2D(((0.,0.),(0.,2.),(0.89999997615814209,2.),(0.89999997615814209,0.),(0.82419198006391525,0.),(0.82419198006391525,1.9241920039057732),(0.075807996094226837,1.9241920039057732),(0.075807996094226837,0.)));
#3770=IFCINDEXEDPOLYCURVE(#3769,(IFCLINEINDEX((1,2,3,4,5,6,7,8,1))),$);
#3771=IFCARBITRARYCLOSEDPROFILEDEF(.AREA.,$,#3770);
#3772=IFCCARTESIANPOINT((0.,0.,0.));
#3773=IFCDIRECTION((0.,-1.,0.));
#3774=IFCDIRECTION((1.,0.,0.));
#3775=IFCAXIS2PLACEMENT3D(#3772,#3773,#3774);
#3776=IFCDIRECTION((0.,0.,-1.));
#3777=IFCEXTRUDEDAREASOLID(#3771,#3775,#3776,0.02500000037252903);
#3778=IFCCARTESIANPOINTLIST2D(((0.,0.),(0.74838398396968842,0.),(0.74838398396968842,0.10000000149011612),(0.,0.10000000149011612)));
#3779=IFCINDEXEDPOLYCURVE(#3778,(IFCLINEINDEX((1,2,3,4,1))),$);
#3780=IFCARBITRARYCLOSEDPROFILEDEF(.AREA.,$,#3779);
#3781=IFCCARTESIANPOINT((0.075807996094226837,0.,0.));
#3782=IFCDIRECTION((0.,0.,1.));
#3783=IFCDIRECTION((1.,0.,0.));
#3784=IFCAXIS2PLACEMENT3D(#3781,#3782,#3783);
#3785=IFCDIRECTION((0.,0.,1.));
#3786=IFCEXTRUDEDAREASOLID(#3780,#3784,#3785,0.02500000037252903);
#3787=IFCCARTESIANPOINTLIST2D(((0.,0.),(0.,2.),(0.89999997615814209,2.),(0.89999997615814209,0.),(0.82499997317790985,0.),(0.82499997317790985,1.9249999970197678),(0.075000002980232239,1.9249999970197678),(0.075000002980232239,0.)));
#3788=IFCINDEXEDPOLYCURVE(#3787,(IFCLINEINDEX((1,2,3,4,5,6,7,8,1))),$);
#3789=IFCARBITRARYCLOSEDPROFILEDEF(.AREA.,$,#3788);
#3790=IFCCARTESIANPOINT((0.,-0.0010000000474974513,0.));
#3791=IFCDIRECTION((0.,-1.,0.));
#3792=IFCDIRECTION((1.,0.,0.));
#3793=IFCAXIS2PLACEMENT3D(#3790,#3791,#3792);
#3794=IFCDIRECTION((0.,0.,-1.));
#3795=IFCEXTRUDEDAREASOLID(#3789,#3793,#3794,0.0010000000474974513);
#3796=IFCCARTESIANPOINTLIST2D(((0.,0.),(0.,2.),(0.89999997615814209,2.),(0.89999997615814209,0.),(0.87580796889960766,0.),(0.87580796889960766,1.9758079927414656),(0.024192007258534431,1.9758079927414656),(0.024192007258534431,0.)));
#3797=IFCINDEXEDPOLYCURVE(#3796,(IFCLINEINDEX((1,2,3,4,5,6,7,8,1))),$);
#3798=IFCARBITRARYCLOSEDPROFILEDEF(.AREA.,$,#3797);
#3799=IFCCARTESIANPOINT((0.,0.040000006556510925,0.));
#3800=IFCDIRECTION((0.,-1.,0.));
#3801=IFCDIRECTION((1.,0.,0.));
#3802=IFCAXIS2PLACEMENT3D(#3799,#3800,#3801);
#3803=IFCDIRECTION((0.,0.,-1.));
#3804=IFCEXTRUDEDAREASOLID(#3798,#3802,#3803,0.0010000000474974513);
#3805=IFCCARTESIANPOINTLIST2D(((0.,0.),(0.84999997541308403,0.),(0.84999997541308403,0.035000000149011612),(0.,0.035000000149011612)));
#3806=IFCINDEXEDPOLYCURVE(#3805,(IFCLINEINDEX((1,2,3,4,1))),$);
#3807=IFCARBITRARYCLOSEDPROFILEDEF(.AREA.,$,#3806);
#3808=IFCCARTESIANPOINT((0.02500000037252903,0.02500000037252903,0.02500000037252903));
#3809=IFCDIRECTION((0.,0.,1.));
#3810=IFCDIRECTION((1.,0.,0.));
#3811=IFCAXIS2PLACEMENT3D(#3808,#3809,#3810);
#3812=IFCDIRECTION((0.,0.,1.));
#3813=IFCEXTRUDEDAREASOLID(#3807,#3811,#3812,1.9499999992549419);
#3814=IFCCARTESIANPOINTLIST2D(((0.,0.),(0.,-0.040000000000000001),(0.12,-0.040000000000000001),(0.12,-0.02),(0.02,-0.02),(0.02,0.)));
#3815=IFCINDEXEDPOLYCURVE(#3814,(IFCLINEINDEX((1,2,3,4,5,6,1))),$);
#3816=IFCARBITRARYCLOSEDPROFILEDEF(.AREA.,$,#3815);
#3817=IFCCARTESIANPOINT((0.075000000372529033,0.02500000037252903,1.015000000372529));
#3818=IFCDIRECTION((0.,0.,1.));
#3819=IFCDIRECTION((1.,0.,0.));
#3820=IFCAXIS2PLACEMENT3D(#3817,#3818,#3819);
#3821=IFCDIRECTION((0.,0.,1.));
#3822=IFCEXTRUDEDAREASOLID(#3816,#3820,#3821,0.02);
#3823=IFCEXTRUDEDAREASOLID(#3824,#3827,#3831,0.02);
#3824=IFCARBITRARYCLOSEDPROFILEDEF(.AREA.,$,#3825);
#3825=IFCINDEXEDPOLYCURVE(#3826,(IFCLINEINDEX((1,2,3,4,5,6,1))),$);
#3826=IFCCARTESIANPOINTLIST2D(((0.,0.),(0.,0.040000000000000008),(0.11999999999999998,0.040000000000000008),(0.11999999999999998,0.020000000000000004),(0.020000000000000004,0.020000000000000004),(0.020000000000000004,0.)));
#3827=IFCAXIS2PLACEMENT3D(#3828,#3829,#3830);
#3828=IFCCARTESIANPOINT((0.075000000372529033,0.060000000521540642,1.015000000372529));
#3829=IFCDIRECTION((0.,0.,1.));
#3830=IFCDIRECTION((1.,0.,0.));
#3831=IFCDIRECTION((0.,0.,1.));
#3832=IFCSHAPEREPRESENTATION(#11,'Body','SweptSolid',(#3768,#3777,#3813,#3822,#3823,#3786,#3795,#3804));
#3833=IFCCARTESIANPOINTLIST2D(((0.,0.),(0.,0.040000006556510925),(0.02500000037252903,0.040000006556510925),(0.02500000037252903,0.02500000037252903),(0.075807996094226837,0.02500000037252903),(0.075807996094226837,0.)));
#3834=IFCINDEXEDPOLYCURVE(#3833,(IFCLINEINDEX((1,2,3,4,5,6,1))),$);
#3835=IFCINDEXEDPOLYCURVE(#3836,(IFCLINEINDEX((1,2,3,4,5,6,1))),$);
#3836=IFCCARTESIANPOINTLIST2D(((0.89999997615814209,0.),(0.89999997615814209,0.040000006556510925),(0.87499997578561306,0.040000006556510925),(0.87499997578561306,0.02500000037252903),(0.82419198006391525,0.02500000037252903),(0.82419198006391525,0.)));
#3837=IFCDIRECTION((1.,0.));
#3838=IFCCARTESIANPOINT((0.83999997563660145,0.040000006556510925));
#3839=IFCAXIS2PLACEMENT2D(#3838,#3837);
#3840=IFCELLIPSE(#3839,0.81499997526407242,0.84999997541308403);
#3841=IFCCARTESIANPOINT((0.83999997563660145,0.88999998196959496));
#3842=IFCCARTESIANPOINT((0.02500000037252903,0.040000006556510925));
#3843=IFCTRIMMEDCURVE(#3840,(#3841),(#3842),.T.,.CARTESIAN.);
#3844=IFCCARTESIANPOINTLIST2D(((0.87499997578561306,0.040000006556510925),(0.83999997563660145,0.040000006556510925),(0.83999997563660145,0.88999998196959496),(0.87499997578561306,0.88999998196959496)));
#3845=IFCINDEXEDPOLYCURVE(#3844,(IFCLINEINDEX((1,2,3,4,1))),$);
#3846=IFCSHAPEREPRESENTATION(#24,'Body','Curve2D',(#3834,#3835,#3843,#3845));
#3847=IFCCARTESIANPOINTLIST2D(((0.,0.),(0.89999997615814209,0.),(0.89999997615814209,2.),(0.,2.)));
#3848=IFCINDEXEDPOLYCURVE(#3847,(IFCLINEINDEX((1,2,3,4,1))),$);
#3849=IFCARBITRARYCLOSEDPROFILEDEF(.AREA.,$,#3848);
#3850=IFCCARTESIANPOINT((0.,-0.60000002384185791,0.));
#3851=IFCDIRECTION((0.,-1.,0.));
#3852=IFCDIRECTION((1.,0.,0.));
#3853=IFCAXIS2PLACEMENT3D(#3850,#3851,#3852);
#3854=IFCDIRECTION((0.,0.,-1.));
#3855=IFCEXTRUDEDAREASOLID(#3849,#3853,#3854,1.2);
#3856=IFCSHAPEREPRESENTATION(#11,'Body','SweptSolid',(#3855));
#3862=IFCCARTESIANPOINT((1.5590103980212098,-6.1111921245693424E-08,0.));
#3863=IFCDIRECTION((0.,0.,1.));
#3864=IFCDIRECTION((0.99999999999997147,-2.384185719961227E-07,0.));
#3865=IFCAXIS2PLACEMENT3D(#3862,#3863,#3864);
#3866=IFCLOCALPLACEMENT(#851,#3865);
#3867=IFCCARTESIANPOINT((-6.6613381477509392E-16,0.,0.));
#3868=IFCDIRECTION((0.,0.,1.));
#3869=IFCDIRECTION((1.,5.2939559203393771E-23,0.));
#3870=IFCAXIS2PLACEMENT3D(#3867,#3868,#3869);
#3871=IFCLOCALPLACEMENT(#3866,#3870);
#3872=IFCCARTESIANPOINTLIST3D(((0.,0.,0.),(0.89999997615814209,0.,0.),(0.89999997615814209,0.,2.),(0.,0.,2.)));
#3873=IFCINDEXEDPOLYCURVE(#3872,(IFCLINEINDEX((1,2,3,4,1))),$);
#3874=IFCSHAPEREPRESENTATION(#18,'Profile','Curve3D',(#3873));
#3875=IFCCARTESIANPOINTLIST2D(((0.,0.),(0.,2.),(0.89999997615814209,2.),(0.89999997615814209,0.),(0.87499997578561306,0.),(0.87499997578561306,1.974999999627471),(0.02500000037252903,1.974999999627471),(0.02500000037252903,0.)));
#3876=IFCINDEXEDPOLYCURVE(#3875,(IFCLINEINDEX((1,2,3,4,5,6,7,8,1))),$);
#3877=IFCARBITRARYCLOSEDPROFILEDEF(.AREA.,$,#3876);
#3878=IFCCARTESIANPOINT((0.,0.02500000037252903,0.));
#3879=IFCDIRECTION((0.,-1.,0.));
#3880=IFCDIRECTION((1.,0.,0.));
#3881=IFCAXIS2PLACEMENT3D(#3878,#3879,#3880);
#3882=IFCDIRECTION((0.,0.,-1.));
#3883=IFCEXTRUDEDAREASOLID(#3877,#3881,#3882,0.02500000037252903);
#3884=IFCCARTESIANPOINTLIST2D(((0.,0.),(0.,2.),(0.89999997615814209,2.),(0.89999997615814209,0.),(0.84419197589159012,0.),(0.84419197589159012,1.944191999733448),(0.055808000266551971,1.944191999733448),(0.055808000266551971,0.)));
#3885=IFCINDEXEDPOLYCURVE(#3884,(IFCLINEINDEX((1,2,3,4,5,6,7,8,1))),$);
#3886=IFCARBITRARYCLOSEDPROFILEDEF(.AREA.,$,#3885);
#3887=IFCCARTESIANPOINT((0.,0.,0.));
#3888=IFCDIRECTION((0.,-1.,0.));
#3889=IFCDIRECTION((1.,0.,0.));
#3890=IFCAXIS2PLACEMENT3D(#3887,#3888,#3889);
#3891=IFCDIRECTION((0.,0.,-1.));
#3892=IFCEXTRUDEDAREASOLID(#3886,#3890,#3891,0.02500000037252903);
#3893=IFCCARTESIANPOINTLIST2D(((0.,0.),(0.78838397562503815,0.),(0.78838397562503815,0.10000000149011612),(0.,0.10000000149011612)));
#3894=IFCINDEXEDPOLYCURVE(#3893,(IFCLINEINDEX((1,2,3,4,1))),$);
#3895=IFCARBITRARYCLOSEDPROFILEDEF(.AREA.,$,#3894);
#3896=IFCCARTESIANPOINT((0.055808000266551971,0.,0.));
#3897=IFCDIRECTION((0.,0.,1.));
#3898=IFCDIRECTION((1.,0.,0.));
#3899=IFCAXIS2PLACEMENT3D(#3896,#3897,#3898);
#3900=IFCDIRECTION((0.,0.,1.));
#3901=IFCEXTRUDEDAREASOLID(#3895,#3899,#3900,0.02500000037252903);
#3902=IFCCARTESIANPOINTLIST2D(((0.,0.),(0.,2.0391919985413551),(0.97838397324085236,2.0391919985413551),(0.97838397324085236,0.),(0.88338397443294525,0.),(0.88338397443294525,1.944191999733448),(0.094999998807907104,1.944191999733448),(0.094999998807907104,0.)));
#3903=IFCINDEXEDPOLYCURVE(#3902,(IFCLINEINDEX((1,2,3,4,5,6,7,8,1))),$);
#3904=IFCARBITRARYCLOSEDPROFILEDEF(.AREA.,$,#3903);
#3905=IFCCARTESIANPOINT((-0.039191998541355133,-0.014999999664723873,0.));
#3906=IFCDIRECTION((0.,-1.,0.));
#3907=IFCDIRECTION((1.,0.,0.));
#3908=IFCAXIS2PLACEMENT3D(#3905,#3906,#3907);
#3909=IFCDIRECTION((0.,0.,-1.));
#3910=IFCEXTRUDEDAREASOLID(#3904,#3908,#3909,0.014999999664723873);
#3911=IFCCARTESIANPOINTLIST2D(((0.,0.),(0.,2.0391919985413551),(0.97838397324085236,2.0391919985413551),(0.97838397324085236,0.),(0.91419197432696819,0.),(0.91419197432696819,1.974999999627471),(0.064191998913884163,1.974999999627471),(0.064191998913884163,0.)));
#3912=IFCINDEXEDPOLYCURVE(#3911,(IFCLINEINDEX((1,2,3,4,5,6,7,8,1))),$);
#3913=IFCARBITRARYCLOSEDPROFILEDEF(.AREA.,$,#3912);
#3914=IFCCARTESIANPOINT((-0.039191998541355133,0.05000000074505806,0.));
#3915=IFCDIRECTION((0.,-1.,0.));
#3916=IFCDIRECTION((1.,0.,0.));
#3917=IFCAXIS2PLACEMENT3D(#3914,#3915,#3916);
#3918=IFCDIRECTION((0.,0.,-1.));
#3919=IFCEXTRUDEDAREASOLID(#3913,#3917,#3918,0.014999999664723873);
#3920=IFCCARTESIANPOINTLIST2D(((0.,0.),(0.84999997541308403,0.),(0.84999997541308403,0.035000000149011612),(0.,0.035000000149011612)));
#3921=IFCINDEXEDPOLYCURVE(#3920,(IFCLINEINDEX((1,2,3,4,1))),$);
#3922=IFCARBITRARYCLOSEDPROFILEDEF(.AREA.,$,#3921);
#3923=IFCCARTESIANPOINT((0.02500000037252903,0.02500000037252903,0.02500000037252903));
#3924=IFCDIRECTION((0.,0.,1.));
#3925=IFCDIRECTION((1.,0.,0.));
#3926=IFCAXIS2PLACEMENT3D(#3923,#3924,#3925);
#3927=IFCDIRECTION((0.,0.,1.));
#3928=IFCEXTRUDEDAREASOLID(#3922,#3926,#3927,1.9499999992549419);
#3929=IFCCARTESIANPOINTLIST2D(((0.,0.),(0.,-0.040000000000000001),(-0.11999999999999988,-0.040000000000000001),(-0.11999999999999988,-0.02),(-0.020000000000000018,-0.02),(-0.020000000000000018,0.)));
#3930=IFCINDEXEDPOLYCURVE(#3929,(IFCLINEINDEX((1,2,3,4,5,6,1))),$);
#3931=IFCARBITRARYCLOSEDPROFILEDEF(.AREA.,$,#3930);
#3932=IFCCARTESIANPOINT((0.82499997578561302,0.02500000037252903,1.015000000372529));
#3933=IFCDIRECTION((0.,0.,1.));
#3934=IFCDIRECTION((1.,0.,0.));
#3935=IFCAXIS2PLACEMENT3D(#3932,#3933,#3934);
#3936=IFCDIRECTION((0.,0.,1.));
#3937=IFCEXTRUDEDAREASOLID(#3931,#3935,#3936,0.02);
#3938=IFCEXTRUDEDAREASOLID(#3939,#3942,#3946,0.02);
#3939=IFCARBITRARYCLOSEDPROFILEDEF(.AREA.,$,#3940);
#3940=IFCINDEXEDPOLYCURVE(#3941,(IFCLINEINDEX((1,2,3,4,5,6,1))),$);
#3941=IFCCARTESIANPOINTLIST2D(((0.,0.),(0.,0.040000000000000008),(-0.11999999999999988,0.040000000000000008),(-0.11999999999999988,0.020000000000000004),(-0.020000000000000018,0.020000000000000004),(-0.020000000000000018,0.)));
#3942=IFCAXIS2PLACEMENT3D(#3943,#3944,#3945);
#3943=IFCCARTESIANPOINT((0.82499997578561302,0.060000000521540642,1.015000000372529));
#3944=IFCDIRECTION((0.,0.,1.));
#3945=IFCDIRECTION((1.,0.,0.));
#3946=IFCDIRECTION((0.,0.,1.));
#3947=IFCSHAPEREPRESENTATION(#11,'Body','SweptSolid',(#3883,#3892,#3928,#3937,#3938,#3901,#3910,#3919));
#3948=IFCCARTESIANPOINTLIST2D(((0.,0.),(0.,0.05000000074505806),(0.02500000037252903,0.05000000074505806),(0.02500000037252903,0.02500000037252903),(0.055808000266551971,0.02500000037252903),(0.055808000266551971,0.)));
#3949=IFCINDEXEDPOLYCURVE(#3948,(IFCLINEINDEX((1,2,3,4,5,6,1))),$);
#3950=IFCINDEXEDPOLYCURVE(#3951,(IFCLINEINDEX((1,2,3,4,5,6,1))),$);
#3951=IFCCARTESIANPOINTLIST2D(((0.89999997615814209,0.),(0.89999997615814209,0.05000000074505806),(0.87499997578561306,0.05000000074505806),(0.87499997578561306,0.02500000037252903),(0.84419197589159012,0.02500000037252903),(0.84419197589159012,0.)));
#3952=IFCDIRECTION((1.,0.));
#3953=IFCCARTESIANPOINT((0.060000000521540642,0.05000000074505806));
#3954=IFCAXIS2PLACEMENT2D(#3953,#3952);
#3955=IFCELLIPSE(#3954,0.81499997526407242,0.84999997541308403);
#3956=IFCCARTESIANPOINT((0.87499997578561306,0.05000000074505806));
#3957=IFCCARTESIANPOINT((0.060000000521540642,0.89999997615814209));
#3958=IFCTRIMMEDCURVE(#3955,(#3956),(#3957),.T.,.CARTESIAN.);
#3959=IFCCARTESIANPOINTLIST2D(((0.02500000037252903,0.05000000074505806),(0.060000000521540642,0.05000000074505806),(0.060000000521540642,0.89999997615814209),(0.02500000037252903,0.89999997615814209)));
#3960=IFCINDEXEDPOLYCURVE(#3959,(IFCLINEINDEX((1,2,3,4,1))),$);
#3961=IFCSHAPEREPRESENTATION(#24,'Body','Curve2D',(#3949,#3950,#3958,#3960));
#3962=IFCCARTESIANPOINTLIST2D(((0.,0.),(0.89999997615814209,0.),(0.89999997615814209,2.),(0.,2.)));
#3963=IFCINDEXEDPOLYCURVE(#3962,(IFCLINEINDEX((1,2,3,4,1))),$);
#3964=IFCARBITRARYCLOSEDPROFILEDEF(.AREA.,$,#3963);
#3965=IFCCARTESIANPOINT((0.,-0.60000002384185791,0.));
#3966=IFCDIRECTION((0.,-1.,0.));
#3967=IFCDIRECTION((1.,0.,0.));
#3968=IFCAXIS2PLACEMENT3D(#3965,#3966,#3967);
#3969=IFCDIRECTION((0.,0.,-1.));
#3970=IFCEXTRUDEDAREASOLID(#3964,#3968,#3969,1.2);
#3971=IFCSHAPEREPRESENTATION(#11,'Body','SweptSolid',(#3970));
#3977=IFCCARTESIANPOINT((0.3646445695542409,4.76837158203125E-07,0.));
#3978=IFCDIRECTION((0.,0.,1.));
#3979=IFCDIRECTION((0.99999999999997158,-2.3841857910155572E-07,0.));
#3980=IFCAXIS2PLACEMENT3D(#3977,#3978,#3979);
#3981=IFCLOCALPLACEMENT(#1419,#3980);
#3982=IFCCARTESIANPOINT((2.2204460492503131E-16,0.,0.));
#3983=IFCDIRECTION((0.,0.,1.));
#3984=IFCDIRECTION((1.,0.,0.));
#3985=IFCAXIS2PLACEMENT3D(#3982,#3983,#3984);
#3986=IFCLOCALPLACEMENT(#3981,#3985);
#4053=IFCDOOR('3r9ob_$r92mumUkSLSSy_k',$,'Door',$,$,#4565,#4063,$,2.,1.3738921880722046,$,.SLIDING_TO_RIGHT.,$);
#4055=IFCRELDEFINESBYTYPE('36t7aMUsDCg87sO3Etf4BZ',$,$,$,(#4053),#3649);
#4056=IFCCARTESIANPOINT((0.,0.,0.));
#4057=IFCDIRECTION((1.,0.,0.));
#4058=IFCDIRECTION((0.,1.,0.));
#4059=IFCDIRECTION((0.,0.,1.));
#4060=IFCCARTESIANTRANSFORMATIONOPERATOR3D(#4057,#4058,#4056,1.,#4059);
#4061=IFCMAPPEDITEM(#3652,#4060);
#4062=IFCSHAPEREPRESENTATION(#18,'Profile','MappedRepresentation',(#4061));
#4063=IFCPRODUCTDEFINITIONSHAPE($,$,(#4062,#4070,#4077,#4228));
#4064=IFCCARTESIANPOINT((0.,0.,0.));
#4065=IFCDIRECTION((1.,0.,0.));
#4066=IFCDIRECTION((0.,1.,0.));
#4067=IFCDIRECTION((0.,0.,1.));
#4068=IFCCARTESIANTRANSFORMATIONOPERATOR3D(#4065,#4066,#4064,1.,#4067);
#4069=IFCMAPPEDITEM(#3660,#4068);
#4070=IFCSHAPEREPRESENTATION(#11,'Body','MappedRepresentation',(#4069));
#4071=IFCCARTESIANPOINT((0.,0.,0.));
#4072=IFCDIRECTION((1.,0.,0.));
#4073=IFCDIRECTION((0.,1.,0.));
#4074=IFCDIRECTION((0.,0.,1.));
#4075=IFCCARTESIANTRANSFORMATIONOPERATOR3D(#4072,#4073,#4071,1.,#4074);
#4076=IFCMAPPEDITEM(#3738,#4075);
#4077=IFCSHAPEREPRESENTATION(#24,'Body','MappedRepresentation',(#4076));
#4078=IFCOPENINGELEMENT('1klPJvKlb16QPNucckZ6zv',$,'Opening',$,$,#4560,#4106,$,.OPENING.);
#4094=IFCCARTESIANPOINT((0.,0.,0.));
#4095=IFCDIRECTION((1.,0.,0.));
#4096=IFCDIRECTION((0.,0.,1.));
#4097=IFCAXIS2PLACEMENT3D(#4094,#4096,#4095);
#4098=IFCREPRESENTATIONMAP(#4097,#4550);
#4099=IFCCARTESIANPOINT((0.,0.,0.));
#4100=IFCDIRECTION((1.,0.,0.));
#4101=IFCDIRECTION((0.,1.,0.));
#4102=IFCDIRECTION((0.,0.,1.));
#4103=IFCCARTESIANTRANSFORMATIONOPERATOR3D(#4100,#4101,#4099,1.,#4102);
#4104=IFCMAPPEDITEM(#4098,#4103);
#4105=IFCSHAPEREPRESENTATION(#11,'Body','MappedRepresentation',(#4104));
#4106=IFCPRODUCTDEFINITIONSHAPE($,$,(#4105));
#4107=IFCRELVOIDSELEMENT('2ax1YX3eTEUPr3av7RGSIK',$,$,$,#1135,#4078);
#4113=IFCRELFILLSELEMENT('1giCgriq945ea0556KmxBB',$,$,$,#4078,#4053);
#4137=IFCCARTESIANPOINTLIST2D(((0.,0.),(0.,2.),(1.3738921880722046,2.),(1.3738921880722046,0.),(1.2980841919779778,0.),(1.2980841919779778,1.9241920039057732),(0.075807996094226837,1.9241920039057732),(0.075807996094226837,0.)));
#4138=IFCINDEXEDPOLYCURVE(#4137,(IFCLINEINDEX((1,2,3,4,5,6,7,8,1))),$);
#4139=IFCARBITRARYCLOSEDPROFILEDEF(.AREA.,$,#4138);
#4140=IFCCARTESIANPOINT((0.,0.,0.));
#4141=IFCDIRECTION((0.,-1.,0.));
#4142=IFCDIRECTION((1.,0.,0.));
#4143=IFCAXIS2PLACEMENT3D(#4140,#4141,#4142);
#4144=IFCDIRECTION((0.,0.,-1.));
#4145=IFCEXTRUDEDAREASOLID(#4139,#4143,#4144,0.040000006556510925);
#4146=IFCCARTESIANPOINTLIST2D(((0.,0.),(1.2222761958837509,0.),(1.2222761958837509,0.10000000149011612),(0.,0.10000000149011612)));
#4147=IFCINDEXEDPOLYCURVE(#4146,(IFCLINEINDEX((1,2,3,4,1))),$);
#4148=IFCARBITRARYCLOSEDPROFILEDEF(.AREA.,$,#4147);
#4149=IFCCARTESIANPOINT((0.075807996094226837,0.,0.));
#4150=IFCDIRECTION((0.,0.,1.));
#4151=IFCDIRECTION((1.,0.,0.));
#4152=IFCAXIS2PLACEMENT3D(#4149,#4150,#4151);
#4153=IFCDIRECTION((0.,0.,1.));
#4154=IFCEXTRUDEDAREASOLID(#4148,#4152,#4153,0.02500000037252903);
#4155=IFCCARTESIANPOINTLIST2D(((0.,0.),(0.,2.),(1.3738921880722046,2.),(1.3738921880722046,0.),(1.2988921850919724,0.),(1.2988921850919724,1.9249999970197678),(0.075000002980232239,1.9249999970197678),(0.075000002980232239,0.)));
#4156=IFCINDEXEDPOLYCURVE(#4155,(IFCLINEINDEX((1,2,3,4,5,6,7,8,1))),$);
#4157=IFCARBITRARYCLOSEDPROFILEDEF(.AREA.,$,#4156);
#4158=IFCCARTESIANPOINT((0.,-0.0010000000474974513,0.));
#4159=IFCDIRECTION((0.,-1.,0.));
#4160=IFCDIRECTION((1.,0.,0.));
#4161=IFCAXIS2PLACEMENT3D(#4158,#4159,#4160);
#4162=IFCDIRECTION((0.,0.,-1.));
#4163=IFCEXTRUDEDAREASOLID(#4157,#4161,#4162,0.0010000000474974513);
#4164=IFCCARTESIANPOINTLIST2D(((0.,0.),(0.,2.),(1.3738921880722046,2.),(1.3738921880722046,0.),(1.2988921850919724,0.),(1.2988921850919724,1.9249999970197678),(0.075000002980232239,1.9249999970197678),(0.075000002980232239,0.)));
#4165=IFCINDEXEDPOLYCURVE(#4164,(IFCLINEINDEX((1,2,3,4,5,6,7,8,1))),$);
#4166=IFCARBITRARYCLOSEDPROFILEDEF(.AREA.,$,#4165);
#4167=IFCCARTESIANPOINT((0.,0.040000006556510925,0.));
#4168=IFCDIRECTION((0.,-1.,0.));
#4169=IFCDIRECTION((1.,0.,0.));
#4170=IFCAXIS2PLACEMENT3D(#4167,#4168,#4169);
#4171=IFCDIRECTION((0.,0.,-1.));
#4172=IFCEXTRUDEDAREASOLID(#4166,#4170,#4171,0.0010000000474974513);
#4173=IFCCARTESIANPOINTLIST2D(((0.,0.),(1.2222761958837509,0.),(1.2222761958837509,0.035000000149011612),(0.,0.035000000149011612)));
#4174=IFCINDEXEDPOLYCURVE(#4173,(IFCLINEINDEX((1,2,3,4,1))),$);
#4175=IFCARBITRARYCLOSEDPROFILEDEF(.AREA.,$,#4174);
#4176=IFCCARTESIANPOINT((0.075807996094226837,-0.035000000149011612,0.02500000037252903));
#4177=IFCDIRECTION((0.,0.,1.));
#4178=IFCDIRECTION((1.,0.,0.));
#4179=IFCAXIS2PLACEMENT3D(#4176,#4177,#4178);
#4180=IFCDIRECTION((0.,0.,1.));
#4181=IFCEXTRUDEDAREASOLID(#4175,#4179,#4180,1.8991920035332441);
#4182=IFCCARTESIANPOINTLIST2D(((0.,0.),(0.,-0.040000000000000001),(0.12,-0.040000000000000001),(0.12,-0.02),(0.02,-0.02),(0.02,0.)));
#4183=IFCINDEXEDPOLYCURVE(#4182,(IFCLINEINDEX((1,2,3,4,5,6,1))),$);
#4184=IFCARBITRARYCLOSEDPROFILEDEF(.AREA.,$,#4183);
#4185=IFCCARTESIANPOINT((0.12580799609422683,-0.035000000149011612,1.015000000372529));
#4186=IFCDIRECTION((0.,0.,1.));
#4187=IFCDIRECTION((1.,0.,0.));
#4188=IFCAXIS2PLACEMENT3D(#4185,#4186,#4187);
#4189=IFCDIRECTION((0.,0.,1.));
#4190=IFCEXTRUDEDAREASOLID(#4184,#4188,#4189,0.02);
#4191=IFCEXTRUDEDAREASOLID(#4192,#4195,#4199,0.02);
#4192=IFCARBITRARYCLOSEDPROFILEDEF(.AREA.,$,#4193);
#4193=IFCINDEXEDPOLYCURVE(#4194,(IFCLINEINDEX((1,2,3,4,5,6,1))),$);
#4194=IFCCARTESIANPOINTLIST2D(((0.,0.),(0.,0.040000000000000008),(0.12,0.040000000000000008),(0.12,0.020000000000000004),(0.01999999999999999,0.020000000000000004),(0.01999999999999999,0.)));
#4195=IFCAXIS2PLACEMENT3D(#4196,#4197,#4198);
#4196=IFCCARTESIANPOINT((0.12580799609422683,0.,1.015000000372529));
#4197=IFCDIRECTION((0.,0.,1.));
#4198=IFCDIRECTION((1.,0.,0.));
#4199=IFCDIRECTION((0.,0.,1.));
#4201=IFCSHAPEREPRESENTATION(#11,'Body','SweptSolid',(#4274,#4378,#4369,#4473,#4482,#4172,#4163,#4500,#4154,#4396,#4292,#4265,#4283,#4145,#4387,#4491));
#4202=IFCSHAPEASPECT((#4201),'Lining',$,.T.,#4063);
#4203=IFCSHAPEREPRESENTATION(#11,'Body','SweptSolid',(#4190,#4518,#4191,#4181,#4414,#4310,#4405,#4519,#4509,#4301,#4311,#4415));
#4204=IFCSHAPEASPECT((#4203),'Framing',$,.T.,#4063);
#4217=IFCCARTESIANPOINT((0.,0.,0.));
#4218=IFCDIRECTION((1.,0.,0.));
#4219=IFCDIRECTION((0.,0.,1.));
#4220=IFCAXIS2PLACEMENT3D(#4217,#4219,#4218);
#4221=IFCREPRESENTATIONMAP(#4220,#4540);
#4222=IFCCARTESIANPOINT((0.,0.,0.));
#4223=IFCDIRECTION((1.,0.,0.));
#4224=IFCDIRECTION((0.,1.,0.));
#4225=IFCDIRECTION((0.,0.,1.));
#4226=IFCCARTESIANTRANSFORMATIONOPERATOR3D(#4223,#4224,#4222,1.,#4225);
#4227=IFCMAPPEDITEM(#4221,#4226);
#4228=IFCSHAPEREPRESENTATION(#25,'Annotation','MappedRepresentation',(#4227));
#4257=IFCCARTESIANPOINTLIST2D(((0.,0.),(0.,2.),(1.3738921880722046,2.),(1.3738921880722046,0.),(1.2980841919779778,0.),(1.2980841919779778,1.9241920039057732),(0.075807996094226837,1.9241920039057732),(0.075807996094226837,0.)));
#4258=IFCINDEXEDPOLYCURVE(#4257,(IFCLINEINDEX((1,2,3,4,5,6,7,8,1))),$);
#4259=IFCARBITRARYCLOSEDPROFILEDEF(.AREA.,$,#4258);
#4260=IFCCARTESIANPOINT((0.,0.,0.));
#4261=IFCDIRECTION((0.,-1.,0.));
#4262=IFCDIRECTION((1.,0.,0.));
#4263=IFCAXIS2PLACEMENT3D(#4260,#4261,#4262);
#4264=IFCDIRECTION((0.,0.,-1.));
#4265=IFCEXTRUDEDAREASOLID(#4259,#4263,#4264,0.040000006556510925);
#4266=IFCCARTESIANPOINTLIST2D(((0.,0.),(1.2222761958837509,0.),(1.2222761958837509,0.10000000149011612),(0.,0.10000000149011612)));
#4267=IFCINDEXEDPOLYCURVE(#4266,(IFCLINEINDEX((1,2,3,4,1))),$);
#4268=IFCARBITRARYCLOSEDPROFILEDEF(.AREA.,$,#4267);
#4269=IFCCARTESIANPOINT((0.075807996094226837,0.,0.));
#4270=IFCDIRECTION((0.,0.,1.));
#4271=IFCDIRECTION((1.,0.,0.));
#4272=IFCAXIS2PLACEMENT3D(#4269,#4270,#4271);
#4273=IFCDIRECTION((0.,0.,1.));
#4274=IFCEXTRUDEDAREASOLID(#4268,#4272,#4273,0.02500000037252903);
#4275=IFCCARTESIANPOINTLIST2D(((0.,0.),(0.,2.),(1.3738921880722046,2.),(1.3738921880722046,0.),(1.2988921850919724,0.),(1.2988921850919724,1.9249999970197678),(0.075000002980232239,1.9249999970197678),(0.075000002980232239,0.)));
#4276=IFCINDEXEDPOLYCURVE(#4275,(IFCLINEINDEX((1,2,3,4,5,6,7,8,1))),$);
#4277=IFCARBITRARYCLOSEDPROFILEDEF(.AREA.,$,#4276);
#4278=IFCCARTESIANPOINT((0.,-0.0010000000474974513,0.));
#4279=IFCDIRECTION((0.,-1.,0.));
#4280=IFCDIRECTION((1.,0.,0.));
#4281=IFCAXIS2PLACEMENT3D(#4278,#4279,#4280);
#4282=IFCDIRECTION((0.,0.,-1.));
#4283=IFCEXTRUDEDAREASOLID(#4277,#4281,#4282,0.0010000000474974513);
#4284=IFCCARTESIANPOINTLIST2D(((0.,0.),(0.,2.),(1.3738921880722046,2.),(1.3738921880722046,0.),(1.2988921850919724,0.),(1.2988921850919724,1.9249999970197678),(0.075000002980232239,1.9249999970197678),(0.075000002980232239,0.)));
#4285=IFCINDEXEDPOLYCURVE(#4284,(IFCLINEINDEX((1,2,3,4,5,6,7,8,1))),$);
#4286=IFCARBITRARYCLOSEDPROFILEDEF(.AREA.,$,#4285);
#4287=IFCCARTESIANPOINT((0.,0.040000006556510925,0.));
#4288=IFCDIRECTION((0.,-1.,0.));
#4289=IFCDIRECTION((1.,0.,0.));
#4290=IFCAXIS2PLACEMENT3D(#4287,#4288,#4289);
#4291=IFCDIRECTION((0.,0.,-1.));
#4292=IFCEXTRUDEDAREASOLID(#4286,#4290,#4291,0.0010000000474974513);
#4293=IFCCARTESIANPOINTLIST2D(((0.,0.),(1.2222761958837509,0.),(1.2222761958837509,0.035000000149011612),(0.,0.035000000149011612)));
#4294=IFCINDEXEDPOLYCURVE(#4293,(IFCLINEINDEX((1,2,3,4,1))),$);
#4295=IFCARBITRARYCLOSEDPROFILEDEF(.AREA.,$,#4294);
#4296=IFCCARTESIANPOINT((0.075807996094226837,-0.035000000149011612,0.02500000037252903));
#4297=IFCDIRECTION((0.,0.,1.));
#4298=IFCDIRECTION((1.,0.,0.));
#4299=IFCAXIS2PLACEMENT3D(#4296,#4297,#4298);
#4300=IFCDIRECTION((0.,0.,1.));
#4301=IFCEXTRUDEDAREASOLID(#4295,#4299,#4300,1.8991920035332441);
#4302=IFCCARTESIANPOINTLIST2D(((0.,0.),(0.,-0.040000000000000001),(0.12,-0.040000000000000001),(0.12,-0.02),(0.02,-0.02),(0.02,0.)));
#4303=IFCINDEXEDPOLYCURVE(#4302,(IFCLINEINDEX((1,2,3,4,5,6,1))),$);
#4304=IFCARBITRARYCLOSEDPROFILEDEF(.AREA.,$,#4303);
#4305=IFCCARTESIANPOINT((0.12580799609422683,-0.035000000149011612,1.015000000372529));
#4306=IFCDIRECTION((0.,0.,1.));
#4307=IFCDIRECTION((1.,0.,0.));
#4308=IFCAXIS2PLACEMENT3D(#4305,#4306,#4307);
#4309=IFCDIRECTION((0.,0.,1.));
#4310=IFCEXTRUDEDAREASOLID(#4304,#4308,#4309,0.02);
#4311=IFCEXTRUDEDAREASOLID(#4312,#4315,#4319,0.02);
#4312=IFCARBITRARYCLOSEDPROFILEDEF(.AREA.,$,#4313);
#4313=IFCINDEXEDPOLYCURVE(#4314,(IFCLINEINDEX((1,2,3,4,5,6,1))),$);
#4314=IFCCARTESIANPOINTLIST2D(((0.,0.),(0.,0.040000000000000008),(0.12,0.040000000000000008),(0.12,0.020000000000000004),(0.01999999999999999,0.020000000000000004),(0.01999999999999999,0.)));
#4315=IFCAXIS2PLACEMENT3D(#4316,#4317,#4318);
#4316=IFCCARTESIANPOINT((0.12580799609422683,0.,1.015000000372529));
#4317=IFCDIRECTION((0.,0.,1.));
#4318=IFCDIRECTION((1.,0.,0.));
#4319=IFCDIRECTION((0.,0.,1.));
#4361=IFCCARTESIANPOINTLIST2D(((0.,0.),(0.,2.),(1.3738921880722046,2.),(1.3738921880722046,0.),(1.2980841919779778,0.),(1.2980841919779778,1.9241920039057732),(0.075807996094226837,1.9241920039057732),(0.075807996094226837,0.)));
#4362=IFCINDEXEDPOLYCURVE(#4361,(IFCLINEINDEX((1,2,3,4,5,6,7,8,1))),$);
#4363=IFCARBITRARYCLOSEDPROFILEDEF(.AREA.,$,#4362);
#4364=IFCCARTESIANPOINT((0.,0.,0.));
#4365=IFCDIRECTION((0.,-1.,0.));
#4366=IFCDIRECTION((1.,0.,0.));
#4367=IFCAXIS2PLACEMENT3D(#4364,#4365,#4366);
#4368=IFCDIRECTION((0.,0.,-1.));
#4369=IFCEXTRUDEDAREASOLID(#4363,#4367,#4368,0.040000006556510925);
#4370=IFCCARTESIANPOINTLIST2D(((0.,0.),(1.2222761958837509,0.),(1.2222761958837509,0.10000000149011612),(0.,0.10000000149011612)));
#4371=IFCINDEXEDPOLYCURVE(#4370,(IFCLINEINDEX((1,2,3,4,1))),$);
#4372=IFCARBITRARYCLOSEDPROFILEDEF(.AREA.,$,#4371);
#4373=IFCCARTESIANPOINT((0.075807996094226837,0.,0.));
#4374=IFCDIRECTION((0.,0.,1.));
#4375=IFCDIRECTION((1.,0.,0.));
#4376=IFCAXIS2PLACEMENT3D(#4373,#4374,#4375);
#4377=IFCDIRECTION((0.,0.,1.));
#4378=IFCEXTRUDEDAREASOLID(#4372,#4376,#4377,0.02500000037252903);
#4379=IFCCARTESIANPOINTLIST2D(((0.,0.),(0.,2.),(1.3738921880722046,2.),(1.3738921880722046,0.),(1.2988921850919724,0.),(1.2988921850919724,1.9249999970197678),(0.075000002980232239,1.9249999970197678),(0.075000002980232239,0.)));
#4380=IFCINDEXEDPOLYCURVE(#4379,(IFCLINEINDEX((1,2,3,4,5,6,7,8,1))),$);
#4381=IFCARBITRARYCLOSEDPROFILEDEF(.AREA.,$,#4380);
#4382=IFCCARTESIANPOINT((0.,-0.0010000000474974513,0.));
#4383=IFCDIRECTION((0.,-1.,0.));
#4384=IFCDIRECTION((1.,0.,0.));
#4385=IFCAXIS2PLACEMENT3D(#4382,#4383,#4384);
#4386=IFCDIRECTION((0.,0.,-1.));
#4387=IFCEXTRUDEDAREASOLID(#4381,#4385,#4386,0.0010000000474974513);
#4388=IFCCARTESIANPOINTLIST2D(((0.,0.),(0.,2.),(1.3738921880722046,2.),(1.3738921880722046,0.),(1.2988921850919724,0.),(1.2988921850919724,1.9249999970197678),(0.075000002980232239,1.9249999970197678),(0.075000002980232239,0.)));
#4389=IFCINDEXEDPOLYCURVE(#4388,(IFCLINEINDEX((1,2,3,4,5,6,7,8,1))),$);
#4390=IFCARBITRARYCLOSEDPROFILEDEF(.AREA.,$,#4389);
#4391=IFCCARTESIANPOINT((0.,0.040000006556510925,0.));
#4392=IFCDIRECTION((0.,-1.,0.));
#4393=IFCDIRECTION((1.,0.,0.));
#4394=IFCAXIS2PLACEMENT3D(#4391,#4392,#4393);
#4395=IFCDIRECTION((0.,0.,-1.));
#4396=IFCEXTRUDEDAREASOLID(#4390,#4394,#4395,0.0010000000474974513);
#4397=IFCCARTESIANPOINTLIST2D(((0.,0.),(1.2222761958837509,0.),(1.2222761958837509,0.035000000149011612),(0.,0.035000000149011612)));
#4398=IFCINDEXEDPOLYCURVE(#4397,(IFCLINEINDEX((1,2,3,4,1))),$);
#4399=IFCARBITRARYCLOSEDPROFILEDEF(.AREA.,$,#4398);
#4400=IFCCARTESIANPOINT((0.075807996094226837,-0.035000000149011612,0.02500000037252903));
#4401=IFCDIRECTION((0.,0.,1.));
#4402=IFCDIRECTION((1.,0.,0.));
#4403=IFCAXIS2PLACEMENT3D(#4400,#4401,#4402);
#4404=IFCDIRECTION((0.,0.,1.));
#4405=IFCEXTRUDEDAREASOLID(#4399,#4403,#4404,1.8991920035332441);
#4406=IFCCARTESIANPOINTLIST2D(((0.,0.),(0.,-0.040000000000000001),(0.12,-0.040000000000000001),(0.12,-0.02),(0.02,-0.02),(0.02,0.)));
#4407=IFCINDEXEDPOLYCURVE(#4406,(IFCLINEINDEX((1,2,3,4,5,6,1))),$);
#4408=IFCARBITRARYCLOSEDPROFILEDEF(.AREA.,$,#4407);
#4409=IFCCARTESIANPOINT((0.12580799609422683,-0.035000000149011612,1.015000000372529));
#4410=IFCDIRECTION((0.,0.,1.));
#4411=IFCDIRECTION((1.,0.,0.));
#4412=IFCAXIS2PLACEMENT3D(#4409,#4410,#4411);
#4413=IFCDIRECTION((0.,0.,1.));
#4414=IFCEXTRUDEDAREASOLID(#4408,#4412,#4413,0.02);
#4415=IFCEXTRUDEDAREASOLID(#4416,#4419,#4423,0.02);
#4416=IFCARBITRARYCLOSEDPROFILEDEF(.AREA.,$,#4417);
#4417=IFCINDEXEDPOLYCURVE(#4418,(IFCLINEINDEX((1,2,3,4,5,6,1))),$);
#4418=IFCCARTESIANPOINTLIST2D(((0.,0.),(0.,0.040000000000000008),(0.12,0.040000000000000008),(0.12,0.020000000000000004),(0.01999999999999999,0.020000000000000004),(0.01999999999999999,0.)));
#4419=IFCAXIS2PLACEMENT3D(#4420,#4421,#4422);
#4420=IFCCARTESIANPOINT((0.12580799609422683,0.,1.015000000372529));
#4421=IFCDIRECTION((0.,0.,1.));
#4422=IFCDIRECTION((1.,0.,0.));
#4423=IFCDIRECTION((0.,0.,1.));
#4462=IFCCARTESIANPOINTLIST3D(((0.,0.,0.),(1.3738921880722046,0.,0.),(1.3738921880722046,0.,2.),(0.,0.,2.)));
#4463=IFCINDEXEDPOLYCURVE(#4462,(IFCLINEINDEX((1,2,3,4,1))),$);
#4464=IFCSHAPEREPRESENTATION(#18,'Profile','Curve3D',(#4463));
#4465=IFCCARTESIANPOINTLIST2D(((0.,0.),(0.,2.),(1.3738921880722046,2.),(1.3738921880722046,0.),(1.2980841919779778,0.),(1.2980841919779778,1.9241920039057732),(0.075807996094226837,1.9241920039057732),(0.075807996094226837,0.)));
#4466=IFCINDEXEDPOLYCURVE(#4465,(IFCLINEINDEX((1,2,3,4,5,6,7,8,1))),$);
#4467=IFCARBITRARYCLOSEDPROFILEDEF(.AREA.,$,#4466);
#4468=IFCCARTESIANPOINT((0.,0.,0.));
#4469=IFCDIRECTION((0.,-1.,0.));
#4470=IFCDIRECTION((1.,0.,0.));
#4471=IFCAXIS2PLACEMENT3D(#4468,#4469,#4470);
#4472=IFCDIRECTION((0.,0.,-1.));
#4473=IFCEXTRUDEDAREASOLID(#4467,#4471,#4472,0.040000006556510925);
#4474=IFCCARTESIANPOINTLIST2D(((0.,0.),(1.2222761958837509,0.),(1.2222761958837509,0.10000000149011612),(0.,0.10000000149011612)));
#4475=IFCINDEXEDPOLYCURVE(#4474,(IFCLINEINDEX((1,2,3,4,1))),$);
#4476=IFCARBITRARYCLOSEDPROFILEDEF(.AREA.,$,#4475);
#4477=IFCCARTESIANPOINT((0.075807996094226837,0.,0.));
#4478=IFCDIRECTION((0.,0.,1.));
#4479=IFCDIRECTION((1.,0.,0.));
#4480=IFCAXIS2PLACEMENT3D(#4477,#4478,#4479);
#4481=IFCDIRECTION((0.,0.,1.));
#4482=IFCEXTRUDEDAREASOLID(#4476,#4480,#4481,0.02500000037252903);
#4483=IFCCARTESIANPOINTLIST2D(((0.,0.),(0.,2.),(1.3738921880722046,2.),(1.3738921880722046,0.),(1.2988921850919724,0.),(1.2988921850919724,1.9249999970197678),(0.075000002980232239,1.9249999970197678),(0.075000002980232239,0.)));
#4484=IFCINDEXEDPOLYCURVE(#4483,(IFCLINEINDEX((1,2,3,4,5,6,7,8,1))),$);
#4485=IFCARBITRARYCLOSEDPROFILEDEF(.AREA.,$,#4484);
#4486=IFCCARTESIANPOINT((0.,-0.0010000000474974513,0.));
#4487=IFCDIRECTION((0.,-1.,0.));
#4488=IFCDIRECTION((1.,0.,0.));
#4489=IFCAXIS2PLACEMENT3D(#4486,#4487,#4488);
#4490=IFCDIRECTION((0.,0.,-1.));
#4491=IFCEXTRUDEDAREASOLID(#4485,#4489,#4490,0.0010000000474974513);
#4492=IFCCARTESIANPOINTLIST2D(((0.,0.),(0.,2.),(1.3738921880722046,2.),(1.3738921880722046,0.),(1.2988921850919724,0.),(1.2988921850919724,1.9249999970197678),(0.075000002980232239,1.9249999970197678),(0.075000002980232239,0.)));
#4493=IFCINDEXEDPOLYCURVE(#4492,(IFCLINEINDEX((1,2,3,4,5,6,7,8,1))),$);
#4494=IFCARBITRARYCLOSEDPROFILEDEF(.AREA.,$,#4493);
#4495=IFCCARTESIANPOINT((0.,0.040000006556510925,0.));
#4496=IFCDIRECTION((0.,-1.,0.));
#4497=IFCDIRECTION((1.,0.,0.));
#4498=IFCAXIS2PLACEMENT3D(#4495,#4496,#4497);
#4499=IFCDIRECTION((0.,0.,-1.));
#4500=IFCEXTRUDEDAREASOLID(#4494,#4498,#4499,0.0010000000474974513);
#4501=IFCCARTESIANPOINTLIST2D(((0.,0.),(1.2222761958837509,0.),(1.2222761958837509,0.035000000149011612),(0.,0.035000000149011612)));
#4502=IFCINDEXEDPOLYCURVE(#4501,(IFCLINEINDEX((1,2,3,4,1))),$);
#4503=IFCARBITRARYCLOSEDPROFILEDEF(.AREA.,$,#4502);
#4504=IFCCARTESIANPOINT((0.075807996094226837,-0.035000000149011612,0.02500000037252903));
#4505=IFCDIRECTION((0.,0.,1.));
#4506=IFCDIRECTION((1.,0.,0.));
#4507=IFCAXIS2PLACEMENT3D(#4504,#4505,#4506);
#4508=IFCDIRECTION((0.,0.,1.));
#4509=IFCEXTRUDEDAREASOLID(#4503,#4507,#4508,1.8991920035332441);
#4510=IFCCARTESIANPOINTLIST2D(((0.,0.),(0.,-0.040000000000000001),(0.12,-0.040000000000000001),(0.12,-0.02),(0.02,-0.02),(0.02,0.)));
#4511=IFCINDEXEDPOLYCURVE(#4510,(IFCLINEINDEX((1,2,3,4,5,6,1))),$);
#4512=IFCARBITRARYCLOSEDPROFILEDEF(.AREA.,$,#4511);
#4513=IFCCARTESIANPOINT((0.12580799609422683,-0.035000000149011612,1.015000000372529));
#4514=IFCDIRECTION((0.,0.,1.));
#4515=IFCDIRECTION((1.,0.,0.));
#4516=IFCAXIS2PLACEMENT3D(#4513,#4514,#4515);
#4517=IFCDIRECTION((0.,0.,1.));
#4518=IFCEXTRUDEDAREASOLID(#4512,#4516,#4517,0.02);
#4519=IFCEXTRUDEDAREASOLID(#4520,#4523,#4527,0.02);
#4520=IFCARBITRARYCLOSEDPROFILEDEF(.AREA.,$,#4521);
#4521=IFCINDEXEDPOLYCURVE(#4522,(IFCLINEINDEX((1,2,3,4,5,6,1))),$);
#4522=IFCCARTESIANPOINTLIST2D(((0.,0.),(0.,0.040000000000000008),(0.12,0.040000000000000008),(0.12,0.020000000000000004),(0.01999999999999999,0.020000000000000004),(0.01999999999999999,0.)));
#4523=IFCAXIS2PLACEMENT3D(#4524,#4525,#4526);
#4524=IFCCARTESIANPOINT((0.12580799609422683,0.,1.015000000372529));
#4525=IFCDIRECTION((0.,0.,1.));
#4526=IFCDIRECTION((1.,0.,0.));
#4527=IFCDIRECTION((0.,0.,1.));
#4528=IFCSHAPEREPRESENTATION(#11,'Body','SweptSolid',(#4473,#4509,#4518,#4519,#4482,#4491,#4500));
#4529=IFCCARTESIANPOINTLIST2D(((0.,0.),(0.075807996094226837,0.),(0.075807996094226837,0.040000006556510925),(0.,0.040000006556510925)));
#4530=IFCINDEXEDPOLYCURVE(#4529,(IFCLINEINDEX((1,2,3,4,1))),$);
#4531=IFCINDEXEDPOLYCURVE(#4532,(IFCLINEINDEX((1,2,3,4,1))),$);
#4532=IFCCARTESIANPOINTLIST2D(((1.3738921880722046,0.),(1.2980841919779778,0.),(1.2980841919779778,0.040000006556510925),(1.3738921880722046,0.040000006556510925)));
#4533=IFCCARTESIANPOINTLIST2D(((1.9092222899198532,-0.035000000149011612),(0.68694609403610229,-0.035000000149011612),(0.68694609403610229,0.),(1.9092222899198532,0.)));
#4534=IFCINDEXEDPOLYCURVE(#4533,(IFCLINEINDEX((1,2,3,4,1))),$);
#4535=IFCSHAPEREPRESENTATION(#24,'Body','Curve2D',(#4530,#4531,#4534));
#4536=IFCCARTESIANPOINTLIST2D(((0.5036046646535397,-0.081587428267465345),(0.870287523418665,-0.081587428267465345)));
#4537=IFCINDEXEDPOLYCURVE(#4536,$,$);
#4538=IFCCARTESIANPOINTLIST2D(((0.53360466465353962,-0.050529142855162856),(0.5036046646535397,-0.081587428267465345),(0.53360466465353962,-0.11264571367976783)));
#4539=IFCINDEXEDPOLYCURVE(#4538,$,$);
#4540=IFCSHAPEREPRESENTATION(#25,'Annotation','Curve2D',(#4537,#4539));
#4541=IFCCARTESIANPOINTLIST2D(((0.,0.),(1.3738921880722046,0.),(1.3738921880722046,2.),(0.,2.)));
#4542=IFCINDEXEDPOLYCURVE(#4541,(IFCLINEINDEX((1,2,3,4,1))),$);
#4543=IFCARBITRARYCLOSEDPROFILEDEF(.AREA.,$,#4542);
#4544=IFCCARTESIANPOINT((0.,-0.60000002384185791,0.));
#4545=IFCDIRECTION((0.,-1.,0.));
#4546=IFCDIRECTION((1.,0.,0.));
#4547=IFCAXIS2PLACEMENT3D(#4544,#4545,#4546);
#4548=IFCDIRECTION((0.,0.,-1.));
#4549=IFCEXTRUDEDAREASOLID(#4543,#4547,#4548,1.2);
#4550=IFCSHAPEREPRESENTATION(#11,'Body','SweptSolid',(#4549));
#4556=IFCCARTESIANPOINT((0.052898997066231801,4.9743672025925889E-07,0.));
#4557=IFCDIRECTION((0.,0.,1.));
#4558=IFCDIRECTION((0.99999999999988631,-4.7683715820291007E-07,0.));
#4559=IFCAXIS2PLACEMENT3D(#4556,#4557,#4558);
#4560=IFCLOCALPLACEMENT(#1374,#4559);
#4561=IFCCARTESIANPOINT((-1.1102230246251565E-16,0.,0.));
#4562=IFCDIRECTION((0.,0.,1.));
#4563=IFCDIRECTION((1.,3.1763735522036263E-22,0.));
#4564=IFCAXIS2PLACEMENT3D(#4561,#4562,#4563);
#4565=IFCLOCALPLACEMENT(#4560,#4564);
#4566=IFCCARTESIANPOINTLIST3D(((0.,0.,0.),(0.75210607051849365,0.,0.),(0.75210607051849365,0.,2.),(0.,0.,2.)));
#4567=IFCINDEXEDPOLYCURVE(#4566,(IFCLINEINDEX((1,2,3,4,1))),$);
#4568=IFCSHAPEREPRESENTATION(#18,'Profile','Curve3D',(#4567));
#4569=IFCCARTESIANPOINTLIST2D(((0.,0.),(0.,2.),(0.75210607051849365,2.),(0.75210607051849365,0.),(0.72710607014596462,0.),(0.72710607014596462,1.974999999627471),(0.02500000037252903,1.974999999627471),(0.02500000037252903,0.)));
#4570=IFCINDEXEDPOLYCURVE(#4569,(IFCLINEINDEX((1,2,3,4,5,6,7,8,1))),$);
#4571=IFCARBITRARYCLOSEDPROFILEDEF(.AREA.,$,#4570);
#4572=IFCCARTESIANPOINT((0.,0.02500000037252903,0.));
#4573=IFCDIRECTION((0.,-1.,0.));
#4574=IFCDIRECTION((1.,0.,0.));
#4575=IFCAXIS2PLACEMENT3D(#4572,#4573,#4574);
#4576=IFCDIRECTION((0.,0.,-1.));
#4577=IFCEXTRUDEDAREASOLID(#4571,#4575,#4576,0.015000006183981895);
#4578=IFCCARTESIANPOINTLIST2D(((0.,0.),(0.,2.),(0.75210607051849365,2.),(0.75210607051849365,0.),(0.67629807442426682,0.),(0.67629807442426682,1.9241920039057732),(0.075807996094226837,1.9241920039057732),(0.075807996094226837,0.)));
#4579=IFCINDEXEDPOLYCURVE(#4578,(IFCLINEINDEX((1,2,3,4,5,6,7,8,1))),$);
#4580=IFCARBITRARYCLOSEDPROFILEDEF(.AREA.,$,#4579);
#4581=IFCCARTESIANPOINT((0.,0.,0.));
#4582=IFCDIRECTION((0.,-1.,0.));
#4583=IFCDIRECTION((1.,0.,0.));
#4584=IFCAXIS2PLACEMENT3D(#4581,#4582,#4583);
#4585=IFCDIRECTION((0.,0.,-1.));
#4586=IFCEXTRUDEDAREASOLID(#4580,#4584,#4585,0.02500000037252903);
#4587=IFCCARTESIANPOINTLIST2D(((0.,0.),(0.60049007833003998,0.),(0.60049007833003998,0.10000000149011612),(0.,0.10000000149011612)));
#4588=IFCINDEXEDPOLYCURVE(#4587,(IFCLINEINDEX((1,2,3,4,1))),$);
#4589=IFCARBITRARYCLOSEDPROFILEDEF(.AREA.,$,#4588);
#4590=IFCCARTESIANPOINT((0.075807996094226837,0.,0.));
#4591=IFCDIRECTION((0.,0.,1.));
#4592=IFCDIRECTION((1.,0.,0.));
#4593=IFCAXIS2PLACEMENT3D(#4590,#4591,#4592);
#4594=IFCDIRECTION((0.,0.,1.));
#4595=IFCEXTRUDEDAREASOLID(#4589,#4593,#4594,0.02500000037252903);
#4596=IFCCARTESIANPOINTLIST2D(((0.,0.),(0.,2.),(0.75210607051849365,2.),(0.75210607051849365,0.),(0.67710606753826141,0.),(0.67710606753826141,1.9249999970197678),(0.075000002980232239,1.9249999970197678),(0.075000002980232239,0.)));
#4597=IFCINDEXEDPOLYCURVE(#4596,(IFCLINEINDEX((1,2,3,4,5,6,7,8,1))),$);
#4598=IFCARBITRARYCLOSEDPROFILEDEF(.AREA.,$,#4597);
#4599=IFCCARTESIANPOINT((0.,-0.0010000000474974513,0.));
#4600=IFCDIRECTION((0.,-1.,0.));
#4601=IFCDIRECTION((1.,0.,0.));
#4602=IFCAXIS2PLACEMENT3D(#4599,#4600,#4601);
#4603=IFCDIRECTION((0.,0.,-1.));
#4604=IFCEXTRUDEDAREASOLID(#4598,#4602,#4603,0.0010000000474974513);
#4605=IFCCARTESIANPOINTLIST2D(((0.,0.),(0.,2.),(0.75210607051849365,2.),(0.75210607051849365,0.),(0.72791406325995922,0.),(0.72791406325995922,1.9758079927414656),(0.024192007258534431,1.9758079927414656),(0.024192007258534431,0.)));
#4606=IFCINDEXEDPOLYCURVE(#4605,(IFCLINEINDEX((1,2,3,4,5,6,7,8,1))),$);
#4607=IFCARBITRARYCLOSEDPROFILEDEF(.AREA.,$,#4606);
#4608=IFCCARTESIANPOINT((0.,0.040000006556510925,0.));
#4609=IFCDIRECTION((0.,-1.,0.));
#4610=IFCDIRECTION((1.,0.,0.));
#4611=IFCAXIS2PLACEMENT3D(#4608,#4609,#4610);
#4612=IFCDIRECTION((0.,0.,-1.));
#4613=IFCEXTRUDEDAREASOLID(#4607,#4611,#4612,0.0010000000474974513);
#4614=IFCCARTESIANPOINTLIST2D(((0.,0.),(0.70210606977343559,0.),(0.70210606977343559,0.035000000149011612),(0.,0.035000000149011612)));
#4615=IFCINDEXEDPOLYCURVE(#4614,(IFCLINEINDEX((1,2,3,4,1))),$);
#4616=IFCARBITRARYCLOSEDPROFILEDEF(.AREA.,$,#4615);
#4617=IFCCARTESIANPOINT((0.02500000037252903,0.02500000037252903,0.02500000037252903));
#4618=IFCDIRECTION((0.,0.,1.));
#4619=IFCDIRECTION((1.,0.,0.));
#4620=IFCAXIS2PLACEMENT3D(#4617,#4618,#4619);
#4621=IFCDIRECTION((0.,0.,1.));
#4622=IFCEXTRUDEDAREASOLID(#4616,#4620,#4621,1.9499999992549419);
#4623=IFCCARTESIANPOINTLIST2D(((0.,0.),(0.,-0.040000000000000001),(-0.11999999999999988,-0.040000000000000001),(-0.11999999999999988,-0.02),(-0.020000000000000018,-0.02),(-0.020000000000000018,0.)));
#4624=IFCINDEXEDPOLYCURVE(#4623,(IFCLINEINDEX((1,2,3,4,5,6,1))),$);
#4625=IFCARBITRARYCLOSEDPROFILEDEF(.AREA.,$,#4624);
#4626=IFCCARTESIANPOINT((0.67710607014596458,0.02500000037252903,1.015000000372529));
#4627=IFCDIRECTION((0.,0.,1.));
#4628=IFCDIRECTION((1.,0.,0.));
#4629=IFCAXIS2PLACEMENT3D(#4626,#4627,#4628);
#4630=IFCDIRECTION((0.,0.,1.));
#4631=IFCEXTRUDEDAREASOLID(#4625,#4629,#4630,0.02);
#4632=IFCEXTRUDEDAREASOLID(#4633,#4636,#4640,0.02);
#4633=IFCARBITRARYCLOSEDPROFILEDEF(.AREA.,$,#4634);
#4634=IFCINDEXEDPOLYCURVE(#4635,(IFCLINEINDEX((1,2,3,4,5,6,1))),$);
#4635=IFCCARTESIANPOINTLIST2D(((0.,0.),(0.,0.040000000000000008),(-0.11999999999999988,0.040000000000000008),(-0.11999999999999988,0.020000000000000004),(-0.020000000000000018,0.020000000000000004),(-0.020000000000000018,0.)));
#4636=IFCAXIS2PLACEMENT3D(#4637,#4638,#4639);
#4637=IFCCARTESIANPOINT((0.67710607014596458,0.060000000521540642,1.015000000372529));
#4638=IFCDIRECTION((0.,0.,1.));
#4639=IFCDIRECTION((1.,0.,0.));
#4640=IFCDIRECTION((0.,0.,1.));
#4641=IFCSHAPEREPRESENTATION(#11,'Body','SweptSolid',(#4577,#4586,#4622,#4631,#4632,#4595,#4604,#4613));
#4642=IFCCARTESIANPOINTLIST2D(((0.,0.),(0.,0.040000006556510925),(0.02500000037252903,0.040000006556510925),(0.02500000037252903,0.02500000037252903),(0.075807996094226837,0.02500000037252903),(0.075807996094226837,0.)));
#4643=IFCINDEXEDPOLYCURVE(#4642,(IFCLINEINDEX((1,2,3,4,5,6,1))),$);
#4644=IFCINDEXEDPOLYCURVE(#4645,(IFCLINEINDEX((1,2,3,4,5,6,1))),$);
#4645=IFCCARTESIANPOINTLIST2D(((0.75210607051849365,0.),(0.75210607051849365,0.040000006556510925),(0.72710607014596462,0.040000006556510925),(0.72710607014596462,0.02500000037252903),(0.67629807442426682,0.02500000037252903),(0.67629807442426682,0.)));
#4646=IFCDIRECTION((1.,0.));
#4647=IFCCARTESIANPOINT((0.060000000521540642,0.040000006556510925));
#4648=IFCAXIS2PLACEMENT2D(#4647,#4646);
#4649=IFCELLIPSE(#4648,0.66710606962442398,0.70210606977343559);
#4650=IFCCARTESIANPOINT((0.72710607014596462,0.040000006556510925));
#4651=IFCCARTESIANPOINT((0.060000000521540642,0.74210607632994652));
#4652=IFCTRIMMEDCURVE(#4649,(#4650),(#4651),.T.,.CARTESIAN.);
#4653=IFCCARTESIANPOINTLIST2D(((0.02500000037252903,0.040000006556510925),(0.060000000521540642,0.040000006556510925),(0.060000000521540642,0.74210607632994652),(0.02500000037252903,0.74210607632994652)));
#4654=IFCINDEXEDPOLYCURVE(#4653,(IFCLINEINDEX((1,2,3,4,1))),$);
#4655=IFCSHAPEREPRESENTATION(#24,'Body','Curve2D',(#4643,#4644,#4652,#4654));
#4656=IFCCARTESIANPOINTLIST2D(((0.,0.),(0.75210607051849365,0.),(0.75210607051849365,2.),(0.,2.)));
#4657=IFCINDEXEDPOLYCURVE(#4656,(IFCLINEINDEX((1,2,3,4,1))),$);
#4658=IFCARBITRARYCLOSEDPROFILEDEF(.AREA.,$,#4657);
#4659=IFCCARTESIANPOINT((0.,-0.60000002384185791,0.));
#4660=IFCDIRECTION((0.,-1.,0.));
#4661=IFCDIRECTION((1.,0.,0.));
#4662=IFCAXIS2PLACEMENT3D(#4659,#4660,#4661);
#4663=IFCDIRECTION((0.,0.,-1.));
#4664=IFCEXTRUDEDAREASOLID(#4658,#4662,#4663,1.2);
#4665=IFCSHAPEREPRESENTATION(#11,'Body','SweptSolid',(#4664));
#4671=IFCCARTESIANPOINT((-0.007824900686741465,0.015000103380610641,0.));
#4672=IFCDIRECTION((0.,0.,1.));
#4673=IFCDIRECTION((0.99999999999999289,-1.1920928955077312E-07,0.));
#4674=IFCAXIS2PLACEMENT3D(#4671,#4672,#4673);
#4675=IFCLOCALPLACEMENT(#1082,#4674);
#4676=IFCCARTESIANPOINT((-8.8817841970012523E-16,0.,0.));
#4677=IFCDIRECTION((0.,0.,1.));
#4678=IFCDIRECTION((0.99999999999999989,0.,0.));
#4679=IFCAXIS2PLACEMENT3D(#4676,#4677,#4678);
#4680=IFCLOCALPLACEMENT(#4675,#4679);
#4681=IFCWINDOWTYPE('3iYLJjpAn7wuQAEDb8cwZ6',$,'Living-GF',$,$,(#4682),(#4691,#4739,#4761),$,$,.WINDOW.,.SINGLE_PANEL.,$,$);
#4682=IFCPROPERTYSET('1Z80r6rlj0a996H2PwiPs_',$,'BBIM_Window',$,(#4683));
#4683=IFCPROPERTYSINGLEVALUE('Data',$,IFCTEXT('{"window_type": "SINGLE_PANEL", "overall_height": 0.8999999761581421, "overall_width": 0.8600000143051147, "lining_properties": {"lining_depth": 0.05000000074505806, "lining_thickness": 0.05000000074505806, "lining_offset": 0.05000000074505806, "lining_to_panel_offset_x": 0.02500000037252903, "lining_to_panel_offset_y": 0.02500000037252903}, "panel_properties": {"frame_depth": [0.03500000014901161, 0.03500000014901161, 0.03500000014901161], "frame_thickness": [0.03500000014901161, 0.03500000014901161, 0.03500000014901161]}}'),$);
#4687=IFCCARTESIANPOINT((0.,0.,0.));
#4688=IFCDIRECTION((1.,0.,0.));
#4689=IFCDIRECTION((0.,0.,1.));
#4690=IFCAXIS2PLACEMENT3D(#4687,#4689,#4688);
#4691=IFCREPRESENTATIONMAP(#4690,#4830);
#4735=IFCCARTESIANPOINT((0.,0.,0.));
#4736=IFCDIRECTION((1.,0.,0.));
#4737=IFCDIRECTION((0.,0.,1.));
#4738=IFCAXIS2PLACEMENT3D(#4735,#4737,#4736);
#4739=IFCREPRESENTATIONMAP(#4738,#4873);
#4757=IFCCARTESIANPOINT((0.,0.,0.));
#4758=IFCDIRECTION((1.,0.,0.));
#4759=IFCDIRECTION((0.,0.,1.));
#4760=IFCAXIS2PLACEMENT3D(#4757,#4759,#4758);
#4761=IFCREPRESENTATIONMAP(#4760,#4896);
#4762=IFCWINDOW('2iw6suveL0TQquItH64MEl',$,'Window',$,$,#6300,#4772,$,0.89999997615814209,0.86000001430511475,$,.SINGLE_PANEL.,$);
#4764=IFCRELDEFINESBYTYPE('0TuDP_7_H7QRfCDlCnRPmQ',$,$,$,(#4762),#4681);
#4765=IFCCARTESIANPOINT((0.,0.,0.));
#4766=IFCDIRECTION((1.,0.,0.));
#4767=IFCDIRECTION((0.,1.,0.));
#4768=IFCDIRECTION((0.,0.,1.));
#4769=IFCCARTESIANTRANSFORMATIONOPERATOR3D(#4766,#4767,#4765,1.,#4768);
#4770=IFCMAPPEDITEM(#4691,#4769);
#4771=IFCSHAPEREPRESENTATION(#18,'Profile','MappedRepresentation',(#4770));
#4772=IFCPRODUCTDEFINITIONSHAPE($,$,(#4771,#4779,#4786));
#4773=IFCCARTESIANPOINT((0.,0.,0.));
#4774=IFCDIRECTION((1.,0.,0.));
#4775=IFCDIRECTION((0.,1.,0.));
#4776=IFCDIRECTION((0.,0.,1.));
#4777=IFCCARTESIANTRANSFORMATIONOPERATOR3D(#4774,#4775,#4773,1.,#4776);
#4778=IFCMAPPEDITEM(#4739,#4777);
#4779=IFCSHAPEREPRESENTATION(#11,'Body','MappedRepresentation',(#4778));
#4780=IFCCARTESIANPOINT((0.,0.,0.));
#4781=IFCDIRECTION((1.,0.,0.));
#4782=IFCDIRECTION((0.,1.,0.));
#4783=IFCDIRECTION((0.,0.,1.));
#4784=IFCCARTESIANTRANSFORMATIONOPERATOR3D(#4781,#4782,#4780,1.,#4783);
#4785=IFCMAPPEDITEM(#4761,#4784);
#4786=IFCSHAPEREPRESENTATION(#24,'Body','MappedRepresentation',(#4785));
#4787=IFCOPENINGELEMENT('1Nkx1FXuf4Ix7fYSyB$aDq',$,'Opening',$,$,#4931,#4815,$,.OPENING.);
#4803=IFCCARTESIANPOINT((0.,0.,0.));
#4804=IFCDIRECTION((1.,0.,0.));
#4805=IFCDIRECTION((0.,0.,1.));
#4806=IFCAXIS2PLACEMENT3D(#4803,#4805,#4804);
#4807=IFCREPRESENTATIONMAP(#4806,#4906);
#4808=IFCCARTESIANPOINT((0.,0.,0.));
#4809=IFCDIRECTION((1.,0.,0.));
#4810=IFCDIRECTION((0.,1.,0.));
#4811=IFCDIRECTION((0.,0.,1.));
#4812=IFCCARTESIANTRANSFORMATIONOPERATOR3D(#4809,#4810,#4808,1.,#4811);
#4813=IFCMAPPEDITEM(#4807,#4812);
#4814=IFCSHAPEREPRESENTATION(#11,'Body','MappedRepresentation',(#4813));
#4815=IFCPRODUCTDEFINITIONSHAPE($,$,(#4814));
#4816=IFCRELVOIDSELEMENT('0v_$uFXyv4fxuS$WJUpBJx',$,$,$,#207,#4787);
#4822=IFCRELFILLSELEMENT('3zsWwTPuD2Xeo9GAQrQ6ze',$,$,$,#4787,#4762);
#4828=IFCCARTESIANPOINTLIST3D(((0.,0.,0.),(0.86000001430511475,0.,0.),(0.86000001430511475,0.,0.89999997615814209),(0.,0.,0.89999997615814209)));
#4829=IFCINDEXEDPOLYCURVE(#4828,(IFCLINEINDEX((1,2,3,4,1))),$);
#4830=IFCSHAPEREPRESENTATION(#18,'Profile','Curve3D',(#4829));
#4831=IFCCARTESIANPOINTLIST2D(((0.,0.),(0.86000001430511475,0.),(0.86000001430511475,0.89999997615814209),(0.,0.89999997615814209)));
#4832=IFCINDEXEDPOLYCURVE(#4831,(IFCLINEINDEX((1,2,3,4,1))),$);
#4833=IFCCARTESIANPOINTLIST2D(((0.02500000037252903,0.02500000037252903),(0.83500001393258572,0.02500000037252903),(0.83500001393258572,0.87499997578561306),(0.02500000037252903,0.87499997578561306)));
#4834=IFCINDEXEDPOLYCURVE(#4833,(IFCLINEINDEX((1,2,3,4,1))),$);
#4835=IFCARBITRARYPROFILEDEFWITHVOIDS(.AREA.,$,#4832,(#4834));
#4836=IFCCARTESIANPOINT((0.,0.090000001713633537,0.));
#4837=IFCDIRECTION((0.,-1.,0.));
#4838=IFCDIRECTION((1.,0.,0.));
#4839=IFCAXIS2PLACEMENT3D(#4836,#4837,#4838);
#4840=IFCDIRECTION((0.,0.,-1.));
#4841=IFCEXTRUDEDAREASOLID(#4835,#4839,#4840,0.0099999997764825821);
#4842=IFCCARTESIANPOINTLIST2D(((0.,0.),(0.86000001430511475,0.),(0.86000001430511475,0.89999997615814209),(0.,0.89999997615814209)));
#4843=IFCINDEXEDPOLYCURVE(#4842,(IFCLINEINDEX((1,2,3,4,1))),$);
#4844=IFCCARTESIANPOINTLIST2D(((0.05000000074505806,0.05000000074505806),(0.81000001356005669,0.05000000074505806),(0.81000001356005669,0.84999997541308403),(0.05000000074505806,0.84999997541308403)));
#4845=IFCINDEXEDPOLYCURVE(#4844,(IFCLINEINDEX((1,2,3,4,1))),$);
#4846=IFCARBITRARYPROFILEDEFWITHVOIDS(.AREA.,$,#4843,(#4845));
#4847=IFCCARTESIANPOINT((0.,0.05000000074505806,0.));
#4848=IFCDIRECTION((0.,-1.,0.));
#4849=IFCDIRECTION((1.,0.,0.));
#4850=IFCAXIS2PLACEMENT3D(#4847,#4848,#4849);
#4851=IFCDIRECTION((0.,0.,-1.));
#4852=IFCEXTRUDEDAREASOLID(#4846,#4850,#4851,0.040000000968575478);
#4853=IFCCARTESIANPOINTLIST2D(((0.,0.),(0.81000001356005669,0.),(0.81000001356005669,0.84999997541308403),(0.,0.84999997541308403)));
#4854=IFCINDEXEDPOLYCURVE(#4853,(IFCLINEINDEX((1,2,3,4,1))),$);
#4855=IFCCARTESIANPOINTLIST2D(((0.035000000149011612,0.035000000149011612),(0.77500001341104507,0.035000000149011612),(0.77500001341104507,0.81499997526407242),(0.035000000149011612,0.81499997526407242)));
#4856=IFCINDEXEDPOLYCURVE(#4855,(IFCLINEINDEX((1,2,3,4,1))),$);
#4857=IFCARBITRARYPROFILEDEFWITHVOIDS(.AREA.,$,#4854,(#4856));
#4858=IFCCARTESIANPOINT((0.02500000037252903,0.090000001713633537,0.02500000037252903));
#4859=IFCDIRECTION((0.,-1.,0.));
#4860=IFCDIRECTION((1.,0.,0.));
#4861=IFCAXIS2PLACEMENT3D(#4858,#4859,#4860);
#4862=IFCDIRECTION((0.,0.,-1.));
#4863=IFCEXTRUDEDAREASOLID(#4857,#4861,#4862,0.035000000149011612);
#4864=IFCINDEXEDPOLYCURVE(#4865,(IFCLINEINDEX((1,2,3,4,1))),$);
#4865=IFCCARTESIANPOINTLIST2D(((0.035000000149011612,0.035000000149011612),(0.77500001341104507,0.035000000149011612),(0.77500001341104507,0.81499997526407242),(0.035000000149011612,0.81499997526407242)));
#4866=IFCARBITRARYCLOSEDPROFILEDEF(.AREA.,$,#4864);
#4867=IFCCARTESIANPOINT((0.02500000037252903,0.10250000178813934,0.02500000037252903));
#4868=IFCDIRECTION((0.,-1.,0.));
#4869=IFCDIRECTION((1.,0.,0.));
#4870=IFCAXIS2PLACEMENT3D(#4867,#4868,#4869);
#4871=IFCDIRECTION((0.,0.,-1.));
#4872=IFCEXTRUDEDAREASOLID(#4866,#4870,#4871,0.01);
#4873=IFCSHAPEREPRESENTATION(#11,'Body','SweptSolid',(#4841,#4852,#4863,#4872));
#4874=IFCSHAPEREPRESENTATION(#11,'Body','SweptSolid',(#4841,#4852));
#4875=IFCSHAPEASPECT((#4874),'Lining',$,.T.,#4772);
#4876=IFCSHAPEREPRESENTATION(#11,'Body','SweptSolid',(#4863));
#4877=IFCSHAPEASPECT((#4876),'Framing',$,.T.,#4772);
#4878=IFCSHAPEREPRESENTATION(#11,'Body','SweptSolid',(#4872));
#4879=IFCSHAPEASPECT((#4878),'Glazing',$,.T.,#4772);
#4880=IFCCARTESIANPOINTLIST2D(((0.05000000074505806,0.05000000074505806),(0.81000001356005669,0.05000000074505806)));
#4881=IFCINDEXEDPOLYCURVE(#4880,$,$);
#4882=IFCCARTESIANPOINTLIST2D(((0.,0.10000000149011612),(0.02500000037252903,0.10000000149011612),(0.02500000037252903,0.090000001713633537),(0.05000000074505806,0.090000001713633537),(0.05000000074505806,0.05000000074505806),(0.,0.05000000074505806)));
#4883=IFCINDEXEDPOLYCURVE(#4882,(IFCLINEINDEX((1,2,3,4,5,6,1))),$);
#4884=IFCCARTESIANPOINTLIST2D(((0.86000001430511475,0.10000000149011612),(0.83500001393258572,0.10000000149011612),(0.83500001393258572,0.090000001713633537),(0.81000001356005669,0.090000001713633537),(0.81000001356005669,0.05000000074505806),(0.86000001430511475,0.05000000074505806)));
#4885=IFCINDEXEDPOLYCURVE(#4884,(IFCLINEINDEX((1,2,3,4,5,6,1))),$);
#4886=IFCCARTESIANPOINTLIST2D(((0.02500000037252903,0.090000001713633537),(0.060000000521540642,0.090000001713633537),(0.060000000521540642,0.12500000186264515),(0.02500000037252903,0.12500000186264515)));
#4887=IFCINDEXEDPOLYCURVE(#4886,(IFCLINEINDEX((1,2,3,4,1))),$);
#4888=IFCINDEXEDPOLYCURVE(#4889,(IFCLINEINDEX((1,2,3,4,1))),$);
#4889=IFCCARTESIANPOINTLIST2D(((0.83500001393258572,0.090000001713633537),(0.8000000137835741,0.090000001713633537),(0.8000000137835741,0.12500000186264515),(0.83500001393258572,0.12500000186264515)));
#4890=IFCCARTESIANPOINTLIST2D(((0.060000000521540642,0.090000001713633537),(0.8000000137835741,0.090000001713633537)));
#4891=IFCINDEXEDPOLYCURVE(#4890,$,$);
#4892=IFCINDEXEDPOLYCURVE(#4893,$,$);
#4893=IFCCARTESIANPOINTLIST2D(((0.060000000521540642,0.12500000186264515),(0.8000000137835741,0.12500000186264515)));
#4894=IFCINDEXEDPOLYCURVE(#4895,$,$);
#4895=IFCCARTESIANPOINTLIST2D(((0.060000000521540642,0.10750000178813934),(0.8000000137835741,0.10750000178813934)));
#4896=IFCSHAPEREPRESENTATION(#24,'Body','Curve2D',(#4881,#4883,#4885,#4887,#4888,#4891,#4892,#4894));
#4897=IFCCARTESIANPOINTLIST2D(((0.,0.),(0.86000001430511475,0.),(0.86000001430511475,0.89999997615814209),(0.,0.89999997615814209)));
#4898=IFCINDEXEDPOLYCURVE(#4897,(IFCLINEINDEX((1,2,3,4,1))),$);
#4899=IFCARBITRARYCLOSEDPROFILEDEF(.AREA.,$,#4898);
#4900=IFCCARTESIANPOINT((0.,-0.60000002384185791,0.));
#4901=IFCDIRECTION((0.,-1.,0.));
#4902=IFCDIRECTION((1.,0.,0.));
#4903=IFCAXIS2PLACEMENT3D(#4900,#4901,#4902);
#4904=IFCDIRECTION((0.,0.,-1.));
#4905=IFCEXTRUDEDAREASOLID(#4899,#4903,#4904,1.2);
#4906=IFCSHAPEREPRESENTATION(#11,'Body','SweptSolid',(#4905));
#4927=IFCCARTESIANPOINT((1.7221130553864552,2.384185791015625E-07,1.));
#4928=IFCDIRECTION((0.,0.,1.));
#4929=IFCDIRECTION((0.99999999999997158,-2.3841857910155572E-07,0.));
#4930=IFCAXIS2PLACEMENT3D(#4927,#4928,#4929);
#4931=IFCLOCALPLACEMENT(#1419,#4930);
#4937=IFCWINDOWTYPE('0SW31G72f5DPDDM6sf$QeW',$,'Guest-1-GF',$,$,(#4938),(#4940,#4948,#4996),$,$,.WINDOW.,.SINGLE_PANEL.,$,$);
#4938=IFCPROPERTYSET('1jdDrJ5UjDlgXANtyxlDSp',$,'BBIM_Window',$,(#4939));
#4939=IFCPROPERTYSINGLEVALUE('Data',$,IFCTEXT('{"window_type": "DOUBLE_PANEL_VERTICAL", "overall_height": 0.8999999761581421, "overall_width": 1.2047123908996582, "lining_properties": {"lining_depth": 0.05000000074505806, "lining_thickness": 0.05000000074505806, "lining_offset": 0.05000000074505806, "lining_to_panel_offset_x": 0.02500000037252903, "lining_to_panel_offset_y": 0.02500000037252903, "mullion_thickness": 0.05000000074505806, "first_mullion_offset": 0.6057616472244263}, "panel_properties": {"frame_depth": [0.03500000014901161, 0.03500000014901161, 0.03500000014901161], "frame_thickness": [0.03500000014901161, 0.03500000014901161, 0.03500000014901161]}}'),$);
#4940=IFCREPRESENTATIONMAP(#4941,#5131);
#4941=IFCAXIS2PLACEMENT3D(#4942,#4943,#4944);
#4942=IFCCARTESIANPOINT((0.,0.,0.));
#4943=IFCDIRECTION((0.,0.,1.));
#4944=IFCDIRECTION((1.,0.,0.));
#4948=IFCREPRESENTATIONMAP(#4949,#5212);
#4949=IFCAXIS2PLACEMENT3D(#4950,#4951,#4952);
#4950=IFCCARTESIANPOINT((0.,0.,0.));
#4951=IFCDIRECTION((0.,0.,1.));
#4952=IFCDIRECTION((1.,0.,0.));
#4996=IFCREPRESENTATIONMAP(#4997,#5251);
#4997=IFCAXIS2PLACEMENT3D(#4998,#4999,#5000);
#4998=IFCCARTESIANPOINT((0.,0.,0.));
#4999=IFCDIRECTION((0.,0.,1.));
#5000=IFCDIRECTION((1.,0.,0.));
#5018=IFCWINDOW('3eCBqfezf2_g9NClJHMu6K',$,'Window',$,$,#5276,#5028,$,0.89999997615814209,1.2047123908996582,$,.DOUBLE_PANEL_VERTICAL.,$);
#5020=IFCRELDEFINESBYTYPE('1_ujSXNRn8CguuALeprYWG',$,$,$,(#5018),#4937);
#5021=IFCCARTESIANPOINT((0.,0.,0.));
#5022=IFCDIRECTION((1.,0.,0.));
#5023=IFCDIRECTION((0.,1.,0.));
#5024=IFCDIRECTION((0.,0.,1.));
#5025=IFCCARTESIANTRANSFORMATIONOPERATOR3D(#5022,#5023,#5021,1.,#5024);
#5026=IFCMAPPEDITEM(#4940,#5025);
#5027=IFCSHAPEREPRESENTATION(#18,'Profile','MappedRepresentation',(#5026));
#5028=IFCPRODUCTDEFINITIONSHAPE($,$,(#5027,#5035,#5042));
#5029=IFCCARTESIANPOINT((0.,0.,0.));
#5030=IFCDIRECTION((1.,0.,0.));
#5031=IFCDIRECTION((0.,1.,0.));
#5032=IFCDIRECTION((0.,0.,1.));
#5033=IFCCARTESIANTRANSFORMATIONOPERATOR3D(#5030,#5031,#5029,1.,#5032);
#5034=IFCMAPPEDITEM(#4948,#5033);
#5035=IFCSHAPEREPRESENTATION(#11,'Body','MappedRepresentation',(#5034));
#5036=IFCCARTESIANPOINT((0.,0.,0.));
#5037=IFCDIRECTION((1.,0.,0.));
#5038=IFCDIRECTION((0.,1.,0.));
#5039=IFCDIRECTION((0.,0.,1.));
#5040=IFCCARTESIANTRANSFORMATIONOPERATOR3D(#5037,#5038,#5036,1.,#5039);
#5041=IFCMAPPEDITEM(#4996,#5040);
#5042=IFCSHAPEREPRESENTATION(#24,'Body','MappedRepresentation',(#5041));
#5043=IFCOPENINGELEMENT('0w1JLmuQb30Ra_aAtVijXs',$,'Opening',$,$,#5271,#5071,$,.OPENING.);
#5059=IFCCARTESIANPOINT((0.,0.,0.));
#5060=IFCDIRECTION((1.,0.,0.));
#5061=IFCDIRECTION((0.,0.,1.));
#5062=IFCAXIS2PLACEMENT3D(#5059,#5061,#5060);
#5063=IFCREPRESENTATIONMAP(#5062,#5261);
#5064=IFCCARTESIANPOINT((0.,0.,0.));
#5065=IFCDIRECTION((1.,0.,0.));
#5066=IFCDIRECTION((0.,1.,0.));
#5067=IFCDIRECTION((0.,0.,1.));
#5068=IFCCARTESIANTRANSFORMATIONOPERATOR3D(#5065,#5066,#5064,1.,#5067);
#5069=IFCMAPPEDITEM(#5063,#5068);
#5070=IFCSHAPEREPRESENTATION(#11,'Body','MappedRepresentation',(#5069));
#5071=IFCPRODUCTDEFINITIONSHAPE($,$,(#5070));
#5072=IFCRELVOIDSELEMENT('2LFu4ovOrCXhMOKVb1yRYC',$,$,$,#512,#5043);
#5078=IFCRELFILLSELEMENT('2Hmuafhj59iwz1BCNo$j71',$,$,$,#5043,#5018);
#5129=IFCCARTESIANPOINTLIST3D(((0.,0.,0.),(1.2047123908996582,0.,0.),(1.2047123908996582,0.,0.89999997615814209),(0.,0.,0.89999997615814209)));
#5130=IFCINDEXEDPOLYCURVE(#5129,(IFCLINEINDEX((1,2,3,4,1))),$);
#5131=IFCSHAPEREPRESENTATION(#18,'Profile','Curve3D',(#5130));
#5132=IFCCARTESIANPOINTLIST2D(((0.60576164722442627,0.),(0.,0.),(0.,0.89999997615814209),(0.60576164722442627,0.89999997615814209),(0.60576164722442627,0.87499997578561306),(0.02500000037252903,0.87499997578561306),(0.02500000037252903,0.02500000037252903),(0.60576164722442627,0.02500000037252903)));
#5133=IFCINDEXEDPOLYCURVE(#5132,(IFCLINEINDEX((1,2,3,4,5,6,7,8,1))),$);
#5134=IFCARBITRARYCLOSEDPROFILEDEF(.AREA.,$,#5133);
#5135=IFCCARTESIANPOINT((0.,0.090000001713633537,0.));
#5136=IFCDIRECTION((0.,-1.,0.));
#5137=IFCDIRECTION((1.,0.,0.));
#5138=IFCAXIS2PLACEMENT3D(#5135,#5136,#5137);
#5139=IFCDIRECTION((0.,0.,-1.));
#5140=IFCEXTRUDEDAREASOLID(#5134,#5138,#5139,0.0099999997764825821);
#5141=IFCCARTESIANPOINTLIST2D(((0.,0.),(0.60576164722442627,0.),(0.60576164722442627,0.89999997615814209),(0.,0.89999997615814209)));
#5142=IFCINDEXEDPOLYCURVE(#5141,(IFCLINEINDEX((1,2,3,4,1))),$);
#5143=IFCCARTESIANPOINTLIST2D(((0.05000000074505806,0.05000000074505806),(0.58076164685189724,0.05000000074505806),(0.58076164685189724,0.84999997541308403),(0.05000000074505806,0.84999997541308403)));
#5144=IFCINDEXEDPOLYCURVE(#5143,(IFCLINEINDEX((1,2,3,4,1))),$);
#5145=IFCARBITRARYPROFILEDEFWITHVOIDS(.AREA.,$,#5142,(#5144));
#5146=IFCCARTESIANPOINT((0.,0.05000000074505806,0.));
#5147=IFCDIRECTION((0.,-1.,0.));
#5148=IFCDIRECTION((1.,0.,0.));
#5149=IFCAXIS2PLACEMENT3D(#5146,#5147,#5148);
#5150=IFCDIRECTION((0.,0.,-1.));
#5151=IFCEXTRUDEDAREASOLID(#5145,#5149,#5150,0.040000000968575478);
#5152=IFCCARTESIANPOINTLIST2D(((0.,0.),(0.58076164685189724,0.),(0.58076164685189724,0.84999997541308403),(0.,0.84999997541308403)));
#5153=IFCINDEXEDPOLYCURVE(#5152,(IFCLINEINDEX((1,2,3,4,1))),$);
#5154=IFCCARTESIANPOINTLIST2D(((0.035000000149011612,0.035000000149011612),(0.54576164670288563,0.035000000149011612),(0.54576164670288563,0.81499997526407242),(0.035000000149011612,0.81499997526407242)));
#5155=IFCINDEXEDPOLYCURVE(#5154,(IFCLINEINDEX((1,2,3,4,1))),$);
#5156=IFCARBITRARYPROFILEDEFWITHVOIDS(.AREA.,$,#5153,(#5155));
#5157=IFCCARTESIANPOINT((0.02500000037252903,0.090000001713633537,0.02500000037252903));
#5158=IFCDIRECTION((0.,-1.,0.));
#5159=IFCDIRECTION((1.,0.,0.));
#5160=IFCAXIS2PLACEMENT3D(#5157,#5158,#5159);
#5161=IFCDIRECTION((0.,0.,-1.));
#5162=IFCEXTRUDEDAREASOLID(#5156,#5160,#5161,0.035000000149011612);
#5163=IFCINDEXEDPOLYCURVE(#5164,(IFCLINEINDEX((1,2,3,4,1))),$);
#5164=IFCCARTESIANPOINTLIST2D(((0.035000000149011612,0.035000000149011612),(0.54576164670288563,0.035000000149011612),(0.54576164670288563,0.81499997526407242),(0.035000000149011612,0.81499997526407242)));
#5165=IFCARBITRARYCLOSEDPROFILEDEF(.AREA.,$,#5163);
#5166=IFCCARTESIANPOINT((0.02500000037252903,0.10250000178813934,0.02500000037252903));
#5167=IFCDIRECTION((0.,-1.,0.));
#5168=IFCDIRECTION((1.,0.,0.));
#5169=IFCAXIS2PLACEMENT3D(#5166,#5167,#5168);
#5170=IFCDIRECTION((0.,0.,-1.));
#5171=IFCEXTRUDEDAREASOLID(#5165,#5169,#5170,0.01);
#5172=IFCCARTESIANPOINTLIST2D(((0.,0.89999997615814209),(0.59895074367523193,0.89999997615814209),(0.59895074367523193,0.),(0.,0.),(0.,0.02500000037252903),(0.5739507433027029,0.02500000037252903),(0.5739507433027029,0.87499997578561306),(0.,0.87499997578561306)));
#5173=IFCINDEXEDPOLYCURVE(#5172,(IFCLINEINDEX((1,2,3,4,5,6,7,8,1))),$);
#5174=IFCARBITRARYCLOSEDPROFILEDEF(.AREA.,$,#5173);
#5175=IFCCARTESIANPOINT((0.60576164722442627,0.090000001713633537,0.));
#5176=IFCDIRECTION((0.,-1.,0.));
#5177=IFCDIRECTION((1.,0.,0.));
#5178=IFCAXIS2PLACEMENT3D(#5175,#5176,#5177);
#5179=IFCDIRECTION((0.,0.,-1.));
#5180=IFCEXTRUDEDAREASOLID(#5174,#5178,#5179,0.0099999997764825821);
#5181=IFCCARTESIANPOINTLIST2D(((0.,0.),(0.59895074367523193,0.),(0.59895074367523193,0.89999997615814209),(0.,0.89999997615814209)));
#5182=IFCINDEXEDPOLYCURVE(#5181,(IFCLINEINDEX((1,2,3,4,1))),$);
#5183=IFCCARTESIANPOINTLIST2D(((0.02500000037252903,0.05000000074505806),(0.54895074293017387,0.05000000074505806),(0.54895074293017387,0.84999997541308403),(0.02500000037252903,0.84999997541308403)));
#5184=IFCINDEXEDPOLYCURVE(#5183,(IFCLINEINDEX((1,2,3,4,1))),$);
#5185=IFCARBITRARYPROFILEDEFWITHVOIDS(.AREA.,$,#5182,(#5184));
#5186=IFCCARTESIANPOINT((0.60576164722442627,0.05000000074505806,0.));
#5187=IFCDIRECTION((0.,-1.,0.));
#5188=IFCDIRECTION((1.,0.,0.));
#5189=IFCAXIS2PLACEMENT3D(#5186,#5187,#5188);
#5190=IFCDIRECTION((0.,0.,-1.));
#5191=IFCEXTRUDEDAREASOLID(#5185,#5189,#5190,0.040000000968575478);
#5192=IFCCARTESIANPOINTLIST2D(((0.,0.),(0.5739507433027029,0.),(0.5739507433027029,0.84999997541308403),(0.,0.84999997541308403)));
#5193=IFCINDEXEDPOLYCURVE(#5192,(IFCLINEINDEX((1,2,3,4,1))),$);
#5194=IFCCARTESIANPOINTLIST2D(((0.035000000149011612,0.035000000149011612),(0.53895074315369129,0.035000000149011612),(0.53895074315369129,0.81499997526407242),(0.035000000149011612,0.81499997526407242)));
#5195=IFCINDEXEDPOLYCURVE(#5194,(IFCLINEINDEX((1,2,3,4,1))),$);
#5196=IFCARBITRARYPROFILEDEFWITHVOIDS(.AREA.,$,#5193,(#5195));
#5197=IFCCARTESIANPOINT((0.60576164722442627,0.090000001713633537,0.02500000037252903));
#5198=IFCDIRECTION((0.,-1.,0.));
#5199=IFCDIRECTION((1.,0.,0.));
#5200=IFCAXIS2PLACEMENT3D(#5197,#5198,#5199);
#5201=IFCDIRECTION((0.,0.,-1.));
#5202=IFCEXTRUDEDAREASOLID(#5196,#5200,#5201,0.035000000149011612);
#5203=IFCINDEXEDPOLYCURVE(#5204,(IFCLINEINDEX((1,2,3,4,1))),$);
#5204=IFCCARTESIANPOINTLIST2D(((0.035000000149011612,0.035000000149011612),(0.53895074315369129,0.035000000149011612),(0.53895074315369129,0.81499997526407242),(0.035000000149011612,0.81499997526407242)));
#5205=IFCARBITRARYCLOSEDPROFILEDEF(.AREA.,$,#5203);
#5206=IFCCARTESIANPOINT((0.60576164722442627,0.10250000178813934,0.02500000037252903));
#5207=IFCDIRECTION((0.,-1.,0.));
#5208=IFCDIRECTION((1.,0.,0.));
#5209=IFCAXIS2PLACEMENT3D(#5206,#5207,#5208);
#5210=IFCDIRECTION((0.,0.,-1.));
#5211=IFCEXTRUDEDAREASOLID(#5205,#5209,#5210,0.01);
#5212=IFCSHAPEREPRESENTATION(#11,'Body','SweptSolid',(#5140,#5151,#5162,#5171,#5180,#5191,#5202,#5211));
#5213=IFCSHAPEREPRESENTATION(#11,'Body','SweptSolid',(#5140,#5151,#5180,#5191));
#5214=IFCSHAPEASPECT((#5213),'Lining',$,.T.,#5028);
#5215=IFCSHAPEREPRESENTATION(#11,'Body','SweptSolid',(#5162,#5202));
#5216=IFCSHAPEASPECT((#5215),'Framing',$,.T.,#5028);
#5217=IFCSHAPEREPRESENTATION(#11,'Body','SweptSolid',(#5171,#5211));
#5218=IFCSHAPEASPECT((#5217),'Glazing',$,.T.,#5028);
#5219=IFCCARTESIANPOINTLIST2D(((0.05000000074505806,0.05000000074505806),(0.58076164685189724,0.05000000074505806)));
#5220=IFCINDEXEDPOLYCURVE(#5219,$,$);
#5221=IFCCARTESIANPOINTLIST2D(((0.,0.10000000149011612),(0.02500000037252903,0.10000000149011612),(0.02500000037252903,0.090000001713633537),(0.05000000074505806,0.090000001713633537),(0.05000000074505806,0.05000000074505806),(0.,0.05000000074505806)));
#5222=IFCINDEXEDPOLYCURVE(#5221,(IFCLINEINDEX((1,2,3,4,5,6,1))),$);
#5223=IFCCARTESIANPOINTLIST2D(((0.60576164722442627,0.10000000149011612),(0.60576164722442627,0.10000000149011612),(0.60576164722442627,0.090000001713633537),(0.58076164685189724,0.090000001713633537),(0.58076164685189724,0.05000000074505806),(0.60576164722442627,0.05000000074505806)));
#5224=IFCINDEXEDPOLYCURVE(#5223,$,$);
#5225=IFCCARTESIANPOINTLIST2D(((0.02500000037252903,0.090000001713633537),(0.060000000521540642,0.090000001713633537),(0.060000000521540642,0.12500000186264515),(0.02500000037252903,0.12500000186264515)));
#5226=IFCINDEXEDPOLYCURVE(#5225,(IFCLINEINDEX((1,2,3,4,1))),$);
#5227=IFCINDEXEDPOLYCURVE(#5228,(IFCLINEINDEX((1,2,3,4,1))),$);
#5228=IFCCARTESIANPOINTLIST2D(((0.60576164722442627,0.090000001713633537),(0.57076164707541466,0.090000001713633537),(0.57076164707541466,0.12500000186264515),(0.60576164722442627,0.12500000186264515)));
#5229=IFCCARTESIANPOINTLIST2D(((0.060000000521540642,0.090000001713633537),(0.57076164707541466,0.090000001713633537)));
#5230=IFCINDEXEDPOLYCURVE(#5229,$,$);
#5231=IFCINDEXEDPOLYCURVE(#5232,$,$);
#5232=IFCCARTESIANPOINTLIST2D(((0.060000000521540642,0.12500000186264515),(0.57076164707541466,0.12500000186264515)));
#5233=IFCINDEXEDPOLYCURVE(#5234,$,$);
#5234=IFCCARTESIANPOINTLIST2D(((0.060000000521540642,0.10750000178813934),(0.57076164707541466,0.10750000178813934)));
#5235=IFCCARTESIANPOINTLIST2D(((0.6307616475969553,0.05000000074505806),(1.1547123901546001,0.05000000074505806)));
#5236=IFCINDEXEDPOLYCURVE(#5235,$,$);
#5237=IFCCARTESIANPOINTLIST2D(((0.60576164722442627,0.10000000149011612),(0.60576164722442627,0.10000000149011612),(0.60576164722442627,0.090000001713633537),(0.6307616475969553,0.090000001713633537),(0.6307616475969553,0.05000000074505806),(0.60576164722442627,0.05000000074505806)));
#5238=IFCINDEXEDPOLYCURVE(#5237,$,$);
#5239=IFCCARTESIANPOINTLIST2D(((1.2047123908996582,0.10000000149011612),(1.1797123905271292,0.10000000149011612),(1.1797123905271292,0.090000001713633537),(1.1547123901546001,0.090000001713633537),(1.1547123901546001,0.05000000074505806),(1.2047123908996582,0.05000000074505806)));
#5240=IFCINDEXEDPOLYCURVE(#5239,(IFCLINEINDEX((1,2,3,4,5,6,1))),$);
#5241=IFCCARTESIANPOINTLIST2D(((0.60576164722442627,0.090000001713633537),(0.64076164737343788,0.090000001713633537),(0.64076164737343788,0.12500000186264515),(0.60576164722442627,0.12500000186264515)));
#5242=IFCINDEXEDPOLYCURVE(#5241,(IFCLINEINDEX((1,2,3,4,1))),$);
#5243=IFCINDEXEDPOLYCURVE(#5244,(IFCLINEINDEX((1,2,3,4,1))),$);
#5244=IFCCARTESIANPOINTLIST2D(((1.1797123905271292,0.090000001713633537),(1.1447123903781176,0.090000001713633537),(1.1447123903781176,0.12500000186264515),(1.1797123905271292,0.12500000186264515)));
#5245=IFCCARTESIANPOINTLIST2D(((0.64076164737343788,0.090000001713633537),(1.1447123903781176,0.090000001713633537)));
#5246=IFCINDEXEDPOLYCURVE(#5245,$,$);
#5247=IFCINDEXEDPOLYCURVE(#5248,$,$);
#5248=IFCCARTESIANPOINTLIST2D(((0.64076164737343788,0.12500000186264515),(1.1447123903781176,0.12500000186264515)));
#5249=IFCINDEXEDPOLYCURVE(#5250,$,$);
#5250=IFCCARTESIANPOINTLIST2D(((0.64076164737343788,0.10750000178813934),(1.1447123903781176,0.10750000178813934)));
#5251=IFCSHAPEREPRESENTATION(#24,'Body','Curve2D',(#5220,#5222,#5224,#5226,#5227,#5230,#5231,#5233,#5236,#5238,#5240,#5242,#5243,#5246,#5247,#5249));
#5252=IFCCARTESIANPOINTLIST2D(((0.,0.),(1.2047123908996582,0.),(1.2047123908996582,0.89999997615814209),(0.,0.89999997615814209)));
#5253=IFCINDEXEDPOLYCURVE(#5252,(IFCLINEINDEX((1,2,3,4,1))),$);
#5254=IFCARBITRARYCLOSEDPROFILEDEF(.AREA.,$,#5253);
#5255=IFCCARTESIANPOINT((0.,-0.60000002384185791,0.));
#5256=IFCDIRECTION((0.,-1.,0.));
#5257=IFCDIRECTION((1.,0.,0.));
#5258=IFCAXIS2PLACEMENT3D(#5255,#5256,#5257);
#5259=IFCDIRECTION((0.,0.,-1.));
#5260=IFCEXTRUDEDAREASOLID(#5254,#5258,#5259,1.2);
#5261=IFCSHAPEREPRESENTATION(#11,'Body','SweptSolid',(#5260));
#5267=IFCCARTESIANPOINT((1.0340791636375748,1.0430812835693359E-06,1.));
#5268=IFCDIRECTION((0.,0.,1.));
#5269=IFCDIRECTION((0.99999999999988631,-4.7683715820307079E-07,0.));
#5270=IFCAXIS2PLACEMENT3D(#5267,#5268,#5269);
#5271=IFCLOCALPLACEMENT(#794,#5270);
#5272=IFCCARTESIANPOINT((4.4408920985006262E-16,0.,0.));
#5273=IFCDIRECTION((0.,0.,1.));
#5274=IFCDIRECTION((1.,0.,0.));
#5275=IFCAXIS2PLACEMENT3D(#5272,#5273,#5274);
#5276=IFCLOCALPLACEMENT(#5271,#5275);
#5415=IFCWINDOWTYPE('2xxzpuzbzBEvd7g3_kkn7t',$,'Guest-2-GF',$,$,(#5416),(#5418,#5426,#5474),$,$,.WINDOW.,.SINGLE_PANEL.,$,$);
#5416=IFCPROPERTYSET('2rWdF8f8f6S9Iz5wdPD0xY',$,'BBIM_Window',$,(#5417));
#5417=IFCPROPERTYSINGLEVALUE('Data',$,IFCTEXT('{"window_type": "SINGLE_PANEL", "overall_height": 0.8999999761581421, "overall_width": 0.8054691553115845, "lining_properties": {"lining_depth": 0.05000000074505806, "lining_thickness": 0.05000000074505806, "lining_offset": 0.05000000074505806, "lining_to_panel_offset_x": 0.02500000037252903, "lining_to_panel_offset_y": 0.02500000037252903}, "panel_properties": {"frame_depth": [0.03500000014901161, 0.03500000014901161, 0.03500000014901161], "frame_thickness": [0.03500000014901161, 0.03500000014901161, 0.03500000014901161]}}'),$);
#5418=IFCREPRESENTATIONMAP(#5419,#5703);
#5419=IFCAXIS2PLACEMENT3D(#5420,#5421,#5422);
#5420=IFCCARTESIANPOINT((0.,0.,0.));
#5421=IFCDIRECTION((0.,0.,1.));
#5422=IFCDIRECTION((1.,0.,0.));
#5426=IFCREPRESENTATIONMAP(#5427,#5746);
#5427=IFCAXIS2PLACEMENT3D(#5428,#5429,#5430);
#5428=IFCCARTESIANPOINT((0.,0.,0.));
#5429=IFCDIRECTION((0.,0.,1.));
#5430=IFCDIRECTION((1.,0.,0.));
#5474=IFCREPRESENTATIONMAP(#5475,#5763);
#5475=IFCAXIS2PLACEMENT3D(#5476,#5477,#5478);
#5476=IFCCARTESIANPOINT((0.,0.,0.));
#5477=IFCDIRECTION((0.,0.,1.));
#5478=IFCDIRECTION((1.,0.,0.));
#5496=IFCWINDOW('2XmunU1GXFv9vJGaTQERHp',$,'Window',$,$,#5788,#5506,$,0.89999997615814209,0.80546915531158447,$,.SINGLE_PANEL.,$);
#5498=IFCRELDEFINESBYTYPE('3xcavUVOb4xAcJ805ifISO',$,$,$,(#5496),#5415);
#5499=IFCCARTESIANPOINT((0.,0.,0.));
#5500=IFCDIRECTION((1.,0.,0.));
#5501=IFCDIRECTION((0.,1.,0.));
#5502=IFCDIRECTION((0.,0.,1.));
#5503=IFCCARTESIANTRANSFORMATIONOPERATOR3D(#5500,#5501,#5499,1.,#5502);
#5504=IFCMAPPEDITEM(#5418,#5503);
#5505=IFCSHAPEREPRESENTATION(#18,'Profile','MappedRepresentation',(#5504));
#5506=IFCPRODUCTDEFINITIONSHAPE($,$,(#5505,#5513,#5520));
#5507=IFCCARTESIANPOINT((0.,0.,0.));
#5508=IFCDIRECTION((1.,0.,0.));
#5509=IFCDIRECTION((0.,1.,0.));
#5510=IFCDIRECTION((0.,0.,1.));
#5511=IFCCARTESIANTRANSFORMATIONOPERATOR3D(#5508,#5509,#5507,1.,#5510);
#5512=IFCMAPPEDITEM(#5426,#5511);
#5513=IFCSHAPEREPRESENTATION(#11,'Body','MappedRepresentation',(#5512));
#5514=IFCCARTESIANPOINT((0.,0.,0.));
#5515=IFCDIRECTION((1.,0.,0.));
#5516=IFCDIRECTION((0.,1.,0.));
#5517=IFCDIRECTION((0.,0.,1.));
#5518=IFCCARTESIANTRANSFORMATIONOPERATOR3D(#5515,#5516,#5514,1.,#5517);
#5519=IFCMAPPEDITEM(#5474,#5518);
#5520=IFCSHAPEREPRESENTATION(#24,'Body','MappedRepresentation',(#5519));
#5521=IFCOPENINGELEMENT('325E_DVfnAtwboTOLBoFSD',$,'Opening',$,$,#5783,#5549,$,.OPENING.);
#5537=IFCCARTESIANPOINT((0.,0.,0.));
#5538=IFCDIRECTION((1.,0.,0.));
#5539=IFCDIRECTION((0.,0.,1.));
#5540=IFCAXIS2PLACEMENT3D(#5537,#5539,#5538);
#5541=IFCREPRESENTATIONMAP(#5540,#5773);
#5542=IFCCARTESIANPOINT((0.,0.,0.));
#5543=IFCDIRECTION((1.,0.,0.));
#5544=IFCDIRECTION((0.,1.,0.));
#5545=IFCDIRECTION((0.,0.,1.));
#5546=IFCCARTESIANTRANSFORMATIONOPERATOR3D(#5543,#5544,#5542,1.,#5545);
#5547=IFCMAPPEDITEM(#5541,#5546);
#5548=IFCSHAPEREPRESENTATION(#11,'Body','MappedRepresentation',(#5547));
#5549=IFCPRODUCTDEFINITIONSHAPE($,$,(#5548));
#5550=IFCRELVOIDSELEMENT('2f2YG6OAnDf9QK1u4hLWG0',$,$,$,#487,#5521);
#5556=IFCRELFILLSELEMENT('1UnEWZaYz388Mayb9KsY3U',$,$,$,#5521,#5496);
#5610=IFCCARTESIANPOINTLIST2D(((0.,0.),(0.80546915531158447,0.),(0.80546915531158447,0.89999997615814209),(0.,0.89999997615814209)));
#5611=IFCINDEXEDPOLYCURVE(#5610,(IFCLINEINDEX((1,2,3,4,1))),$);
#5612=IFCCARTESIANPOINTLIST2D(((0.02500000037252903,0.02500000037252903),(0.78046915493905544,0.02500000037252903),(0.78046915493905544,0.87499997578561306),(0.02500000037252903,0.87499997578561306)));
#5613=IFCINDEXEDPOLYCURVE(#5612,(IFCLINEINDEX((1,2,3,4,1))),$);
#5614=IFCARBITRARYPROFILEDEFWITHVOIDS(.AREA.,$,#5611,(#5613));
#5615=IFCCARTESIANPOINT((0.,0.090000001713633537,0.));
#5616=IFCDIRECTION((0.,-1.,0.));
#5617=IFCDIRECTION((1.,0.,0.));
#5618=IFCAXIS2PLACEMENT3D(#5615,#5616,#5617);
#5619=IFCDIRECTION((0.,0.,-1.));
#5620=IFCEXTRUDEDAREASOLID(#5614,#5618,#5619,0.0099999997764825821);
#5621=IFCCARTESIANPOINTLIST2D(((0.,0.),(0.80546915531158447,0.),(0.80546915531158447,0.89999997615814209),(0.,0.89999997615814209)));
#5622=IFCINDEXEDPOLYCURVE(#5621,(IFCLINEINDEX((1,2,3,4,1))),$);
#5623=IFCCARTESIANPOINTLIST2D(((0.05000000074505806,0.05000000074505806),(0.75546915456652641,0.05000000074505806),(0.75546915456652641,0.84999997541308403),(0.05000000074505806,0.84999997541308403)));
#5624=IFCINDEXEDPOLYCURVE(#5623,(IFCLINEINDEX((1,2,3,4,1))),$);
#5625=IFCARBITRARYPROFILEDEFWITHVOIDS(.AREA.,$,#5622,(#5624));
#5626=IFCCARTESIANPOINT((0.,0.05000000074505806,0.));
#5627=IFCDIRECTION((0.,-1.,0.));
#5628=IFCDIRECTION((1.,0.,0.));
#5629=IFCAXIS2PLACEMENT3D(#5626,#5627,#5628);
#5630=IFCDIRECTION((0.,0.,-1.));
#5631=IFCEXTRUDEDAREASOLID(#5625,#5629,#5630,0.040000000968575478);
#5632=IFCCARTESIANPOINTLIST2D(((0.,0.),(0.75546915456652641,0.),(0.75546915456652641,0.84999997541308403),(0.,0.84999997541308403)));
#5633=IFCINDEXEDPOLYCURVE(#5632,(IFCLINEINDEX((1,2,3,4,1))),$);
#5634=IFCCARTESIANPOINTLIST2D(((0.035000000149011612,0.035000000149011612),(0.7204691544175148,0.035000000149011612),(0.7204691544175148,0.81499997526407242),(0.035000000149011612,0.81499997526407242)));
#5635=IFCINDEXEDPOLYCURVE(#5634,(IFCLINEINDEX((1,2,3,4,1))),$);
#5636=IFCARBITRARYPROFILEDEFWITHVOIDS(.AREA.,$,#5633,(#5635));
#5637=IFCCARTESIANPOINT((0.02500000037252903,0.090000001713633537,0.02500000037252903));
#5638=IFCDIRECTION((0.,-1.,0.));
#5639=IFCDIRECTION((1.,0.,0.));
#5640=IFCAXIS2PLACEMENT3D(#5637,#5638,#5639);
#5641=IFCDIRECTION((0.,0.,-1.));
#5642=IFCEXTRUDEDAREASOLID(#5636,#5640,#5641,0.035000000149011612);
#5643=IFCINDEXEDPOLYCURVE(#5644,(IFCLINEINDEX((1,2,3,4,1))),$);
#5644=IFCCARTESIANPOINTLIST2D(((0.035000000149011612,0.035000000149011612),(0.7204691544175148,0.035000000149011612),(0.7204691544175148,0.81499997526407242),(0.035000000149011612,0.81499997526407242)));
#5645=IFCARBITRARYCLOSEDPROFILEDEF(.AREA.,$,#5643);
#5646=IFCCARTESIANPOINT((0.02500000037252903,0.10250000178813934,0.02500000037252903));
#5647=IFCDIRECTION((0.,-1.,0.));
#5648=IFCDIRECTION((1.,0.,0.));
#5649=IFCAXIS2PLACEMENT3D(#5646,#5647,#5648);
#5650=IFCDIRECTION((0.,0.,-1.));
#5651=IFCEXTRUDEDAREASOLID(#5645,#5649,#5650,0.01);
#5653=IFCSHAPEREPRESENTATION(#11,'Body','SweptSolid',(#5714,#5725,#5631,#5620));
#5654=IFCSHAPEASPECT((#5653),'Lining',$,.T.,#5506);
#5655=IFCSHAPEREPRESENTATION(#11,'Body','SweptSolid',(#5642,#5736));
#5656=IFCSHAPEASPECT((#5655),'Framing',$,.T.,#5506);
#5657=IFCSHAPEREPRESENTATION(#11,'Body','SweptSolid',(#5651,#5745));
#5658=IFCSHAPEASPECT((#5657),'Glazing',$,.T.,#5506);
#5701=IFCCARTESIANPOINTLIST3D(((0.,0.,0.),(0.80546915531158447,0.,0.),(0.80546915531158447,0.,0.89999997615814209),(0.,0.,0.89999997615814209)));
#5702=IFCINDEXEDPOLYCURVE(#5701,(IFCLINEINDEX((1,2,3,4,1))),$);
#5703=IFCSHAPEREPRESENTATION(#18,'Profile','Curve3D',(#5702));
#5704=IFCCARTESIANPOINTLIST2D(((0.,0.),(0.80546915531158447,0.),(0.80546915531158447,0.89999997615814209),(0.,0.89999997615814209)));
#5705=IFCINDEXEDPOLYCURVE(#5704,(IFCLINEINDEX((1,2,3,4,1))),$);
#5706=IFCCARTESIANPOINTLIST2D(((0.02500000037252903,0.02500000037252903),(0.78046915493905544,0.02500000037252903),(0.78046915493905544,0.87499997578561306),(0.02500000037252903,0.87499997578561306)));
#5707=IFCINDEXEDPOLYCURVE(#5706,(IFCLINEINDEX((1,2,3,4,1))),$);
#5708=IFCARBITRARYPROFILEDEFWITHVOIDS(.AREA.,$,#5705,(#5707));
#5709=IFCCARTESIANPOINT((0.,0.090000001713633537,0.));
#5710=IFCDIRECTION((0.,-1.,0.));
#5711=IFCDIRECTION((1.,0.,0.));
#5712=IFCAXIS2PLACEMENT3D(#5709,#5710,#5711);
#5713=IFCDIRECTION((0.,0.,-1.));
#5714=IFCEXTRUDEDAREASOLID(#5708,#5712,#5713,0.0099999997764825821);
#5715=IFCCARTESIANPOINTLIST2D(((0.,0.),(0.80546915531158447,0.),(0.80546915531158447,0.89999997615814209),(0.,0.89999997615814209)));
#5716=IFCINDEXEDPOLYCURVE(#5715,(IFCLINEINDEX((1,2,3,4,1))),$);
#5717=IFCCARTESIANPOINTLIST2D(((0.05000000074505806,0.05000000074505806),(0.75546915456652641,0.05000000074505806),(0.75546915456652641,0.84999997541308403),(0.05000000074505806,0.84999997541308403)));
#5718=IFCINDEXEDPOLYCURVE(#5717,(IFCLINEINDEX((1,2,3,4,1))),$);
#5719=IFCARBITRARYPROFILEDEFWITHVOIDS(.AREA.,$,#5716,(#5718));
#5720=IFCCARTESIANPOINT((0.,0.05000000074505806,0.));
#5721=IFCDIRECTION((0.,-1.,0.));
#5722=IFCDIRECTION((1.,0.,0.));
#5723=IFCAXIS2PLACEMENT3D(#5720,#5721,#5722);
#5724=IFCDIRECTION((0.,0.,-1.));
#5725=IFCEXTRUDEDAREASOLID(#5719,#5723,#5724,0.040000000968575478);
#5726=IFCCARTESIANPOINTLIST2D(((0.,0.),(0.75546915456652641,0.),(0.75546915456652641,0.84999997541308403),(0.,0.84999997541308403)));
#5727=IFCINDEXEDPOLYCURVE(#5726,(IFCLINEINDEX((1,2,3,4,1))),$);
#5728=IFCCARTESIANPOINTLIST2D(((0.035000000149011612,0.035000000149011612),(0.7204691544175148,0.035000000149011612),(0.7204691544175148,0.81499997526407242),(0.035000000149011612,0.81499997526407242)));
#5729=IFCINDEXEDPOLYCURVE(#5728,(IFCLINEINDEX((1,2,3,4,1))),$);
#5730=IFCARBITRARYPROFILEDEFWITHVOIDS(.AREA.,$,#5727,(#5729));
#5731=IFCCARTESIANPOINT((0.02500000037252903,0.090000001713633537,0.02500000037252903));
#5732=IFCDIRECTION((0.,-1.,0.));
#5733=IFCDIRECTION((1.,0.,0.));
#5734=IFCAXIS2PLACEMENT3D(#5731,#5732,#5733);
#5735=IFCDIRECTION((0.,0.,-1.));
#5736=IFCEXTRUDEDAREASOLID(#5730,#5734,#5735,0.035000000149011612);
#5737=IFCINDEXEDPOLYCURVE(#5738,(IFCLINEINDEX((1,2,3,4,1))),$);
#5738=IFCCARTESIANPOINTLIST2D(((0.035000000149011612,0.035000000149011612),(0.7204691544175148,0.035000000149011612),(0.7204691544175148,0.81499997526407242),(0.035000000149011612,0.81499997526407242)));
#5739=IFCARBITRARYCLOSEDPROFILEDEF(.AREA.,$,#5737);
#5740=IFCCARTESIANPOINT((0.02500000037252903,0.10250000178813934,0.02500000037252903));
#5741=IFCDIRECTION((0.,-1.,0.));
#5742=IFCDIRECTION((1.,0.,0.));
#5743=IFCAXIS2PLACEMENT3D(#5740,#5741,#5742);
#5744=IFCDIRECTION((0.,0.,-1.));
#5745=IFCEXTRUDEDAREASOLID(#5739,#5743,#5744,0.01);
#5746=IFCSHAPEREPRESENTATION(#11,'Body','SweptSolid',(#5714,#5725,#5736,#5745));
#5747=IFCCARTESIANPOINTLIST2D(((0.05000000074505806,0.05000000074505806),(0.75546915456652641,0.05000000074505806)));
#5748=IFCINDEXEDPOLYCURVE(#5747,$,$);
#5749=IFCCARTESIANPOINTLIST2D(((0.,0.10000000149011612),(0.02500000037252903,0.10000000149011612),(0.02500000037252903,0.090000001713633537),(0.05000000074505806,0.090000001713633537),(0.05000000074505806,0.05000000074505806),(0.,0.05000000074505806)));
#5750=IFCINDEXEDPOLYCURVE(#5749,(IFCLINEINDEX((1,2,3,4,5,6,1))),$);
#5751=IFCCARTESIANPOINTLIST2D(((0.80546915531158447,0.10000000149011612),(0.78046915493905544,0.10000000149011612),(0.78046915493905544,0.090000001713633537),(0.75546915456652641,0.090000001713633537),(0.75546915456652641,0.05000000074505806),(0.80546915531158447,0.05000000074505806)));
#5752=IFCINDEXEDPOLYCURVE(#5751,(IFCLINEINDEX((1,2,3,4,5,6,1))),$);
#5753=IFCCARTESIANPOINTLIST2D(((0.02500000037252903,0.090000001713633537),(0.060000000521540642,0.090000001713633537),(0.060000000521540642,0.12500000186264515),(0.02500000037252903,0.12500000186264515)));
#5754=IFCINDEXEDPOLYCURVE(#5753,(IFCLINEINDEX((1,2,3,4,1))),$);
#5755=IFCINDEXEDPOLYCURVE(#5756,(IFCLINEINDEX((1,2,3,4,1))),$);
#5756=IFCCARTESIANPOINTLIST2D(((0.78046915493905544,0.090000001713633537),(0.74546915479004383,0.090000001713633537),(0.74546915479004383,0.12500000186264515),(0.78046915493905544,0.12500000186264515)));
#5757=IFCCARTESIANPOINTLIST2D(((0.060000000521540642,0.090000001713633537),(0.74546915479004383,0.090000001713633537)));
#5758=IFCINDEXEDPOLYCURVE(#5757,$,$);
#5759=IFCINDEXEDPOLYCURVE(#5760,$,$);
#5760=IFCCARTESIANPOINTLIST2D(((0.060000000521540642,0.12500000186264515),(0.74546915479004383,0.12500000186264515)));
#5761=IFCINDEXEDPOLYCURVE(#5762,$,$);
#5762=IFCCARTESIANPOINTLIST2D(((0.060000000521540642,0.10750000178813934),(0.74546915479004383,0.10750000178813934)));
#5763=IFCSHAPEREPRESENTATION(#24,'Body','Curve2D',(#5748,#5750,#5752,#5754,#5755,#5758,#5759,#5761));
#5764=IFCCARTESIANPOINTLIST2D(((0.,0.),(0.80546915531158447,0.),(0.80546915531158447,0.89999997615814209),(0.,0.89999997615814209)));
#5765=IFCINDEXEDPOLYCURVE(#5764,(IFCLINEINDEX((1,2,3,4,1))),$);
#5766=IFCARBITRARYCLOSEDPROFILEDEF(.AREA.,$,#5765);
#5767=IFCCARTESIANPOINT((0.,-0.60000002384185791,0.));
#5768=IFCDIRECTION((0.,-1.,0.));
#5769=IFCDIRECTION((1.,0.,0.));
#5770=IFCAXIS2PLACEMENT3D(#5767,#5768,#5769);
#5771=IFCDIRECTION((0.,0.,-1.));
#5772=IFCEXTRUDEDAREASOLID(#5766,#5770,#5771,1.2);
#5773=IFCSHAPEREPRESENTATION(#11,'Body','SweptSolid',(#5772));
#5779=IFCCARTESIANPOINT((3.036604829302139,1.2012542507378043E-06,1.));
#5780=IFCDIRECTION((0.,0.,1.));
#5781=IFCDIRECTION((0.99999999999999289,1.1920928244535129E-07,0.));
#5782=IFCAXIS2PLACEMENT3D(#5779,#5780,#5781);
#5783=IFCLOCALPLACEMENT(#762,#5782);
#5784=IFCCARTESIANPOINT((0.,4.4408920985006262E-16,0.));
#5785=IFCDIRECTION((0.,0.,1.));
#5786=IFCDIRECTION((1.,0.,0.));
#5787=IFCAXIS2PLACEMENT3D(#5784,#5785,#5786);
#5788=IFCLOCALPLACEMENT(#5783,#5787);
#5789=IFCWINDOWTYPE('1h96mjorHE_hg0UPVNT7Gj',$,'Maids-GF',$,$,(#5790),(#5792,#5800,#5848),$,$,.WINDOW.,.SINGLE_PANEL.,$,$);
#5790=IFCPROPERTYSET('1WHS9NZBP5tPWB6flvb9cN',$,'BBIM_Window',$,(#5791));
#5791=IFCPROPERTYSINGLEVALUE('Data',$,IFCTEXT('{"window_type": "SINGLE_PANEL", "overall_height": 0.8999999761581421, "overall_width": 0.8054691553115845, "lining_properties": {"lining_depth": 0.05000000074505806, "lining_thickness": 0.05000000074505806, "lining_offset": 0.05000000074505806, "lining_to_panel_offset_x": 0.02500000037252903, "lining_to_panel_offset_y": 0.02500000037252903}, "panel_properties": {"frame_depth": [0.03500000014901161, 0.03500000014901161, 0.03500000014901161], "frame_thickness": [0.03500000014901161, 0.03500000014901161, 0.03500000014901161]}}'),$);
#5792=IFCREPRESENTATIONMAP(#5793,#6047);
#5793=IFCAXIS2PLACEMENT3D(#5794,#5795,#5796);
#5794=IFCCARTESIANPOINT((0.,0.,0.));
#5795=IFCDIRECTION((0.,0.,1.));
#5796=IFCDIRECTION((1.,0.,0.));
#5800=IFCREPRESENTATIONMAP(#5801,#6090);
#5801=IFCAXIS2PLACEMENT3D(#5802,#5803,#5804);
#5802=IFCCARTESIANPOINT((0.,0.,0.));
#5803=IFCDIRECTION((0.,0.,1.));
#5804=IFCDIRECTION((1.,0.,0.));
#5848=IFCREPRESENTATIONMAP(#5849,#6107);
#5849=IFCAXIS2PLACEMENT3D(#5850,#5851,#5852);
#5850=IFCCARTESIANPOINT((0.,0.,0.));
#5851=IFCDIRECTION((0.,0.,1.));
#5852=IFCDIRECTION((1.,0.,0.));
#5870=IFCWINDOW('1Cjzl0uJzBHh8caxiCUqcO',$,'Window',$,$,#6132,#5880,$,0.89999997615814209,0.80546915531158447,$,.SINGLE_PANEL.,$);
#5872=IFCRELDEFINESBYTYPE('11QoW1ulv5txUXf01r_0kO',$,$,$,(#5870),#5789);
#5873=IFCCARTESIANPOINT((0.,0.,0.));
#5874=IFCDIRECTION((1.,0.,0.));
#5875=IFCDIRECTION((0.,1.,0.));
#5876=IFCDIRECTION((0.,0.,1.));
#5877=IFCCARTESIANTRANSFORMATIONOPERATOR3D(#5874,#5875,#5873,1.,#5876);
#5878=IFCMAPPEDITEM(#5792,#5877);
#5879=IFCSHAPEREPRESENTATION(#18,'Profile','MappedRepresentation',(#5878));
#5880=IFCPRODUCTDEFINITIONSHAPE($,$,(#5879,#5887,#5894));
#5881=IFCCARTESIANPOINT((0.,0.,0.));
#5882=IFCDIRECTION((1.,0.,0.));
#5883=IFCDIRECTION((0.,1.,0.));
#5884=IFCDIRECTION((0.,0.,1.));
#5885=IFCCARTESIANTRANSFORMATIONOPERATOR3D(#5882,#5883,#5881,1.,#5884);
#5886=IFCMAPPEDITEM(#5800,#5885);
#5887=IFCSHAPEREPRESENTATION(#11,'Body','MappedRepresentation',(#5886));
#5888=IFCCARTESIANPOINT((0.,0.,0.));
#5889=IFCDIRECTION((1.,0.,0.));
#5890=IFCDIRECTION((0.,1.,0.));
#5891=IFCDIRECTION((0.,0.,1.));
#5892=IFCCARTESIANTRANSFORMATIONOPERATOR3D(#5889,#5890,#5888,1.,#5891);
#5893=IFCMAPPEDITEM(#5848,#5892);
#5894=IFCSHAPEREPRESENTATION(#24,'Body','MappedRepresentation',(#5893));
#5895=IFCOPENINGELEMENT('1uwmUay9j9_9ZjCNiPDNmz',$,'Opening',$,$,#6127,#5923,$,.OPENING.);
#5911=IFCCARTESIANPOINT((0.,0.,0.));
#5912=IFCDIRECTION((1.,0.,0.));
#5913=IFCDIRECTION((0.,0.,1.));
#5914=IFCAXIS2PLACEMENT3D(#5911,#5913,#5912);
#5915=IFCREPRESENTATIONMAP(#5914,#6117);
#5916=IFCCARTESIANPOINT((0.,0.,0.));
#5917=IFCDIRECTION((1.,0.,0.));
#5918=IFCDIRECTION((0.,1.,0.));
#5919=IFCDIRECTION((0.,0.,1.));
#5920=IFCCARTESIANTRANSFORMATIONOPERATOR3D(#5917,#5918,#5916,1.,#5919);
#5921=IFCMAPPEDITEM(#5915,#5920);
#5922=IFCSHAPEREPRESENTATION(#11,'Body','MappedRepresentation',(#5921));
#5923=IFCPRODUCTDEFINITIONSHAPE($,$,(#5922));
#5924=IFCRELVOIDSELEMENT('3jWrcqSMf9xem1Kr8VUtpk',$,$,$,#462,#5895);
#5930=IFCRELFILLSELEMENT('2W3eNK1AH0afyseTUQ6prA',$,$,$,#5895,#5870);
#5939=IFCCARTESIANPOINTLIST2D(((0.,0.),(0.80546915531158447,0.),(0.80546915531158447,0.89999997615814209),(0.,0.89999997615814209)));
#5940=IFCINDEXEDPOLYCURVE(#5939,(IFCLINEINDEX((1,2,3,4,1))),$);
#5941=IFCCARTESIANPOINTLIST2D(((0.02500000037252903,0.02500000037252903),(0.78046915493905544,0.02500000037252903),(0.78046915493905544,0.87499997578561306),(0.02500000037252903,0.87499997578561306)));
#5942=IFCINDEXEDPOLYCURVE(#5941,(IFCLINEINDEX((1,2,3,4,1))),$);
#5943=IFCARBITRARYPROFILEDEFWITHVOIDS(.AREA.,$,#5940,(#5942));
#5944=IFCCARTESIANPOINT((0.,0.090000001713633537,0.));
#5945=IFCDIRECTION((0.,-1.,0.));
#5946=IFCDIRECTION((1.,0.,0.));
#5947=IFCAXIS2PLACEMENT3D(#5944,#5945,#5946);
#5948=IFCDIRECTION((0.,0.,-1.));
#5949=IFCEXTRUDEDAREASOLID(#5943,#5947,#5948,0.0099999997764825821);
#5950=IFCCARTESIANPOINTLIST2D(((0.,0.),(0.80546915531158447,0.),(0.80546915531158447,0.89999997615814209),(0.,0.89999997615814209)));
#5951=IFCINDEXEDPOLYCURVE(#5950,(IFCLINEINDEX((1,2,3,4,1))),$);
#5952=IFCCARTESIANPOINTLIST2D(((0.05000000074505806,0.05000000074505806),(0.75546915456652641,0.05000000074505806),(0.75546915456652641,0.84999997541308403),(0.05000000074505806,0.84999997541308403)));
#5953=IFCINDEXEDPOLYCURVE(#5952,(IFCLINEINDEX((1,2,3,4,1))),$);
#5954=IFCARBITRARYPROFILEDEFWITHVOIDS(.AREA.,$,#5951,(#5953));
#5955=IFCCARTESIANPOINT((0.,0.05000000074505806,0.));
#5956=IFCDIRECTION((0.,-1.,0.));
#5957=IFCDIRECTION((1.,0.,0.));
#5958=IFCAXIS2PLACEMENT3D(#5955,#5956,#5957);
#5959=IFCDIRECTION((0.,0.,-1.));
#5960=IFCEXTRUDEDAREASOLID(#5954,#5958,#5959,0.040000000968575478);
#5961=IFCCARTESIANPOINTLIST2D(((0.,0.),(0.75546915456652641,0.),(0.75546915456652641,0.84999997541308403),(0.,0.84999997541308403)));
#5962=IFCINDEXEDPOLYCURVE(#5961,(IFCLINEINDEX((1,2,3,4,1))),$);
#5963=IFCCARTESIANPOINTLIST2D(((0.035000000149011612,0.035000000149011612),(0.7204691544175148,0.035000000149011612),(0.7204691544175148,0.81499997526407242),(0.035000000149011612,0.81499997526407242)));
#5964=IFCINDEXEDPOLYCURVE(#5963,(IFCLINEINDEX((1,2,3,4,1))),$);
#5965=IFCARBITRARYPROFILEDEFWITHVOIDS(.AREA.,$,#5962,(#5964));
#5966=IFCCARTESIANPOINT((0.02500000037252903,0.090000001713633537,0.02500000037252903));
#5967=IFCDIRECTION((0.,-1.,0.));
#5968=IFCDIRECTION((1.,0.,0.));
#5969=IFCAXIS2PLACEMENT3D(#5966,#5967,#5968);
#5970=IFCDIRECTION((0.,0.,-1.));
#5971=IFCEXTRUDEDAREASOLID(#5965,#5969,#5970,0.035000000149011612);
#5972=IFCINDEXEDPOLYCURVE(#5973,(IFCLINEINDEX((1,2,3,4,1))),$);
#5973=IFCCARTESIANPOINTLIST2D(((0.035000000149011612,0.035000000149011612),(0.7204691544175148,0.035000000149011612),(0.7204691544175148,0.81499997526407242),(0.035000000149011612,0.81499997526407242)));
#5974=IFCARBITRARYCLOSEDPROFILEDEF(.AREA.,$,#5972);
#5975=IFCCARTESIANPOINT((0.02500000037252903,0.10250000178813934,0.02500000037252903));
#5976=IFCDIRECTION((0.,-1.,0.));
#5977=IFCDIRECTION((1.,0.,0.));
#5978=IFCAXIS2PLACEMENT3D(#5975,#5976,#5977);
#5979=IFCDIRECTION((0.,0.,-1.));
#5980=IFCEXTRUDEDAREASOLID(#5974,#5978,#5979,0.01);
#5982=IFCSHAPEREPRESENTATION(#11,'Body','SweptSolid',(#5949,#6069,#6058,#5960));
#5983=IFCSHAPEASPECT((#5982),'Lining',$,.T.,#5880);
#5984=IFCSHAPEREPRESENTATION(#11,'Body','SweptSolid',(#5971,#6080));
#5985=IFCSHAPEASPECT((#5984),'Framing',$,.T.,#5880);
#5986=IFCSHAPEREPRESENTATION(#11,'Body','SweptSolid',(#5980,#6089));
#5987=IFCSHAPEASPECT((#5986),'Glazing',$,.T.,#5880);
#6045=IFCCARTESIANPOINTLIST3D(((0.,0.,0.),(0.80546915531158447,0.,0.),(0.80546915531158447,0.,0.89999997615814209),(0.,0.,0.89999997615814209)));
#6046=IFCINDEXEDPOLYCURVE(#6045,(IFCLINEINDEX((1,2,3,4,1))),$);
#6047=IFCSHAPEREPRESENTATION(#18,'Profile','Curve3D',(#6046));
#6048=IFCCARTESIANPOINTLIST2D(((0.,0.),(0.80546915531158447,0.),(0.80546915531158447,0.89999997615814209),(0.,0.89999997615814209)));
#6049=IFCINDEXEDPOLYCURVE(#6048,(IFCLINEINDEX((1,2,3,4,1))),$);
#6050=IFCCARTESIANPOINTLIST2D(((0.02500000037252903,0.02500000037252903),(0.78046915493905544,0.02500000037252903),(0.78046915493905544,0.87499997578561306),(0.02500000037252903,0.87499997578561306)));
#6051=IFCINDEXEDPOLYCURVE(#6050,(IFCLINEINDEX((1,2,3,4,1))),$);
#6052=IFCARBITRARYPROFILEDEFWITHVOIDS(.AREA.,$,#6049,(#6051));
#6053=IFCCARTESIANPOINT((0.,0.090000001713633537,0.));
#6054=IFCDIRECTION((0.,-1.,0.));
#6055=IFCDIRECTION((1.,0.,0.));
#6056=IFCAXIS2PLACEMENT3D(#6053,#6054,#6055);
#6057=IFCDIRECTION((0.,0.,-1.));
#6058=IFCEXTRUDEDAREASOLID(#6052,#6056,#6057,0.0099999997764825821);
#6059=IFCCARTESIANPOINTLIST2D(((0.,0.),(0.80546915531158447,0.),(0.80546915531158447,0.89999997615814209),(0.,0.89999997615814209)));
#6060=IFCINDEXEDPOLYCURVE(#6059,(IFCLINEINDEX((1,2,3,4,1))),$);
#6061=IFCCARTESIANPOINTLIST2D(((0.05000000074505806,0.05000000074505806),(0.75546915456652641,0.05000000074505806),(0.75546915456652641,0.84999997541308403),(0.05000000074505806,0.84999997541308403)));
#6062=IFCINDEXEDPOLYCURVE(#6061,(IFCLINEINDEX((1,2,3,4,1))),$);
#6063=IFCARBITRARYPROFILEDEFWITHVOIDS(.AREA.,$,#6060,(#6062));
#6064=IFCCARTESIANPOINT((0.,0.05000000074505806,0.));
#6065=IFCDIRECTION((0.,-1.,0.));
#6066=IFCDIRECTION((1.,0.,0.));
#6067=IFCAXIS2PLACEMENT3D(#6064,#6065,#6066);
#6068=IFCDIRECTION((0.,0.,-1.));
#6069=IFCEXTRUDEDAREASOLID(#6063,#6067,#6068,0.040000000968575478);
#6070=IFCCARTESIANPOINTLIST2D(((0.,0.),(0.75546915456652641,0.),(0.75546915456652641,0.84999997541308403),(0.,0.84999997541308403)));
#6071=IFCINDEXEDPOLYCURVE(#6070,(IFCLINEINDEX((1,2,3,4,1))),$);
#6072=IFCCARTESIANPOINTLIST2D(((0.035000000149011612,0.035000000149011612),(0.7204691544175148,0.035000000149011612),(0.7204691544175148,0.81499997526407242),(0.035000000149011612,0.81499997526407242)));
#6073=IFCINDEXEDPOLYCURVE(#6072,(IFCLINEINDEX((1,2,3,4,1))),$);
#6074=IFCARBITRARYPROFILEDEFWITHVOIDS(.AREA.,$,#6071,(#6073));
#6075=IFCCARTESIANPOINT((0.02500000037252903,0.090000001713633537,0.02500000037252903));
#6076=IFCDIRECTION((0.,-1.,0.));
#6077=IFCDIRECTION((1.,0.,0.));
#6078=IFCAXIS2PLACEMENT3D(#6075,#6076,#6077);
#6079=IFCDIRECTION((0.,0.,-1.));
#6080=IFCEXTRUDEDAREASOLID(#6074,#6078,#6079,0.035000000149011612);
#6081=IFCINDEXEDPOLYCURVE(#6082,(IFCLINEINDEX((1,2,3,4,1))),$);
#6082=IFCCARTESIANPOINTLIST2D(((0.035000000149011612,0.035000000149011612),(0.7204691544175148,0.035000000149011612),(0.7204691544175148,0.81499997526407242),(0.035000000149011612,0.81499997526407242)));
#6083=IFCARBITRARYCLOSEDPROFILEDEF(.AREA.,$,#6081);
#6084=IFCCARTESIANPOINT((0.02500000037252903,0.10250000178813934,0.02500000037252903));
#6085=IFCDIRECTION((0.,-1.,0.));
#6086=IFCDIRECTION((1.,0.,0.));
#6087=IFCAXIS2PLACEMENT3D(#6084,#6085,#6086);
#6088=IFCDIRECTION((0.,0.,-1.));
#6089=IFCEXTRUDEDAREASOLID(#6083,#6087,#6088,0.01);
#6090=IFCSHAPEREPRESENTATION(#11,'Body','SweptSolid',(#6058,#6069,#6080,#6089));
#6091=IFCCARTESIANPOINTLIST2D(((0.05000000074505806,0.05000000074505806),(0.75546915456652641,0.05000000074505806)));
#6092=IFCINDEXEDPOLYCURVE(#6091,$,$);
#6093=IFCCARTESIANPOINTLIST2D(((0.,0.10000000149011612),(0.02500000037252903,0.10000000149011612),(0.02500000037252903,0.090000001713633537),(0.05000000074505806,0.090000001713633537),(0.05000000074505806,0.05000000074505806),(0.,0.05000000074505806)));
#6094=IFCINDEXEDPOLYCURVE(#6093,(IFCLINEINDEX((1,2,3,4,5,6,1))),$);
#6095=IFCCARTESIANPOINTLIST2D(((0.80546915531158447,0.10000000149011612),(0.78046915493905544,0.10000000149011612),(0.78046915493905544,0.090000001713633537),(0.75546915456652641,0.090000001713633537),(0.75546915456652641,0.05000000074505806),(0.80546915531158447,0.05000000074505806)));
#6096=IFCINDEXEDPOLYCURVE(#6095,(IFCLINEINDEX((1,2,3,4,5,6,1))),$);
#6097=IFCCARTESIANPOINTLIST2D(((0.02500000037252903,0.090000001713633537),(0.060000000521540642,0.090000001713633537),(0.060000000521540642,0.12500000186264515),(0.02500000037252903,0.12500000186264515)));
#6098=IFCINDEXEDPOLYCURVE(#6097,(IFCLINEINDEX((1,2,3,4,1))),$);
#6099=IFCINDEXEDPOLYCURVE(#6100,(IFCLINEINDEX((1,2,3,4,1))),$);
#6100=IFCCARTESIANPOINTLIST2D(((0.78046915493905544,0.090000001713633537),(0.74546915479004383,0.090000001713633537),(0.74546915479004383,0.12500000186264515),(0.78046915493905544,0.12500000186264515)));
#6101=IFCCARTESIANPOINTLIST2D(((0.060000000521540642,0.090000001713633537),(0.74546915479004383,0.090000001713633537)));
#6102=IFCINDEXEDPOLYCURVE(#6101,$,$);
#6103=IFCINDEXEDPOLYCURVE(#6104,$,$);
#6104=IFCCARTESIANPOINTLIST2D(((0.060000000521540642,0.12500000186264515),(0.74546915479004383,0.12500000186264515)));
#6105=IFCINDEXEDPOLYCURVE(#6106,$,$);
#6106=IFCCARTESIANPOINTLIST2D(((0.060000000521540642,0.10750000178813934),(0.74546915479004383,0.10750000178813934)));
#6107=IFCSHAPEREPRESENTATION(#24,'Body','Curve2D',(#6092,#6094,#6096,#6098,#6099,#6102,#6103,#6105));
#6108=IFCCARTESIANPOINTLIST2D(((0.,0.),(0.80546915531158447,0.),(0.80546915531158447,0.89999997615814209),(0.,0.89999997615814209)));
#6109=IFCINDEXEDPOLYCURVE(#6108,(IFCLINEINDEX((1,2,3,4,1))),$);
#6110=IFCARBITRARYCLOSEDPROFILEDEF(.AREA.,$,#6109);
#6111=IFCCARTESIANPOINT((0.,-0.60000002384185791,0.));
#6112=IFCDIRECTION((0.,-1.,0.));
#6113=IFCDIRECTION((1.,0.,0.));
#6114=IFCAXIS2PLACEMENT3D(#6111,#6112,#6113);
#6115=IFCDIRECTION((0.,0.,-1.));
#6116=IFCEXTRUDEDAREASOLID(#6110,#6114,#6115,1.2);
#6117=IFCSHAPEREPRESENTATION(#11,'Body','SweptSolid',(#6116));
#6123=IFCCARTESIANPOINT((0.7540349960328433,-1.8320509731495349E-07,1.));
#6124=IFCDIRECTION((0.,0.,1.));
#6125=IFCDIRECTION((0.99999999999997158,-2.3841857910149749E-07,0.));
#6126=IFCAXIS2PLACEMENT3D(#6123,#6124,#6125);
#6127=IFCLOCALPLACEMENT(#473,#6126);
#6128=IFCCARTESIANPOINT((0.,0.,0.));
#6129=IFCDIRECTION((0.,0.,1.));
#6130=IFCDIRECTION((1.,0.,0.));
#6131=IFCAXIS2PLACEMENT3D(#6128,#6129,#6130);
#6132=IFCLOCALPLACEMENT(#6127,#6131);
#6138=IFCSLAB('2Hbz2jnQHAmQKnwRsF0YP5',$,'Slab',$,$,#12836,#6153,$,$);
#6139=IFCRELCONTAINEDINSPATIALSTRUCTURE('2lAn2MGKL0QPaEtwTXKiMd',$,$,$,(#11360,#7567,#7467,#7492,#8752,#7392,#7592,#8174,#8250,#7417,#12304,#10933,#11295,#6884,#12601,#6138,#12623,#7517,#10203,#10268,#9240,#7617,#7542,#7442,#8136,#8212,#12484,#11974,#8936,#8114,#10998),#39);
#6140=IFCMATERIALLAYERSETUSAGE(#1453,.AXIS3.,.POSITIVE.,-0.10000000149011612,$);
#6141=IFCRELASSOCIATESMATERIAL('0bkj8EB5j4NB5NBzaeE8AQ',$,$,$,(#6138),#6140);
#6147=IFCCARTESIANPOINTLIST2D(((0.,0.),(1.9073486328125E-06,9.1000003814697266),(-3.4599997997283936,9.0999994277954102),(-3.4599993228912354,7.6299991607666016),(-6.9999995231628418,7.6300010681152344),(-6.9999985694885254,2.4900000095367432),(-4.0099992752075195,2.4900000095367432),(-3.9995810985565186,2.384185791015625E-07),(0.,0.)));
#6148=IFCINDEXEDPOLYCURVE(#6147,$,$);
#6149=IFCDIRECTION((0.,0.,1.));
#6150=IFCARBITRARYCLOSEDPROFILEDEF(.AREA.,$,#6148);
#6151=IFCEXTRUDEDAREASOLID(#6150,#6160,#6149,0.10000000000000001);
#6152=IFCSHAPEREPRESENTATION(#11,'Body','SweptSolid',(#6151));
#6153=IFCPRODUCTDEFINITIONSHAPE($,$,(#6152));
#6154=IFCPROPERTYSET('0E25JsOIT7nP8GysXpBbpL',$,'EPset_Parametric',$,(#6156));
#6155=IFCRELDEFINESBYPROPERTIES('25SwrF86b40QoxNhDzwjiQ',$,$,$,(#6138),#6154);
#6156=IFCPROPERTYSINGLEVALUE('Engine',$,IFCLABEL('Bonsai.DumbLayer3'),$);
#6157=IFCCARTESIANPOINT((-0.,-0.,-0.10000000149011612));
#6158=IFCDIRECTION((0.,0.,1.));
#6159=IFCDIRECTION((1.,0.,0.));
#6160=IFCAXIS2PLACEMENT3D(#6157,#6158,#6159);
#6161=IFCROOFTYPE('1gHcBp1Az7aBo3aR13uDOz',$,'Roof',$,$,(#6162),(#6191,#6219),$,$,.HIP_ROOF.);
#6162=IFCPROPERTYSET('3yvuQRTBDFp8e$JmWc7x$d',$,'BBIM_Roof',$,(#6163));
#6163=IFCPROPERTYSINGLEVALUE('Data',$,IFCTEXT('{"roof_type": "HIP/GABLE ROOF", "generation_method": "ANGLE", "roof_thickness": 0.10000000149011612, "rafter_edge_angle": 1.5707963705062866, "angle": 0.1745329201221466, "percentage": 17.63269805908203, "path_data": {"edges": [[0, 1], [1, 2], [2, 3], [3, 0]], "verts": [[-5.0, -5.0, 0.0], [-5.0, 5.0, 0.0], [5.0, 5.0, 0.0], [5.0, -5.0, 0.0]]}}'),$);
#6187=IFCCARTESIANPOINT((0.,0.,0.));
#6188=IFCDIRECTION((1.,0.,0.));
#6189=IFCDIRECTION((0.,0.,1.));
#6190=IFCAXIS2PLACEMENT3D(#6187,#6189,#6188);
#6191=IFCREPRESENTATIONMAP(#6190,#6210);
#6192=IFCINDEXEDPOLYGONALFACE((3,1,2));
#6193=IFCINDEXEDPOLYGONALFACE((2,4,3));
#6194=IFCINDEXEDPOLYGONALFACE((1,3,5));
#6195=IFCINDEXEDPOLYGONALFACE((4,5,3));
#6196=IFCINDEXEDPOLYGONALFACE((6,7,8));
#6197=IFCINDEXEDPOLYGONALFACE((8,2,1));
#6198=IFCINDEXEDPOLYGONALFACE((8,1,6));
#6199=IFCINDEXEDPOLYGONALFACE((8,7,9));
#6200=IFCINDEXEDPOLYGONALFACE((2,8,9));
#6201=IFCINDEXEDPOLYGONALFACE((2,9,4));
#6202=IFCINDEXEDPOLYGONALFACE((10,7,6));
#6203=IFCINDEXEDPOLYGONALFACE((6,1,5));
#6204=IFCINDEXEDPOLYGONALFACE((6,5,10));
#6205=IFCINDEXEDPOLYGONALFACE((9,7,10));
#6206=IFCINDEXEDPOLYGONALFACE((4,9,10));
#6207=IFCINDEXEDPOLYGONALFACE((4,10,5));
#6208=IFCCARTESIANPOINTLIST3D(((-5.,-5.,0.),(5.,-5.,0.),(0.,0.,0.88163489103317261),(5.,5.,0.),(-5.,5.,0.),(-5.,-5.,-0.10154265910387039),(0.,0.,0.78009223937988281),(5.,-5.,-0.10154265910387039),(5.,5.,-0.10154265910387039),(-5.,5.,-0.10154265910387039)));
#6209=IFCPOLYGONALFACESET(#6208,.T.,(#6192,#6193,#6194,#6195,#6196,#6197,#6198,#6199,#6200,#6201,#6202,#6203,#6204,#6205,#6206,#6207),$);
#6210=IFCSHAPEREPRESENTATION(#11,'Body','Tessellation',(#6209));
#6212=IFCCARTESIANPOINT((-5.,-5.,-0.10154265910387039));
#6213=IFCBOUNDINGBOX(#6212,10.,10.,0.9831775426864624);
#6214=IFCSHAPEREPRESENTATION(#13,'Box','BoundingBox',(#6213));
#6215=IFCCARTESIANPOINT((0.,0.,0.));
#6216=IFCDIRECTION((1.,0.,0.));
#6217=IFCDIRECTION((0.,0.,1.));
#6218=IFCAXIS2PLACEMENT3D(#6215,#6217,#6216);
#6219=IFCREPRESENTATIONMAP(#6218,#6214);
#6296=IFCCARTESIANPOINT((2.2204460492503131E-16,0.,0.));
#6297=IFCDIRECTION((0.,0.,1.));
#6298=IFCDIRECTION((1.,0.,0.));
#6299=IFCAXIS2PLACEMENT3D(#6296,#6297,#6298);
#6300=IFCLOCALPLACEMENT(#4931,#6299);
#6884=IFCSLAB('0SSeyH_$XAigRN_Shr$yv6',$,'Slab',$,$,#12841,#6898,$,$);
#6885=IFCMATERIALLAYERSETUSAGE(#1453,.AXIS3.,.POSITIVE.,-0.10000000149011612,$);
#6886=IFCRELASSOCIATESMATERIAL('3qomhnIA9Cm8no2LstnXX1',$,$,$,(#6884),#6885);
#6892=IFCCARTESIANPOINTLIST2D(((0.,0.),(-3.4600000381469727,-4.76837158203125E-07),(-3.4600000381469727,-1.4700007438659668),(-7.,-1.4699993133544922),(-6.9999995231628418,-6.6100001335144043),(-4.0099992752075195,-6.6100001335144043),(-3.9995815753936768,-9.1000003814697266),(-4.76837158203125E-07,-9.1000003814697266),(0.,0.)));
#6893=IFCINDEXEDPOLYCURVE(#6892,$,$);
#6894=IFCDIRECTION((0.,0.,1.));
#6895=IFCARBITRARYCLOSEDPROFILEDEF(.AREA.,$,#6893);
#6896=IFCEXTRUDEDAREASOLID(#6895,#6905,#6894,0.10000000000000001);
#6897=IFCSHAPEREPRESENTATION(#11,'Body','SweptSolid',(#6896));
#6898=IFCPRODUCTDEFINITIONSHAPE($,$,(#6897));
#6899=IFCPROPERTYSET('2HKolkUd59LRjjhULNdWwk',$,'EPset_Parametric',$,(#6901));
#6900=IFCRELDEFINESBYPROPERTIES('0Y0UWd4yH6U8l6cte7ASwF',$,$,$,(#6884),#6899);
#6901=IFCPROPERTYSINGLEVALUE('Engine',$,IFCLABEL('Bonsai.DumbLayer3'),$);
#6902=IFCCARTESIANPOINT((-0.,-0.,-0.10000000149011612));
#6903=IFCDIRECTION((0.,0.,1.));
#6904=IFCDIRECTION((1.,0.,0.));
#6905=IFCAXIS2PLACEMENT3D(#6902,#6903,#6904);
#7392=IFCWALL('08JIncBQnCcB3Ag2TeOMAm',$,'Wall',$,$,#12891,#7398,$,$);
#7393=IFCMATERIALLAYERSETUSAGE(#82,.AXIS2.,.POSITIVE.,0.,$);
#7394=IFCRELASSOCIATESMATERIAL('0XQFXw01z1qv$BwI7KAVDf',$,$,$,(#7392),#7393);
#7398=IFCPRODUCTDEFINITIONSHAPE($,$,(#8086,#8083));
#7414=IFCPROPERTYSET('2Iwz70QJn0AACUBxcioCFw',$,'EPset_Parametric',$,(#7416));
#7415=IFCRELDEFINESBYPROPERTIES('1xG$BqWMX4m8Kcpm9Xmmg5',$,$,$,(#7392),#7414);
#7416=IFCPROPERTYSINGLEVALUE('Engine',$,IFCLABEL('Bonsai.DumbLayer2'),$);
#7417=IFCWALL('2tK6hEzD5CkBLwxbESq5f2',$,'Wall',$,$,#12846,#7423,$,$);
#7418=IFCMATERIALLAYERSETUSAGE(#82,.AXIS2.,.POSITIVE.,0.,$);
#7419=IFCRELASSOCIATESMATERIAL('1on1BJ0K51Qw1X3RlPaYlY',$,$,$,(#7417),#7418);
#7423=IFCPRODUCTDEFINITIONSHAPE($,$,(#7835,#7832));
#7439=IFCPROPERTYSET('2ol6OMBijAwhIBGrJZuyqJ',$,'EPset_Parametric',$,(#7441));
#7440=IFCRELDEFINESBYPROPERTIES('2eFopQiwP8QQA3PlqjQNp1',$,$,$,(#7417),#7439);
#7441=IFCPROPERTYSINGLEVALUE('Engine',$,IFCLABEL('Bonsai.DumbLayer2'),$);
#7442=IFCWALL('2nucDomXj06uZ_e7EVfWwL',$,'Wall',$,$,#12851,#7448,$,$);
#7443=IFCMATERIALLAYERSETUSAGE(#82,.AXIS2.,.POSITIVE.,0.,$);
#7444=IFCRELASSOCIATESMATERIAL('1sNwwEr_H83BgTFvUKBtip',$,$,$,(#7442),#7443);
#7448=IFCPRODUCTDEFINITIONSHAPE($,$,(#7867,#7864));
#7464=IFCPROPERTYSET('0LbBcb0S5Frwyo_Ry_668e',$,'EPset_Parametric',$,(#7466));
#7465=IFCRELDEFINESBYPROPERTIES('2hm$qkcMTA2BixNORpHl8$',$,$,$,(#7442),#7464);
#7466=IFCPROPERTYSINGLEVALUE('Engine',$,IFCLABEL('Bonsai.DumbLayer2'),$);
#7467=IFCWALL('0sBs9V6PP3Kg64lhU9JNf4',$,'Wall',$,$,#12856,#7473,$,$);
#7468=IFCMATERIALLAYERSETUSAGE(#82,.AXIS2.,.POSITIVE.,0.,$);
#7469=IFCRELASSOCIATESMATERIAL('2K6qN$1ErCO801DoCLTR6E',$,$,$,(#7467),#7468);
#7473=IFCPRODUCTDEFINITIONSHAPE($,$,(#7899,#7896));
#7489=IFCPROPERTYSET('1FzugyEWz0yuh98ouf8cUc',$,'EPset_Parametric',$,(#7491));
#7490=IFCRELDEFINESBYPROPERTIES('107xZ6riv12RWTQIpxt4sn',$,$,$,(#7467),#7489);
#7491=IFCPROPERTYSINGLEVALUE('Engine',$,IFCLABEL('Bonsai.DumbLayer2'),$);
#7492=IFCWALL('2yKKbTAdv9luu9I_P8a1Jx',$,'Wall',$,$,#12861,#7498,$,$);
#7493=IFCMATERIALLAYERSETUSAGE(#82,.AXIS2.,.POSITIVE.,0.,$);
#7494=IFCRELASSOCIATESMATERIAL('0_uZokxub9i8F7YhFZ8HFJ',$,$,$,(#7492),#7493);
#7498=IFCPRODUCTDEFINITIONSHAPE($,$,(#7931,#7928));
#7514=IFCPROPERTYSET('2XC3TZS9fEqhG7WSj96Isw',$,'EPset_Parametric',$,(#7516));
#7515=IFCRELDEFINESBYPROPERTIES('2pvhto3tLCbOJGnrZVnOhS',$,$,$,(#7492),#7514);
#7516=IFCPROPERTYSINGLEVALUE('Engine',$,IFCLABEL('Bonsai.DumbLayer2'),$);
#7517=IFCWALL('2DPSn7EYL7_e2EzOCPtC_b',$,'Wall',$,$,#12866,#7523,$,$);
#7518=IFCMATERIALLAYERSETUSAGE(#82,.AXIS2.,.POSITIVE.,0.,$);
#7519=IFCRELASSOCIATESMATERIAL('2qpMzbVD9AT8m6$TRU9Dch',$,$,$,(#7517),#7518);
#7523=IFCPRODUCTDEFINITIONSHAPE($,$,(#7963,#7960));
#7539=IFCPROPERTYSET('1CAE8y8ID4NAkASp4OndWU',$,'EPset_Parametric',$,(#7541));
#7540=IFCRELDEFINESBYPROPERTIES('1azopUGW93peNUMGAZXd6l',$,$,$,(#7517),#7539);
#7541=IFCPROPERTYSINGLEVALUE('Engine',$,IFCLABEL('Bonsai.DumbLayer2'),$);
#7542=IFCWALL('3BGdx2W2r6aQSK6mSjIwwW',$,'Wall',$,$,#12871,#7548,$,$);
#7543=IFCMATERIALLAYERSETUSAGE(#82,.AXIS2.,.POSITIVE.,0.,$);
#7544=IFCRELASSOCIATESMATERIAL('0C81koQ9n7dw33lGth5Qfj',$,$,$,(#7542),#7543);
#7548=IFCPRODUCTDEFINITIONSHAPE($,$,(#7995,#7992));
#7564=IFCPROPERTYSET('2ggzW6zS54nu_T9GCibDp6',$,'EPset_Parametric',$,(#7566));
#7565=IFCRELDEFINESBYPROPERTIES('08MYf$NjH0hgkqkJebNiQ1',$,$,$,(#7542),#7564);
#7566=IFCPROPERTYSINGLEVALUE('Engine',$,IFCLABEL('Bonsai.DumbLayer2'),$);
#7567=IFCWALL('0YgJqaT$rCEB7$FbCPJX8h',$,'Wall',$,$,#12876,#7573,$,$);
#7568=IFCMATERIALLAYERSETUSAGE(#82,.AXIS2.,.POSITIVE.,0.,$);
#7569=IFCRELASSOCIATESMATERIAL('07CKsnwDX98goS081GpGfx',$,$,$,(#7567),#7568);
#7573=IFCPRODUCTDEFINITIONSHAPE($,$,(#8027,#8024));
#7589=IFCPROPERTYSET('0glplIUE13CBosNqdn$HW8',$,'EPset_Parametric',$,(#7591));
#7590=IFCRELDEFINESBYPROPERTIES('2b3UZjdsTCPubBcToimwVg',$,$,$,(#7567),#7589);
#7591=IFCPROPERTYSINGLEVALUE('Engine',$,IFCLABEL('Bonsai.DumbLayer2'),$);
#7592=IFCWALL('3S5mMAo5n06BSeg5IRBQJd',$,'Wall',$,$,#12881,#7598,$,$);
#7593=IFCMATERIALLAYERSETUSAGE(#82,.AXIS2.,.POSITIVE.,0.,$);
#7594=IFCRELASSOCIATESMATERIAL('0kP_fcafn6UOQxAZIYQdge',$,$,$,(#7592),#7593);
#7598=IFCPRODUCTDEFINITIONSHAPE($,$,(#8059,#8056));
#7614=IFCPROPERTYSET('0UeteH$eHAeRReCc$Hmex9',$,'EPset_Parametric',$,(#7616));
#7615=IFCRELDEFINESBYPROPERTIES('3x6ZPKut96whHtSE1Apqgd',$,$,$,(#7592),#7614);
#7616=IFCPROPERTYSINGLEVALUE('Engine',$,IFCLABEL('Bonsai.DumbLayer2'),$);
#7617=IFCWALL('1HXbFlkaf9agvvyOYiVldU',$,'Wall',$,$,#12886,#7623,$,$);
#7618=IFCMATERIALLAYERSETUSAGE(#82,.AXIS2.,.POSITIVE.,0.,$);
#7619=IFCRELASSOCIATESMATERIAL('0LDs6kVpL9i8FQQLFpPtsq',$,$,$,(#7617),#7618);
#7623=IFCPRODUCTDEFINITIONSHAPE($,$,(#8073,#8070));
#7639=IFCPROPERTYSET('2$s4Vc15P88u2wApy11$GI',$,'EPset_Parametric',$,(#7641));
#7640=IFCRELDEFINESBYPROPERTIES('1H4iwL5kvFR8_WYSw82dJD',$,$,$,(#7617),#7639);
#7641=IFCPROPERTYSINGLEVALUE('Engine',$,IFCLABEL('Bonsai.DumbLayer2'),$);
#7772=IFCRELCONNECTSPATHELEMENTS('3Ia7IXZmb9zhHpiZcoW1Qe',$,$,$,$,#7417,#7392,(),(),.ATEND.,.ATSTART.);
#7804=IFCRELCONNECTSPATHELEMENTS('35qldZVU95UBseQtEulAUV',$,$,$,$,#7442,#7417,(),(),.ATEND.,.ATSTART.);
#7823=IFCCARTESIANPOINTLIST2D(((0.,0.),(-0.099999968608340553,0.10000000000000001),(0.79999990358731932,0.10000000000000001),(0.89999991987937211,0.)));
#7824=IFCINDEXEDPOLYCURVE(#7823,(IFCLINEINDEX((1,2,3,4,1))),$);
#7825=IFCARBITRARYCLOSEDPROFILEDEF(.AREA.,$,#7824);
#7826=IFCCARTESIANPOINT((0.,0.,0.));
#7827=IFCDIRECTION((0.,0.,1.));
#7828=IFCDIRECTION((1.,0.,0.));
#7829=IFCAXIS2PLACEMENT3D(#7826,#7827,#7828);
#7830=IFCDIRECTION((0.,0.,1.));
#7831=IFCEXTRUDEDAREASOLID(#7825,#7829,#7830,3.);
#7832=IFCSHAPEREPRESENTATION(#11,'Body','SweptSolid',(#7831));
#7833=IFCCARTESIANPOINTLIST2D(((0.,0.),(0.89999991987937211,0.)));
#7834=IFCINDEXEDPOLYCURVE(#7833,$,$);
#7835=IFCSHAPEREPRESENTATION(#23,'Axis','Curve2D',(#7834));
#7836=IFCRELCONNECTSPATHELEMENTS('0_u4sHFW1Ag8vJ8YnLwy5H',$,$,$,$,#7467,#7442,(),(),.ATEND.,.ATSTART.);
#7855=IFCCARTESIANPOINTLIST2D(((0.,0.),(0.10000001629205278,0.10000000000000001),(2.3001211019846464,0.10000000000000001),(2.3999999320302896,0.)));
#7856=IFCINDEXEDPOLYCURVE(#7855,(IFCLINEINDEX((1,2,3,4,1))),$);
#7857=IFCARBITRARYCLOSEDPROFILEDEF(.AREA.,$,#7856);
#7858=IFCCARTESIANPOINT((0.,0.,0.));
#7859=IFCDIRECTION((0.,0.,1.));
#7860=IFCDIRECTION((1.,0.,0.));
#7861=IFCAXIS2PLACEMENT3D(#7858,#7859,#7860);
#7862=IFCDIRECTION((0.,0.,1.));
#7863=IFCEXTRUDEDAREASOLID(#7857,#7861,#7862,3.);
#7864=IFCSHAPEREPRESENTATION(#11,'Body','SweptSolid',(#7863));
#7865=IFCCARTESIANPOINTLIST2D(((0.,0.),(2.3999999320302896,0.)));
#7866=IFCINDEXEDPOLYCURVE(#7865,$,$);
#7867=IFCSHAPEREPRESENTATION(#23,'Axis','Curve2D',(#7866));
#7868=IFCRELCONNECTSPATHELEMENTS('2gPCMLYK99LhXQRa0avX4k',$,$,$,$,#7492,#7467,(),(),.ATEND.,.ATSTART.);
#7887=IFCCARTESIANPOINTLIST2D(((0.,0.),(0.099878830045643435,0.10000000000000001),(9.523452866953571,0.10000000000000001),(9.6234529309354038,0.)));
#7888=IFCINDEXEDPOLYCURVE(#7887,(IFCLINEINDEX((1,2,3,4,1))),$);
#7889=IFCARBITRARYCLOSEDPROFILEDEF(.AREA.,$,#7888);
#7890=IFCCARTESIANPOINT((0.,0.,0.));
#7891=IFCDIRECTION((0.,0.,1.));
#7892=IFCDIRECTION((1.,0.,0.));
#7893=IFCAXIS2PLACEMENT3D(#7890,#7891,#7892);
#7894=IFCDIRECTION((0.,0.,1.));
#7895=IFCEXTRUDEDAREASOLID(#7889,#7893,#7894,3.);
#7896=IFCSHAPEREPRESENTATION(#11,'Body','SweptSolid',(#7895));
#7897=IFCCARTESIANPOINTLIST2D(((0.,0.),(9.6234529309354038,0.)));
#7898=IFCINDEXEDPOLYCURVE(#7897,$,$);
#7899=IFCSHAPEREPRESENTATION(#23,'Axis','Curve2D',(#7898));
#7900=IFCRELCONNECTSPATHELEMENTS('1xZLT$ztv3wQxyhq29eklh',$,$,$,$,#7517,#7492,(),(),.ATEND.,.ATSTART.);
#7919=IFCCARTESIANPOINTLIST2D(((0.,0.),(0.10000006398183225,0.10000000000000001),(3.9000028903957102,0.10000000000000001),(4.0000028772757146,0.)));
#7920=IFCINDEXEDPOLYCURVE(#7919,(IFCLINEINDEX((1,2,3,4,1))),$);
#7921=IFCARBITRARYCLOSEDPROFILEDEF(.AREA.,$,#7920);
#7922=IFCCARTESIANPOINT((0.,0.,0.));
#7923=IFCDIRECTION((0.,0.,1.));
#7924=IFCDIRECTION((1.,0.,0.));
#7925=IFCAXIS2PLACEMENT3D(#7922,#7923,#7924);
#7926=IFCDIRECTION((0.,0.,1.));
#7927=IFCEXTRUDEDAREASOLID(#7921,#7925,#7926,3.);
#7928=IFCSHAPEREPRESENTATION(#11,'Body','SweptSolid',(#7927));
#7929=IFCCARTESIANPOINTLIST2D(((0.,0.),(4.0000028772757146,0.)));
#7930=IFCINDEXEDPOLYCURVE(#7929,$,$);
#7931=IFCSHAPEREPRESENTATION(#23,'Axis','Curve2D',(#7930));
#7932=IFCRELCONNECTSPATHELEMENTS('3NHQJs4WP5vhgF7YDlUGrK',$,$,$,$,#7542,#7517,(),(),.ATEND.,.ATSTART.);
#7951=IFCCARTESIANPOINTLIST2D(((0.,0.),(0.099999986880004152,0.10000000000000001),(1.099998946322619,0.10000000000000001),(0.99999895944261485,0.)));
#7952=IFCINDEXEDPOLYCURVE(#7951,(IFCLINEINDEX((1,2,3,4,1))),$);
#7953=IFCARBITRARYCLOSEDPROFILEDEF(.AREA.,$,#7952);
#7954=IFCCARTESIANPOINT((0.,0.,0.));
#7955=IFCDIRECTION((0.,0.,1.));
#7956=IFCDIRECTION((1.,0.,0.));
#7957=IFCAXIS2PLACEMENT3D(#7954,#7955,#7956);
#7958=IFCDIRECTION((0.,0.,1.));
#7959=IFCEXTRUDEDAREASOLID(#7953,#7957,#7958,3.);
#7960=IFCSHAPEREPRESENTATION(#11,'Body','SweptSolid',(#7959));
#7961=IFCCARTESIANPOINTLIST2D(((0.,0.),(0.99999895944261485,0.)));
#7962=IFCINDEXEDPOLYCURVE(#7961,$,$);
#7963=IFCSHAPEREPRESENTATION(#23,'Axis','Curve2D',(#7962));
#7964=IFCRELCONNECTSPATHELEMENTS('3DVbUa3w5EngagDi6DJdN0',$,$,$,$,#7567,#7542,(),(),.ATEND.,.ATSTART.);
#7983=IFCCARTESIANPOINTLIST2D(((0.,0.),(-0.099999986880004152,0.10000000000000001),(3.4000001414700223,0.10000000000000001),(3.5000001641127874,0.)));
#7984=IFCINDEXEDPOLYCURVE(#7983,(IFCLINEINDEX((1,2,3,4,1))),$);
#7985=IFCARBITRARYCLOSEDPROFILEDEF(.AREA.,$,#7984);
#7986=IFCCARTESIANPOINT((0.,0.,0.));
#7987=IFCDIRECTION((0.,0.,1.));
#7988=IFCDIRECTION((1.,0.,0.));
#7989=IFCAXIS2PLACEMENT3D(#7986,#7987,#7988);
#7990=IFCDIRECTION((0.,0.,1.));
#7991=IFCEXTRUDEDAREASOLID(#7985,#7989,#7990,3.);
#7992=IFCSHAPEREPRESENTATION(#11,'Body','SweptSolid',(#7991));
#7993=IFCCARTESIANPOINTLIST2D(((0.,0.),(3.5000001641127874,0.)));
#7994=IFCINDEXEDPOLYCURVE(#7993,$,$);
#7995=IFCSHAPEREPRESENTATION(#23,'Axis','Curve2D',(#7994));
#7996=IFCRELCONNECTSPATHELEMENTS('1CaSbGcAn9dvkr6B3LbFsV',$,$,$,$,#7592,#7567,(),(),.ATEND.,.ATSTART.);
#8015=IFCCARTESIANPOINTLIST2D(((0.,0.),(0.10000002264276532,0.10000000000000001),(6.9999786827215287,0.10000000000000001),(7.10000080285739,0.)));
#8016=IFCINDEXEDPOLYCURVE(#8015,(IFCLINEINDEX((1,2,3,4,1))),$);
#8017=IFCARBITRARYCLOSEDPROFILEDEF(.AREA.,$,#8016);
#8018=IFCCARTESIANPOINT((0.,0.,0.));
#8019=IFCDIRECTION((0.,0.,1.));
#8020=IFCDIRECTION((1.,0.,0.));
#8021=IFCAXIS2PLACEMENT3D(#8018,#8019,#8020);
#8022=IFCDIRECTION((0.,0.,1.));
#8023=IFCEXTRUDEDAREASOLID(#8017,#8021,#8022,3.);
#8024=IFCSHAPEREPRESENTATION(#11,'Body','SweptSolid',(#8023));
#8025=IFCCARTESIANPOINTLIST2D(((0.,0.),(7.10000080285739,0.)));
#8026=IFCINDEXEDPOLYCURVE(#8025,$,$);
#8027=IFCSHAPEREPRESENTATION(#23,'Axis','Curve2D',(#8026));
#8028=IFCRELCONNECTSPATHELEMENTS('26sGi3bzTFpxcfTOaTOhFc',$,$,$,$,#7617,#7592,(),(),.ATEND.,.ATSTART.);
#8047=IFCCARTESIANPOINTLIST2D(((0.,0.),(0.1000221201358617,0.10000000000000001),(3.6055491289549186,0.10000000000000001),(3.5060657640213546,0.)));
#8048=IFCINDEXEDPOLYCURVE(#8047,(IFCLINEINDEX((1,2,3,4,1))),$);
#8049=IFCARBITRARYCLOSEDPROFILEDEF(.AREA.,$,#8048);
#8050=IFCCARTESIANPOINT((0.,0.,0.));
#8051=IFCDIRECTION((0.,0.,1.));
#8052=IFCDIRECTION((1.,0.,0.));
#8053=IFCAXIS2PLACEMENT3D(#8050,#8051,#8052);
#8054=IFCDIRECTION((0.,0.,1.));
#8055=IFCEXTRUDEDAREASOLID(#8049,#8053,#8054,3.);
#8056=IFCSHAPEREPRESENTATION(#11,'Body','SweptSolid',(#8055));
#8057=IFCCARTESIANPOINTLIST2D(((0.,0.),(3.5060657640213546,0.)));
#8058=IFCINDEXEDPOLYCURVE(#8057,$,$);
#8059=IFCSHAPEREPRESENTATION(#23,'Axis','Curve2D',(#8058));
#8060=IFCRELCONNECTSPATHELEMENTS('3HI63YNYX5sgbX_8Ig4UmO',$,$,$,$,#7617,#7392,(),(),.ATSTART.,.ATEND.);
#8061=IFCCARTESIANPOINTLIST2D(((0.,0.),(-0.099483364933564397,0.10000000000000001),(0.52949107125043871,0.10000000000000001),(0.62907296600191298,0.)));
#8062=IFCINDEXEDPOLYCURVE(#8061,(IFCLINEINDEX((1,2,3,4,1))),$);
#8063=IFCARBITRARYCLOSEDPROFILEDEF(.AREA.,$,#8062);
#8064=IFCCARTESIANPOINT((0.,0.,0.));
#8065=IFCDIRECTION((0.,0.,1.));
#8066=IFCDIRECTION((1.,0.,0.));
#8067=IFCAXIS2PLACEMENT3D(#8064,#8065,#8066);
#8068=IFCDIRECTION((0.,0.,1.));
#8069=IFCEXTRUDEDAREASOLID(#8063,#8067,#8068,3.);
#8070=IFCSHAPEREPRESENTATION(#11,'Body','SweptSolid',(#8069));
#8071=IFCCARTESIANPOINTLIST2D(((0.,0.),(0.62907296600191298,0.)));
#8072=IFCINDEXEDPOLYCURVE(#8071,$,$);
#8073=IFCSHAPEREPRESENTATION(#23,'Axis','Curve2D',(#8072));
#8074=IFCCARTESIANPOINTLIST2D(((0.,0.),(0.099581894751474345,0.10000000000000001),(1.6894445430101022,0.10000000000000001),(1.5894445744017618,0.)));
#8075=IFCINDEXEDPOLYCURVE(#8074,(IFCLINEINDEX((1,2,3,4,1))),$);
#8076=IFCARBITRARYCLOSEDPROFILEDEF(.AREA.,$,#8075);
#8077=IFCCARTESIANPOINT((0.,0.,0.));
#8078=IFCDIRECTION((0.,0.,1.));
#8079=IFCDIRECTION((1.,0.,0.));
#8080=IFCAXIS2PLACEMENT3D(#8077,#8078,#8079);
#8081=IFCDIRECTION((0.,0.,1.));
#8082=IFCEXTRUDEDAREASOLID(#8076,#8080,#8081,3.);
#8083=IFCSHAPEREPRESENTATION(#11,'Body','SweptSolid',(#8082));
#8084=IFCCARTESIANPOINTLIST2D(((0.,0.),(1.5894445744017618,0.)));
#8085=IFCINDEXEDPOLYCURVE(#8084,$,$);
#8086=IFCSHAPEREPRESENTATION(#23,'Axis','Curve2D',(#8085));
#8114=IFCSLAB('0VXKGwX5z3hf_IA2NGmEAk',$,'Slab',$,$,#12896,#8128,$,$);
#8115=IFCMATERIALLAYERSETUSAGE(#1453,.AXIS3.,.POSITIVE.,-0.10000000149011612,$);
#8116=IFCRELASSOCIATESMATERIAL('2D8T3XWVL9xxrvAWwEJq_$',$,$,$,(#8114),#8115);
#8122=IFCCARTESIANPOINTLIST2D(((0.,0.),(2.3999998569488525,-1.3113021850585938E-05),(2.4117205142974854,9.6234321594238281),(-1.5882766246795654,9.6283035278320312),(-1.5894968509674072,8.6283035278320312),(-5.0894947052001953,8.6325645446777344),(-5.0999636650085449,0.032569408416748047),(0.,0.)));
#8123=IFCINDEXEDPOLYCURVE(#8122,$,$);
#8124=IFCDIRECTION((0.,0.,1.));
#8125=IFCARBITRARYCLOSEDPROFILEDEF(.AREA.,$,#8123);
#8126=IFCEXTRUDEDAREASOLID(#8125,#8135,#8124,0.10000000000000001);
#8127=IFCSHAPEREPRESENTATION(#11,'Body','SweptSolid',(#8126));
#8128=IFCPRODUCTDEFINITIONSHAPE($,$,(#8127));
#8129=IFCPROPERTYSET('0DfPrJrxT9ChZekQPFEkPc',$,'EPset_Parametric',$,(#8131));
#8130=IFCRELDEFINESBYPROPERTIES('0U2IVZmGXDxxZfKXDNzblf',$,$,$,(#8114),#8129);
#8131=IFCPROPERTYSINGLEVALUE('Engine',$,IFCLABEL('Bonsai.DumbLayer3'),$);
#8132=IFCCARTESIANPOINT((-0.,-0.,-0.10000000149011612));
#8133=IFCDIRECTION((0.,0.,1.));
#8134=IFCDIRECTION((1.,0.,0.));
#8135=IFCAXIS2PLACEMENT3D(#8132,#8133,#8134);
#8136=IFCWALL('2SXSH6eED8UQax3k3zPnQI',$,'Wall',$,$,#12911,#8142,$,$);
#8137=IFCMATERIALLAYERSETUSAGE(#82,.AXIS2.,.POSITIVE.,0.,$);
#8138=IFCRELASSOCIATESMATERIAL('0oJii8aTnAEOHRnpokrw00',$,$,$,(#8136),#8137);
#8142=IFCPRODUCTDEFINITIONSHAPE($,$,(#8319,#8316));
#8158=IFCPROPERTYSET('33mnP$K1T3WAtcQB9tbR8i',$,'EPset_Parametric',$,(#8160));
#8159=IFCRELDEFINESBYPROPERTIES('2U82sB7ebFLu5WjbUH7Ybw',$,$,$,(#8136),#8158);
#8160=IFCPROPERTYSINGLEVALUE('Engine',$,IFCLABEL('Bonsai.DumbLayer2'),$);
#8174=IFCWALL('2qol0SoT18l80Cql13GWmm',$,'Wall',$,$,#12916,#8180,$,$);
#8175=IFCMATERIALLAYERSETUSAGE(#82,.AXIS2.,.POSITIVE.,0.,$);
#8176=IFCRELASSOCIATESMATERIAL('14dFVPKlf1LOS9PyMzsMco',$,$,$,(#8174),#8175);
#8180=IFCPRODUCTDEFINITIONSHAPE($,$,(#8211,#8208));
#8196=IFCPROPERTYSET('2Z0ajcUCLAgA9BRwN2ttSC',$,'EPset_Parametric',$,(#8198));
#8197=IFCRELDEFINESBYPROPERTIES('2X3KI7pgbDyRXDPG4QugWx',$,$,$,(#8174),#8196);
#8198=IFCPROPERTYSINGLEVALUE('Engine',$,IFCLABEL('Bonsai.DumbLayer2'),$);
#8199=IFCCARTESIANPOINTLIST2D(((0.,0.),(0.,0.10000000000000001),(3.8089361574937266,0.10000000000000001),(3.8089361574937266,0.)));
#8200=IFCINDEXEDPOLYCURVE(#8199,(IFCLINEINDEX((1,2,3,4,1))),$);
#8201=IFCARBITRARYCLOSEDPROFILEDEF(.AREA.,$,#8200);
#8202=IFCCARTESIANPOINT((0.,0.,0.));
#8203=IFCDIRECTION((0.,0.,1.));
#8204=IFCDIRECTION((1.,0.,0.));
#8205=IFCAXIS2PLACEMENT3D(#8202,#8203,#8204);
#8206=IFCDIRECTION((0.,0.,1.));
#8207=IFCEXTRUDEDAREASOLID(#8201,#8205,#8206,3.);
#8208=IFCSHAPEREPRESENTATION(#11,'Body','SweptSolid',(#8207));
#8209=IFCCARTESIANPOINTLIST2D(((0.,0.),(3.8089361574937266,0.)));
#8210=IFCINDEXEDPOLYCURVE(#8209,$,$);
#8211=IFCSHAPEREPRESENTATION(#23,'Axis','Curve2D',(#8210));
#8212=IFCWALL('1PCFozYJ18y93i6miLJO0v',$,'Wall',$,$,#12901,#8218,$,$);
#8213=IFCMATERIALLAYERSETUSAGE(#82,.AXIS2.,.POSITIVE.,0.,$);
#8214=IFCRELASSOCIATESMATERIAL('0fInXMLm15lPJWfjTp0Lfe',$,$,$,(#8212),#8213);
#8218=IFCPRODUCTDEFINITIONSHAPE($,$,(#8249,#8246));
#8234=IFCPROPERTYSET('0iPp7zQyX8dw0yJAfSbE8t',$,'EPset_Parametric',$,(#8236));
#8235=IFCRELDEFINESBYPROPERTIES('3uHijosO91rfPFTG54c_Ma',$,$,$,(#8212),#8234);
#8236=IFCPROPERTYSINGLEVALUE('Engine',$,IFCLABEL('Bonsai.DumbLayer2'),$);
#8237=IFCCARTESIANPOINTLIST2D(((0.,0.),(0.,0.10000000000000001),(3.4022233593594109,0.10000000000000001),(3.4022233593594109,0.)));
#8238=IFCINDEXEDPOLYCURVE(#8237,(IFCLINEINDEX((1,2,3,4,1))),$);
#8239=IFCARBITRARYCLOSEDPROFILEDEF(.AREA.,$,#8238);
#8240=IFCCARTESIANPOINT((0.,0.,0.));
#8241=IFCDIRECTION((0.,0.,1.));
#8242=IFCDIRECTION((1.,0.,0.));
#8243=IFCAXIS2PLACEMENT3D(#8240,#8241,#8242);
#8244=IFCDIRECTION((0.,0.,1.));
#8245=IFCEXTRUDEDAREASOLID(#8239,#8243,#8244,3.);
#8246=IFCSHAPEREPRESENTATION(#11,'Body','SweptSolid',(#8245));
#8247=IFCCARTESIANPOINTLIST2D(((0.,0.),(3.4022233593594109,0.)));
#8248=IFCINDEXEDPOLYCURVE(#8247,$,$);
#8249=IFCSHAPEREPRESENTATION(#23,'Axis','Curve2D',(#8248));
#8250=IFCWALL('265gT615L5lONTVONBngl4',$,'Wall',$,$,#12906,#8256,$,$);
#8251=IFCMATERIALLAYERSETUSAGE(#82,.AXIS2.,.POSITIVE.,0.,$);
#8252=IFCRELASSOCIATESMATERIAL('3gsQ64pVr3Ww5CSn31JG5F',$,$,$,(#8250),#8251);
#8256=IFCPRODUCTDEFINITIONSHAPE($,$,(#8306,#8303));
#8272=IFCPROPERTYSET('2MwPdYxwn1OwMSr2TKHb3l',$,'EPset_Parametric',$,(#8274));
#8273=IFCRELDEFINESBYPROPERTIES('1ohJa5FoD7XeNVVjU1Leme',$,$,$,(#8250),#8272);
#8274=IFCPROPERTYSINGLEVALUE('Engine',$,IFCLABEL('Bonsai.DumbLayer2'),$);
#8293=IFCRELCONNECTSPATHELEMENTS('1$8aktNtr0_9w95gR94Du2',$,$,$,$,#8250,#8136,(),(),.ATPATH.,.ATEND.);
#8294=IFCCARTESIANPOINTLIST2D(((0.,0.),(0.,0.10000000000000001),(3.8142331130648488,0.10000000000000001),(3.8141915253150396,0.)));
#8295=IFCINDEXEDPOLYCURVE(#8294,(IFCLINEINDEX((1,2,3,4,1))),$);
#8296=IFCARBITRARYCLOSEDPROFILEDEF(.AREA.,$,#8295);
#8297=IFCCARTESIANPOINT((0.,0.,0.));
#8298=IFCDIRECTION((0.,0.,1.));
#8299=IFCDIRECTION((1.,0.,0.));
#8300=IFCAXIS2PLACEMENT3D(#8297,#8298,#8299);
#8301=IFCDIRECTION((0.,0.,1.));
#8302=IFCEXTRUDEDAREASOLID(#8296,#8300,#8301,3.);
#8303=IFCSHAPEREPRESENTATION(#11,'Body','SweptSolid',(#8302));
#8304=IFCCARTESIANPOINTLIST2D(((0.,0.),(3.914191533962744,0.)));
#8305=IFCINDEXEDPOLYCURVE(#8304,$,$);
#8306=IFCSHAPEREPRESENTATION(#23,'Axis','Curve2D',(#8305));
#8307=IFCCARTESIANPOINTLIST2D(((0.,0.),(0.,0.10000000000000001),(6.8992047609324718,0.10000000000000001),(6.8992047609324718,0.)));
#8308=IFCINDEXEDPOLYCURVE(#8307,(IFCLINEINDEX((1,2,3,4,1))),$);
#8309=IFCARBITRARYCLOSEDPROFILEDEF(.AREA.,$,#8308);
#8310=IFCCARTESIANPOINT((0.,0.,0.));
#8311=IFCDIRECTION((0.,0.,1.));
#8312=IFCDIRECTION((1.,0.,0.));
#8313=IFCAXIS2PLACEMENT3D(#8310,#8311,#8312);
#8314=IFCDIRECTION((0.,0.,1.));
#8315=IFCEXTRUDEDAREASOLID(#8309,#8313,#8314,3.);
#8316=IFCSHAPEREPRESENTATION(#11,'Body','SweptSolid',(#8315));
#8317=IFCCARTESIANPOINTLIST2D(((0.,0.),(6.8992047609324718,0.)));
#8318=IFCINDEXEDPOLYCURVE(#8317,$,$);
#8319=IFCSHAPEREPRESENTATION(#23,'Axis','Curve2D',(#8318));
#8320=IFCDOORTYPE('3pIAgwx2b3C845mWDeJxz0',$,'Masters-2F',$,$,(#8321),(#8323,#8331,#8409),$,$,.DOOR.,.SINGLE_SWING_LEFT.,$,$);
#8321=IFCPROPERTYSET('3w24kEqATC1A1$sdR8u5Tz',$,'BBIM_Door',$,(#8322));
#8322=IFCPROPERTYSINGLEVALUE('Data',$,IFCTEXT('{"door_type": "SINGLE_SWING_RIGHT", "overall_height": 2.0, "overall_width": 0.8999999761581421, "lining_properties": {"lining_depth": 0.040000006556510925, "lining_thickness": 0.07580799609422684, "lining_offset": 0.0, "lining_to_panel_offset_x": 0.02500000037252903, "lining_to_panel_offset_y": 0.02500000037252903, "transom_thickness": 0.0, "casing_thickness": 0.07500000298023224, "casing_depth": 0.0010000000474974513, "threshold_thickness": 0.02500000037252903, "threshold_depth": 0.10000000149011612, "threshold_offset": 0.0}, "panel_properties": {"panel_depth": 0.03500000014901161, "panel_width_ratio": 1.0}}'),$);
#8323=IFCREPRESENTATIONMAP(#8324,#8819);
#8324=IFCAXIS2PLACEMENT3D(#8325,#8326,#8327);
#8325=IFCCARTESIANPOINT((0.,0.,0.));
#8326=IFCDIRECTION((0.,0.,1.));
#8327=IFCDIRECTION((1.,0.,0.));
#8331=IFCREPRESENTATIONMAP(#8332,#8892);
#8332=IFCAXIS2PLACEMENT3D(#8333,#8334,#8335);
#8333=IFCCARTESIANPOINT((0.,0.,0.));
#8334=IFCDIRECTION((0.,0.,1.));
#8335=IFCDIRECTION((1.,0.,0.));
#8409=IFCREPRESENTATIONMAP(#8410,#8910);
#8410=IFCAXIS2PLACEMENT3D(#8411,#8412,#8413);
#8411=IFCCARTESIANPOINT((0.,0.,0.));
#8412=IFCDIRECTION((0.,0.,1.));
#8413=IFCDIRECTION((1.,0.,0.));
#8428=IFCDOORTYPE('1LA1XGeXLEphSFnP3YMuht',$,'BR2-2F',$,$,(#8429),(#8431,#8439,#8517),$,$,.DOOR.,.SINGLE_SWING_LEFT.,$,$);
#8429=IFCPROPERTYSET('2Sah77Lmz6Z9wy6k3ckEe9',$,'BBIM_Door',$,(#8430));
#8430=IFCPROPERTYSINGLEVALUE('Data',$,IFCTEXT('{"door_type": "SINGLE_SWING_RIGHT", "overall_height": 2.0, "overall_width": 0.8999999761581421, "lining_properties": {"lining_depth": 0.040000006556510925, "lining_thickness": 0.07580799609422684, "lining_offset": 0.0, "lining_to_panel_offset_x": 0.02500000037252903, "lining_to_panel_offset_y": 0.02500000037252903, "transom_thickness": 0.0, "casing_thickness": 0.07500000298023224, "casing_depth": 0.0010000000474974513, "threshold_thickness": 0.02500000037252903, "threshold_depth": 0.10000000149011612, "threshold_offset": 0.0}, "panel_properties": {"panel_depth": 0.03500000014901161, "panel_width_ratio": 1.0}}'),$);
#8431=IFCREPRESENTATIONMAP(#8432,#10454);
#8432=IFCAXIS2PLACEMENT3D(#8433,#8434,#8435);
#8433=IFCCARTESIANPOINT((0.,0.,0.));
#8434=IFCDIRECTION((0.,0.,1.));
#8435=IFCDIRECTION((1.,0.,0.));
#8439=IFCREPRESENTATIONMAP(#8440,#10527);
#8440=IFCAXIS2PLACEMENT3D(#8441,#8442,#8443);
#8441=IFCCARTESIANPOINT((0.,0.,0.));
#8442=IFCDIRECTION((0.,0.,1.));
#8443=IFCDIRECTION((1.,0.,0.));
#8517=IFCREPRESENTATIONMAP(#8518,#10545);
#8518=IFCAXIS2PLACEMENT3D(#8519,#8520,#8521);
#8519=IFCCARTESIANPOINT((0.,0.,0.));
#8520=IFCDIRECTION((0.,0.,1.));
#8521=IFCDIRECTION((1.,0.,0.));
#8536=IFCDOORTYPE('1uLcgnwAH2FgxKXHhY0deT',$,'BR1-2F',$,$,(#8537),(#8539,#8547,#8625),$,$,.DOOR.,.SINGLE_SWING_LEFT.,$,$);
#8537=IFCPROPERTYSET('0AH5WdpYn4FBFNfw1FeJJH',$,'BBIM_Door',$,(#8538));
#8538=IFCPROPERTYSINGLEVALUE('Data',$,IFCTEXT('{"door_type": "SINGLE_SWING_LEFT", "overall_height": 2.0, "overall_width": 0.8999999761581421, "lining_properties": {"lining_depth": 0.040000006556510925, "lining_thickness": 0.07580799609422684, "lining_offset": 0.0, "lining_to_panel_offset_x": 0.02500000037252903, "lining_to_panel_offset_y": 0.02500000037252903, "transom_thickness": 0.0, "casing_thickness": 0.07500000298023224, "casing_depth": 0.0010000000474974513, "threshold_thickness": 0.02500000037252903, "threshold_depth": 0.10000000149011612, "threshold_offset": 0.0}, "panel_properties": {"panel_depth": 0.03500000014901161, "panel_width_ratio": 1.0}}'),$);
#8539=IFCREPRESENTATIONMAP(#8540,#9122);
#8540=IFCAXIS2PLACEMENT3D(#8541,#8542,#8543);
#8541=IFCCARTESIANPOINT((0.,0.,0.));
#8542=IFCDIRECTION((0.,0.,1.));
#8543=IFCDIRECTION((1.,0.,0.));
#8547=IFCREPRESENTATIONMAP(#8548,#9195);
#8548=IFCAXIS2PLACEMENT3D(#8549,#8550,#8551);
#8549=IFCCARTESIANPOINT((0.,0.,0.));
#8550=IFCDIRECTION((0.,0.,1.));
#8551=IFCDIRECTION((1.,0.,0.));
#8625=IFCREPRESENTATIONMAP(#8626,#9209);
#8626=IFCAXIS2PLACEMENT3D(#8627,#8628,#8629);
#8627=IFCCARTESIANPOINT((0.,0.,0.));
#8628=IFCDIRECTION((0.,0.,1.));
#8629=IFCDIRECTION((1.,0.,0.));
#8644=IFCDOORTYPE('0tt3mMpWD7Rh8$WJM_cZcf',$,'Bathroom-2F',$,$,(#8645),(#8647,#8655,#8733),$,$,.DOOR.,.SINGLE_SWING_LEFT.,$,$);
#8645=IFCPROPERTYSET('1W0jMnA$n5QwiLfk45$USb',$,'BBIM_Door',$,(#8646));
#8646=IFCPROPERTYSINGLEVALUE('Data',$,IFCTEXT('{"door_type": "SINGLE_SWING_LEFT", "overall_height": 2.0, "overall_width": 0.8999999761581421, "lining_properties": {"lining_depth": 0.040000006556510925, "lining_thickness": 0.07580799609422684, "lining_offset": 0.0, "lining_to_panel_offset_x": 0.02500000037252903, "lining_to_panel_offset_y": 0.02500000037252903, "transom_thickness": 0.0, "casing_thickness": 0.07500000298023224, "casing_depth": 0.0010000000474974513, "threshold_thickness": 0.02500000037252903, "threshold_depth": 0.10000000149011612, "threshold_offset": 0.0}, "panel_properties": {"panel_depth": 0.03500000014901161, "panel_width_ratio": 1.0}}'),$);
#8647=IFCREPRESENTATIONMAP(#8648,#10573);
#8648=IFCAXIS2PLACEMENT3D(#8649,#8650,#8651);
#8649=IFCCARTESIANPOINT((0.,0.,0.));
#8650=IFCDIRECTION((0.,0.,1.));
#8651=IFCDIRECTION((1.,0.,0.));
#8655=IFCREPRESENTATIONMAP(#8656,#10646);
#8656=IFCAXIS2PLACEMENT3D(#8657,#8658,#8659);
#8657=IFCCARTESIANPOINT((0.,0.,0.));
#8658=IFCDIRECTION((0.,0.,1.));
#8659=IFCDIRECTION((1.,0.,0.));
#8733=IFCREPRESENTATIONMAP(#8734,#10664);
#8734=IFCAXIS2PLACEMENT3D(#8735,#8736,#8737);
#8735=IFCCARTESIANPOINT((0.,0.,0.));
#8736=IFCDIRECTION((0.,0.,1.));
#8737=IFCDIRECTION((1.,0.,0.));
#8752=IFCDOOR('3jRRvHD8P2vQp_ZfFJv5Ha',$,'Door',$,$,#8935,#8761,$,2.,0.89999997615814209,$,.SINGLE_SWING_RIGHT.,$);
#8753=IFCRELDEFINESBYTYPE('2k85LOtPX5NerlKU$ZABxW',$,$,$,(#8752),#8320);
#8754=IFCCARTESIANPOINT((0.,0.,0.));
#8755=IFCDIRECTION((1.,0.,0.));
#8756=IFCDIRECTION((0.,1.,0.));
#8757=IFCDIRECTION((0.,0.,1.));
#8758=IFCCARTESIANTRANSFORMATIONOPERATOR3D(#8755,#8756,#8754,1.,#8757);
#8759=IFCMAPPEDITEM(#8323,#8758);
#8760=IFCSHAPEREPRESENTATION(#18,'Profile','MappedRepresentation',(#8759));
#8761=IFCPRODUCTDEFINITIONSHAPE($,$,(#8760,#8768,#8775));
#8762=IFCCARTESIANPOINT((0.,0.,0.));
#8763=IFCDIRECTION((1.,0.,0.));
#8764=IFCDIRECTION((0.,1.,0.));
#8765=IFCDIRECTION((0.,0.,1.));
#8766=IFCCARTESIANTRANSFORMATIONOPERATOR3D(#8763,#8764,#8762,1.,#8765);
#8767=IFCMAPPEDITEM(#8331,#8766);
#8768=IFCSHAPEREPRESENTATION(#11,'Body','MappedRepresentation',(#8767));
#8769=IFCCARTESIANPOINT((0.,0.,0.));
#8770=IFCDIRECTION((1.,0.,0.));
#8771=IFCDIRECTION((0.,1.,0.));
#8772=IFCDIRECTION((0.,0.,1.));
#8773=IFCCARTESIANTRANSFORMATIONOPERATOR3D(#8770,#8771,#8769,1.,#8772);
#8774=IFCMAPPEDITEM(#8409,#8773);
#8775=IFCSHAPEREPRESENTATION(#24,'Body','MappedRepresentation',(#8774));
#8776=IFCOPENINGELEMENT('2_tmswTc50aundGgObhM93',$,'Opening',$,$,#8930,#8804,$,.OPENING.);
#8792=IFCCARTESIANPOINT((0.,0.,0.));
#8793=IFCDIRECTION((1.,0.,0.));
#8794=IFCDIRECTION((0.,0.,1.));
#8795=IFCAXIS2PLACEMENT3D(#8792,#8794,#8793);
#8796=IFCREPRESENTATIONMAP(#8795,#8920);
#8797=IFCCARTESIANPOINT((0.,0.,0.));
#8798=IFCDIRECTION((1.,0.,0.));
#8799=IFCDIRECTION((0.,1.,0.));
#8800=IFCDIRECTION((0.,0.,1.));
#8801=IFCCARTESIANTRANSFORMATIONOPERATOR3D(#8798,#8799,#8797,1.,#8800);
#8802=IFCMAPPEDITEM(#8796,#8801);
#8803=IFCSHAPEREPRESENTATION(#11,'Body','MappedRepresentation',(#8802));
#8804=IFCPRODUCTDEFINITIONSHAPE($,$,(#8803));
#8805=IFCRELVOIDSELEMENT('3iuK5RNzLEUeK0SW9RQHQg',$,$,$,#8136,#8776);
#8811=IFCRELFILLSELEMENT('2OS7J_TFfA0fP_CxUHEZLN',$,$,$,#8776,#8752);
#8817=IFCCARTESIANPOINTLIST3D(((0.,0.,0.),(0.89999997615814209,0.,0.),(0.89999997615814209,0.,2.),(0.,0.,2.)));
#8818=IFCINDEXEDPOLYCURVE(#8817,(IFCLINEINDEX((1,2,3,4,1))),$);
#8819=IFCSHAPEREPRESENTATION(#18,'Profile','Curve3D',(#8818));
#8820=IFCCARTESIANPOINTLIST2D(((0.,0.),(0.,2.),(0.89999997615814209,2.),(0.89999997615814209,0.),(0.87499997578561306,0.),(0.87499997578561306,1.974999999627471),(0.02500000037252903,1.974999999627471),(0.02500000037252903,0.)));
#8821=IFCINDEXEDPOLYCURVE(#8820,(IFCLINEINDEX((1,2,3,4,5,6,7,8,1))),$);
#8822=IFCARBITRARYCLOSEDPROFILEDEF(.AREA.,$,#8821);
#8823=IFCCARTESIANPOINT((0.,0.02500000037252903,0.));
#8824=IFCDIRECTION((0.,-1.,0.));
#8825=IFCDIRECTION((1.,0.,0.));
#8826=IFCAXIS2PLACEMENT3D(#8823,#8824,#8825);
#8827=IFCDIRECTION((0.,0.,-1.));
#8828=IFCEXTRUDEDAREASOLID(#8822,#8826,#8827,0.015000006183981895);
#8829=IFCCARTESIANPOINTLIST2D(((0.,0.),(0.,2.),(0.89999997615814209,2.),(0.89999997615814209,0.),(0.82419198006391525,0.),(0.82419198006391525,1.9241920039057732),(0.075807996094226837,1.9241920039057732),(0.075807996094226837,0.)));
#8830=IFCINDEXEDPOLYCURVE(#8829,(IFCLINEINDEX((1,2,3,4,5,6,7,8,1))),$);
#8831=IFCARBITRARYCLOSEDPROFILEDEF(.AREA.,$,#8830);
#8832=IFCCARTESIANPOINT((0.,0.,0.));
#8833=IFCDIRECTION((0.,-1.,0.));
#8834=IFCDIRECTION((1.,0.,0.));
#8835=IFCAXIS2PLACEMENT3D(#8832,#8833,#8834);
#8836=IFCDIRECTION((0.,0.,-1.));
#8837=IFCEXTRUDEDAREASOLID(#8831,#8835,#8836,0.02500000037252903);
#8838=IFCCARTESIANPOINTLIST2D(((0.,0.),(0.74838398396968842,0.),(0.74838398396968842,0.10000000149011612),(0.,0.10000000149011612)));
#8839=IFCINDEXEDPOLYCURVE(#8838,(IFCLINEINDEX((1,2,3,4,1))),$);
#8840=IFCARBITRARYCLOSEDPROFILEDEF(.AREA.,$,#8839);
#8841=IFCCARTESIANPOINT((0.075807996094226837,0.,0.));
#8842=IFCDIRECTION((0.,0.,1.));
#8843=IFCDIRECTION((1.,0.,0.));
#8844=IFCAXIS2PLACEMENT3D(#8841,#8842,#8843);
#8845=IFCDIRECTION((0.,0.,1.));
#8846=IFCEXTRUDEDAREASOLID(#8840,#8844,#8845,0.02500000037252903);
#8847=IFCCARTESIANPOINTLIST2D(((0.,0.),(0.,2.),(0.89999997615814209,2.),(0.89999997615814209,0.),(0.82499997317790985,0.),(0.82499997317790985,1.9249999970197678),(0.075000002980232239,1.9249999970197678),(0.075000002980232239,0.)));
#8848=IFCINDEXEDPOLYCURVE(#8847,(IFCLINEINDEX((1,2,3,4,5,6,7,8,1))),$);
#8849=IFCARBITRARYCLOSEDPROFILEDEF(.AREA.,$,#8848);
#8850=IFCCARTESIANPOINT((0.,-0.0010000000474974513,0.));
#8851=IFCDIRECTION((0.,-1.,0.));
#8852=IFCDIRECTION((1.,0.,0.));
#8853=IFCAXIS2PLACEMENT3D(#8850,#8851,#8852);
#8854=IFCDIRECTION((0.,0.,-1.));
#8855=IFCEXTRUDEDAREASOLID(#8849,#8853,#8854,0.0010000000474974513);
#8856=IFCCARTESIANPOINTLIST2D(((0.,0.),(0.,2.),(0.89999997615814209,2.),(0.89999997615814209,0.),(0.87580796889960766,0.),(0.87580796889960766,1.9758079927414656),(0.024192007258534431,1.9758079927414656),(0.024192007258534431,0.)));
#8857=IFCINDEXEDPOLYCURVE(#8856,(IFCLINEINDEX((1,2,3,4,5,6,7,8,1))),$);
#8858=IFCARBITRARYCLOSEDPROFILEDEF(.AREA.,$,#8857);
#8859=IFCCARTESIANPOINT((0.,0.040000006556510925,0.));
#8860=IFCDIRECTION((0.,-1.,0.));
#8861=IFCDIRECTION((1.,0.,0.));
#8862=IFCAXIS2PLACEMENT3D(#8859,#8860,#8861);
#8863=IFCDIRECTION((0.,0.,-1.));
#8864=IFCEXTRUDEDAREASOLID(#8858,#8862,#8863,0.0010000000474974513);
#8865=IFCCARTESIANPOINTLIST2D(((0.,0.),(0.84999997541308403,0.),(0.84999997541308403,0.035000000149011612),(0.,0.035000000149011612)));
#8866=IFCINDEXEDPOLYCURVE(#8865,(IFCLINEINDEX((1,2,3,4,1))),$);
#8867=IFCARBITRARYCLOSEDPROFILEDEF(.AREA.,$,#8866);
#8868=IFCCARTESIANPOINT((0.02500000037252903,0.02500000037252903,0.02500000037252903));
#8869=IFCDIRECTION((0.,0.,1.));
#8870=IFCDIRECTION((1.,0.,0.));
#8871=IFCAXIS2PLACEMENT3D(#8868,#8869,#8870);
#8872=IFCDIRECTION((0.,0.,1.));
#8873=IFCEXTRUDEDAREASOLID(#8867,#8871,#8872,1.9499999992549419);
#8874=IFCCARTESIANPOINTLIST2D(((0.,0.),(0.,-0.040000000000000001),(0.12,-0.040000000000000001),(0.12,-0.02),(0.02,-0.02),(0.02,0.)));
#8875=IFCINDEXEDPOLYCURVE(#8874,(IFCLINEINDEX((1,2,3,4,5,6,1))),$);
#8876=IFCARBITRARYCLOSEDPROFILEDEF(.AREA.,$,#8875);
#8877=IFCCARTESIANPOINT((0.075000000372529033,0.02500000037252903,1.015000000372529));
#8878=IFCDIRECTION((0.,0.,1.));
#8879=IFCDIRECTION((1.,0.,0.));
#8880=IFCAXIS2PLACEMENT3D(#8877,#8878,#8879);
#8881=IFCDIRECTION((0.,0.,1.));
#8882=IFCEXTRUDEDAREASOLID(#8876,#8880,#8881,0.02);
#8883=IFCEXTRUDEDAREASOLID(#8884,#8887,#8891,0.02);
#8884=IFCARBITRARYCLOSEDPROFILEDEF(.AREA.,$,#8885);
#8885=IFCINDEXEDPOLYCURVE(#8886,(IFCLINEINDEX((1,2,3,4,5,6,1))),$);
#8886=IFCCARTESIANPOINTLIST2D(((0.,0.),(0.,0.040000000000000008),(0.11999999999999998,0.040000000000000008),(0.11999999999999998,0.020000000000000004),(0.020000000000000004,0.020000000000000004),(0.020000000000000004,0.)));
#8887=IFCAXIS2PLACEMENT3D(#8888,#8889,#8890);
#8888=IFCCARTESIANPOINT((0.075000000372529033,0.060000000521540642,1.015000000372529));
#8889=IFCDIRECTION((0.,0.,1.));
#8890=IFCDIRECTION((1.,0.,0.));
#8891=IFCDIRECTION((0.,0.,1.));
#8892=IFCSHAPEREPRESENTATION(#11,'Body','SweptSolid',(#8828,#8837,#8873,#8882,#8883,#8846,#8855,#8864));
#8893=IFCSHAPEREPRESENTATION(#11,'Body','SweptSolid',(#8828,#8837,#8846,#8855,#8864));
#8894=IFCSHAPEASPECT((#8893),'Lining',$,.T.,#8761);
#8895=IFCSHAPEREPRESENTATION(#11,'Body','SweptSolid',(#8873,#8882,#8883));
#8896=IFCSHAPEASPECT((#8895),'Framing',$,.T.,#8761);
#8897=IFCCARTESIANPOINTLIST2D(((0.,0.),(0.,0.040000006556510925),(0.02500000037252903,0.040000006556510925),(0.02500000037252903,0.02500000037252903),(0.075807996094226837,0.02500000037252903),(0.075807996094226837,0.)));
#8898=IFCINDEXEDPOLYCURVE(#8897,(IFCLINEINDEX((1,2,3,4,5,6,1))),$);
#8899=IFCINDEXEDPOLYCURVE(#8900,(IFCLINEINDEX((1,2,3,4,5,6,1))),$);
#8900=IFCCARTESIANPOINTLIST2D(((0.89999997615814209,0.),(0.89999997615814209,0.040000006556510925),(0.87499997578561306,0.040000006556510925),(0.87499997578561306,0.02500000037252903),(0.82419198006391525,0.02500000037252903),(0.82419198006391525,0.)));
#8901=IFCDIRECTION((1.,0.));
#8902=IFCCARTESIANPOINT((0.83999997563660145,0.040000006556510925));
#8903=IFCAXIS2PLACEMENT2D(#8902,#8901);
#8904=IFCELLIPSE(#8903,0.81499997526407242,0.84999997541308403);
#8905=IFCCARTESIANPOINT((0.83999997563660145,0.88999998196959496));
#8906=IFCCARTESIANPOINT((0.02500000037252903,0.040000006556510925));
#8907=IFCTRIMMEDCURVE(#8904,(#8905),(#8906),.T.,.CARTESIAN.);
#8908=IFCCARTESIANPOINTLIST2D(((0.87499997578561306,0.040000006556510925),(0.83999997563660145,0.040000006556510925),(0.83999997563660145,0.88999998196959496),(0.87499997578561306,0.88999998196959496)));
#8909=IFCINDEXEDPOLYCURVE(#8908,(IFCLINEINDEX((1,2,3,4,1))),$);
#8910=IFCSHAPEREPRESENTATION(#24,'Body','Curve2D',(#8898,#8899,#8907,#8909));
#8911=IFCCARTESIANPOINTLIST2D(((0.,0.),(0.89999997615814209,0.),(0.89999997615814209,2.),(0.,2.)));
#8912=IFCINDEXEDPOLYCURVE(#8911,(IFCLINEINDEX((1,2,3,4,1))),$);
#8913=IFCARBITRARYCLOSEDPROFILEDEF(.AREA.,$,#8912);
#8914=IFCCARTESIANPOINT((0.,-0.60000002384185791,0.));
#8915=IFCDIRECTION((0.,-1.,0.));
#8916=IFCDIRECTION((1.,0.,0.));
#8917=IFCAXIS2PLACEMENT3D(#8914,#8915,#8916);
#8918=IFCDIRECTION((0.,0.,-1.));
#8919=IFCEXTRUDEDAREASOLID(#8913,#8917,#8918,1.2);
#8920=IFCSHAPEREPRESENTATION(#11,'Body','SweptSolid',(#8919));
#8926=IFCCARTESIANPOINT((3.856864912793549,0.10000000444162266,0.));
#8927=IFCDIRECTION((0.,0.,1.));
#8928=IFCDIRECTION((-0.99999999999998868,1.5101975910141114E-07,0.));
#8929=IFCAXIS2PLACEMENT3D(#8926,#8927,#8928);
#8930=IFCLOCALPLACEMENT(#12911,#8929);
#8931=IFCCARTESIANPOINT((0.,0.,0.));
#8932=IFCDIRECTION((0.,0.,1.));
#8933=IFCDIRECTION((0.99999999999999978,0.,0.));
#8934=IFCAXIS2PLACEMENT3D(#8931,#8932,#8933);
#8935=IFCLOCALPLACEMENT(#8930,#8934);
#8936=IFCDOOR('2Em4_OfJ17BOmdA89ya6oJ',$,'Door',$,$,#9234,#8945,$,2.,0.89999997615814209,$,.SINGLE_SWING_LEFT.,$);
#8937=IFCRELDEFINESBYTYPE('2sf8ck0EXEquGl40WFtx_n',$,$,$,(#8936),#8536);
#8938=IFCCARTESIANPOINT((0.,0.,0.));
#8939=IFCDIRECTION((1.,0.,0.));
#8940=IFCDIRECTION((0.,1.,0.));
#8941=IFCDIRECTION((0.,0.,1.));
#8942=IFCCARTESIANTRANSFORMATIONOPERATOR3D(#8939,#8940,#8938,1.,#8941);
#8943=IFCMAPPEDITEM(#8539,#8942);
#8944=IFCSHAPEREPRESENTATION(#18,'Profile','MappedRepresentation',(#8943));
#8945=IFCPRODUCTDEFINITIONSHAPE($,$,(#8944,#8952,#8959));
#8946=IFCCARTESIANPOINT((0.,0.,0.));
#8947=IFCDIRECTION((1.,0.,0.));
#8948=IFCDIRECTION((0.,1.,0.));
#8949=IFCDIRECTION((0.,0.,1.));
#8950=IFCCARTESIANTRANSFORMATIONOPERATOR3D(#8947,#8948,#8946,1.,#8949);
#8951=IFCMAPPEDITEM(#8547,#8950);
#8952=IFCSHAPEREPRESENTATION(#11,'Body','MappedRepresentation',(#8951));
#8953=IFCCARTESIANPOINT((0.,0.,0.));
#8954=IFCDIRECTION((1.,0.,0.));
#8955=IFCDIRECTION((0.,1.,0.));
#8956=IFCDIRECTION((0.,0.,1.));
#8957=IFCCARTESIANTRANSFORMATIONOPERATOR3D(#8954,#8955,#8953,1.,#8956);
#8958=IFCMAPPEDITEM(#8625,#8957);
#8959=IFCSHAPEREPRESENTATION(#24,'Body','MappedRepresentation',(#8958));
#8960=IFCOPENINGELEMENT('35PDPSCYz6Vg16xr2cWGzm',$,'Opening',$,$,#9229,#8988,$,.OPENING.);
#8976=IFCCARTESIANPOINT((0.,0.,0.));
#8977=IFCDIRECTION((1.,0.,0.));
#8978=IFCDIRECTION((0.,0.,1.));
#8979=IFCAXIS2PLACEMENT3D(#8976,#8978,#8977);
#8980=IFCREPRESENTATIONMAP(#8979,#9219);
#8981=IFCCARTESIANPOINT((0.,0.,0.));
#8982=IFCDIRECTION((1.,0.,0.));
#8983=IFCDIRECTION((0.,1.,0.));
#8984=IFCDIRECTION((0.,0.,1.));
#8985=IFCCARTESIANTRANSFORMATIONOPERATOR3D(#8982,#8983,#8981,1.,#8984);
#8986=IFCMAPPEDITEM(#8980,#8985);
#8987=IFCSHAPEREPRESENTATION(#11,'Body','MappedRepresentation',(#8986));
#8988=IFCPRODUCTDEFINITIONSHAPE($,$,(#8987));
#8989=IFCRELVOIDSELEMENT('2_Pinfx2f5FBKSf0_3bQYJ',$,$,$,#8136,#8960);
#8995=IFCRELFILLSELEMENT('3wFvLV7onAmOAzut4ecUq3',$,$,$,#8960,#8936);
#9004=IFCCARTESIANPOINTLIST2D(((0.,0.),(0.,2.),(0.89999997615814209,2.),(0.89999997615814209,0.),(0.87499997578561306,0.),(0.87499997578561306,1.974999999627471),(0.02500000037252903,1.974999999627471),(0.02500000037252903,0.)));
#9005=IFCINDEXEDPOLYCURVE(#9004,(IFCLINEINDEX((1,2,3,4,5,6,7,8,1))),$);
#9006=IFCARBITRARYCLOSEDPROFILEDEF(.AREA.,$,#9005);
#9007=IFCCARTESIANPOINT((0.,0.02500000037252903,0.));
#9008=IFCDIRECTION((0.,-1.,0.));
#9009=IFCDIRECTION((1.,0.,0.));
#9010=IFCAXIS2PLACEMENT3D(#9007,#9008,#9009);
#9011=IFCDIRECTION((0.,0.,-1.));
#9012=IFCEXTRUDEDAREASOLID(#9006,#9010,#9011,0.015000006183981895);
#9013=IFCCARTESIANPOINTLIST2D(((0.,0.),(0.,2.),(0.89999997615814209,2.),(0.89999997615814209,0.),(0.82419198006391525,0.),(0.82419198006391525,1.9241920039057732),(0.075807996094226837,1.9241920039057732),(0.075807996094226837,0.)));
#9014=IFCINDEXEDPOLYCURVE(#9013,(IFCLINEINDEX((1,2,3,4,5,6,7,8,1))),$);
#9015=IFCARBITRARYCLOSEDPROFILEDEF(.AREA.,$,#9014);
#9016=IFCCARTESIANPOINT((0.,0.,0.));
#9017=IFCDIRECTION((0.,-1.,0.));
#9018=IFCDIRECTION((1.,0.,0.));
#9019=IFCAXIS2PLACEMENT3D(#9016,#9017,#9018);
#9020=IFCDIRECTION((0.,0.,-1.));
#9021=IFCEXTRUDEDAREASOLID(#9015,#9019,#9020,0.02500000037252903);
#9022=IFCCARTESIANPOINTLIST2D(((0.,0.),(0.74838398396968842,0.),(0.74838398396968842,0.10000000149011612),(0.,0.10000000149011612)));
#9023=IFCINDEXEDPOLYCURVE(#9022,(IFCLINEINDEX((1,2,3,4,1))),$);
#9024=IFCARBITRARYCLOSEDPROFILEDEF(.AREA.,$,#9023);
#9025=IFCCARTESIANPOINT((0.075807996094226837,0.,0.));
#9026=IFCDIRECTION((0.,0.,1.));
#9027=IFCDIRECTION((1.,0.,0.));
#9028=IFCAXIS2PLACEMENT3D(#9025,#9026,#9027);
#9029=IFCDIRECTION((0.,0.,1.));
#9030=IFCEXTRUDEDAREASOLID(#9024,#9028,#9029,0.02500000037252903);
#9031=IFCCARTESIANPOINTLIST2D(((0.,0.),(0.,2.),(0.89999997615814209,2.),(0.89999997615814209,0.),(0.82499997317790985,0.),(0.82499997317790985,1.9249999970197678),(0.075000002980232239,1.9249999970197678),(0.075000002980232239,0.)));
#9032=IFCINDEXEDPOLYCURVE(#9031,(IFCLINEINDEX((1,2,3,4,5,6,7,8,1))),$);
#9033=IFCARBITRARYCLOSEDPROFILEDEF(.AREA.,$,#9032);
#9034=IFCCARTESIANPOINT((0.,-0.0010000000474974513,0.));
#9035=IFCDIRECTION((0.,-1.,0.));
#9036=IFCDIRECTION((1.,0.,0.));
#9037=IFCAXIS2PLACEMENT3D(#9034,#9035,#9036);
#9038=IFCDIRECTION((0.,0.,-1.));
#9039=IFCEXTRUDEDAREASOLID(#9033,#9037,#9038,0.0010000000474974513);
#9040=IFCCARTESIANPOINTLIST2D(((0.,0.),(0.,2.),(0.89999997615814209,2.),(0.89999997615814209,0.),(0.87580796889960766,0.),(0.87580796889960766,1.9758079927414656),(0.024192007258534431,1.9758079927414656),(0.024192007258534431,0.)));
#9041=IFCINDEXEDPOLYCURVE(#9040,(IFCLINEINDEX((1,2,3,4,5,6,7,8,1))),$);
#9042=IFCARBITRARYCLOSEDPROFILEDEF(.AREA.,$,#9041);
#9043=IFCCARTESIANPOINT((0.,0.040000006556510925,0.));
#9044=IFCDIRECTION((0.,-1.,0.));
#9045=IFCDIRECTION((1.,0.,0.));
#9046=IFCAXIS2PLACEMENT3D(#9043,#9044,#9045);
#9047=IFCDIRECTION((0.,0.,-1.));
#9048=IFCEXTRUDEDAREASOLID(#9042,#9046,#9047,0.0010000000474974513);
#9049=IFCCARTESIANPOINTLIST2D(((0.,0.),(0.84999997541308403,0.),(0.84999997541308403,0.035000000149011612),(0.,0.035000000149011612)));
#9050=IFCINDEXEDPOLYCURVE(#9049,(IFCLINEINDEX((1,2,3,4,1))),$);
#9051=IFCARBITRARYCLOSEDPROFILEDEF(.AREA.,$,#9050);
#9052=IFCCARTESIANPOINT((0.02500000037252903,0.02500000037252903,0.02500000037252903));
#9053=IFCDIRECTION((0.,0.,1.));
#9054=IFCDIRECTION((1.,0.,0.));
#9055=IFCAXIS2PLACEMENT3D(#9052,#9053,#9054);
#9056=IFCDIRECTION((0.,0.,1.));
#9057=IFCEXTRUDEDAREASOLID(#9051,#9055,#9056,1.9499999992549419);
#9058=IFCCARTESIANPOINTLIST2D(((0.,0.),(0.,-0.040000000000000001),(-0.11999999999999988,-0.040000000000000001),(-0.11999999999999988,-0.02),(-0.020000000000000018,-0.02),(-0.020000000000000018,0.)));
#9059=IFCINDEXEDPOLYCURVE(#9058,(IFCLINEINDEX((1,2,3,4,5,6,1))),$);
#9060=IFCARBITRARYCLOSEDPROFILEDEF(.AREA.,$,#9059);
#9061=IFCCARTESIANPOINT((0.82499997578561302,0.02500000037252903,1.015000000372529));
#9062=IFCDIRECTION((0.,0.,1.));
#9063=IFCDIRECTION((1.,0.,0.));
#9064=IFCAXIS2PLACEMENT3D(#9061,#9062,#9063);
#9065=IFCDIRECTION((0.,0.,1.));
#9066=IFCEXTRUDEDAREASOLID(#9060,#9064,#9065,0.02);
#9067=IFCEXTRUDEDAREASOLID(#9068,#9071,#9075,0.02);
#9068=IFCARBITRARYCLOSEDPROFILEDEF(.AREA.,$,#9069);
#9069=IFCINDEXEDPOLYCURVE(#9070,(IFCLINEINDEX((1,2,3,4,5,6,1))),$);
#9070=IFCCARTESIANPOINTLIST2D(((0.,0.),(0.,0.040000000000000008),(-0.11999999999999988,0.040000000000000008),(-0.11999999999999988,0.020000000000000004),(-0.020000000000000018,0.020000000000000004),(-0.020000000000000018,0.)));
#9071=IFCAXIS2PLACEMENT3D(#9072,#9073,#9074);
#9072=IFCCARTESIANPOINT((0.82499997578561302,0.060000000521540642,1.015000000372529));
#9073=IFCDIRECTION((0.,0.,1.));
#9074=IFCDIRECTION((1.,0.,0.));
#9075=IFCDIRECTION((0.,0.,1.));
#9077=IFCSHAPEREPRESENTATION(#11,'Body','SweptSolid',(#9131,#9158,#9140,#9021,#9048,#9039,#9030,#9012,#9167,#9149));
#9078=IFCSHAPEASPECT((#9077),'Lining',$,.T.,#8945);
#9079=IFCSHAPEREPRESENTATION(#11,'Body','SweptSolid',(#9185,#9186,#9176,#9066,#9067,#9057));
#9080=IFCSHAPEASPECT((#9079),'Framing',$,.T.,#8945);
#9120=IFCCARTESIANPOINTLIST3D(((0.,0.,0.),(0.89999997615814209,0.,0.),(0.89999997615814209,0.,2.),(0.,0.,2.)));
#9121=IFCINDEXEDPOLYCURVE(#9120,(IFCLINEINDEX((1,2,3,4,1))),$);
#9122=IFCSHAPEREPRESENTATION(#18,'Profile','Curve3D',(#9121));
#9123=IFCCARTESIANPOINTLIST2D(((0.,0.),(0.,2.),(0.89999997615814209,2.),(0.89999997615814209,0.),(0.87499997578561306,0.),(0.87499997578561306,1.974999999627471),(0.02500000037252903,1.974999999627471),(0.02500000037252903,0.)));
#9124=IFCINDEXEDPOLYCURVE(#9123,(IFCLINEINDEX((1,2,3,4,5,6,7,8,1))),$);
#9125=IFCARBITRARYCLOSEDPROFILEDEF(.AREA.,$,#9124);
#9126=IFCCARTESIANPOINT((0.,0.02500000037252903,0.));
#9127=IFCDIRECTION((0.,-1.,0.));
#9128=IFCDIRECTION((1.,0.,0.));
#9129=IFCAXIS2PLACEMENT3D(#9126,#9127,#9128);
#9130=IFCDIRECTION((0.,0.,-1.));
#9131=IFCEXTRUDEDAREASOLID(#9125,#9129,#9130,0.015000006183981895);
#9132=IFCCARTESIANPOINTLIST2D(((0.,0.),(0.,2.),(0.89999997615814209,2.),(0.89999997615814209,0.),(0.82419198006391525,0.),(0.82419198006391525,1.9241920039057732),(0.075807996094226837,1.9241920039057732),(0.075807996094226837,0.)));
#9133=IFCINDEXEDPOLYCURVE(#9132,(IFCLINEINDEX((1,2,3,4,5,6,7,8,1))),$);
#9134=IFCARBITRARYCLOSEDPROFILEDEF(.AREA.,$,#9133);
#9135=IFCCARTESIANPOINT((0.,0.,0.));
#9136=IFCDIRECTION((0.,-1.,0.));
#9137=IFCDIRECTION((1.,0.,0.));
#9138=IFCAXIS2PLACEMENT3D(#9135,#9136,#9137);
#9139=IFCDIRECTION((0.,0.,-1.));
#9140=IFCEXTRUDEDAREASOLID(#9134,#9138,#9139,0.02500000037252903);
#9141=IFCCARTESIANPOINTLIST2D(((0.,0.),(0.74838398396968842,0.),(0.74838398396968842,0.10000000149011612),(0.,0.10000000149011612)));
#9142=IFCINDEXEDPOLYCURVE(#9141,(IFCLINEINDEX((1,2,3,4,1))),$);
#9143=IFCARBITRARYCLOSEDPROFILEDEF(.AREA.,$,#9142);
#9144=IFCCARTESIANPOINT((0.075807996094226837,0.,0.));
#9145=IFCDIRECTION((0.,0.,1.));
#9146=IFCDIRECTION((1.,0.,0.));
#9147=IFCAXIS2PLACEMENT3D(#9144,#9145,#9146);
#9148=IFCDIRECTION((0.,0.,1.));
#9149=IFCEXTRUDEDAREASOLID(#9143,#9147,#9148,0.02500000037252903);
#9150=IFCCARTESIANPOINTLIST2D(((0.,0.),(0.,2.),(0.89999997615814209,2.),(0.89999997615814209,0.),(0.82499997317790985,0.),(0.82499997317790985,1.9249999970197678),(0.075000002980232239,1.9249999970197678),(0.075000002980232239,0.)));
#9151=IFCINDEXEDPOLYCURVE(#9150,(IFCLINEINDEX((1,2,3,4,5,6,7,8,1))),$);
#9152=IFCARBITRARYCLOSEDPROFILEDEF(.AREA.,$,#9151);
#9153=IFCCARTESIANPOINT((0.,-0.0010000000474974513,0.));
#9154=IFCDIRECTION((0.,-1.,0.));
#9155=IFCDIRECTION((1.,0.,0.));
#9156=IFCAXIS2PLACEMENT3D(#9153,#9154,#9155);
#9157=IFCDIRECTION((0.,0.,-1.));
#9158=IFCEXTRUDEDAREASOLID(#9152,#9156,#9157,0.0010000000474974513);
#9159=IFCCARTESIANPOINTLIST2D(((0.,0.),(0.,2.),(0.89999997615814209,2.),(0.89999997615814209,0.),(0.87580796889960766,0.),(0.87580796889960766,1.9758079927414656),(0.024192007258534431,1.9758079927414656),(0.024192007258534431,0.)));
#9160=IFCINDEXEDPOLYCURVE(#9159,(IFCLINEINDEX((1,2,3,4,5,6,7,8,1))),$);
#9161=IFCARBITRARYCLOSEDPROFILEDEF(.AREA.,$,#9160);
#9162=IFCCARTESIANPOINT((0.,0.040000006556510925,0.));
#9163=IFCDIRECTION((0.,-1.,0.));
#9164=IFCDIRECTION((1.,0.,0.));
#9165=IFCAXIS2PLACEMENT3D(#9162,#9163,#9164);
#9166=IFCDIRECTION((0.,0.,-1.));
#9167=IFCEXTRUDEDAREASOLID(#9161,#9165,#9166,0.0010000000474974513);
#9168=IFCCARTESIANPOINTLIST2D(((0.,0.),(0.84999997541308403,0.),(0.84999997541308403,0.035000000149011612),(0.,0.035000000149011612)));
#9169=IFCINDEXEDPOLYCURVE(#9168,(IFCLINEINDEX((1,2,3,4,1))),$);
#9170=IFCARBITRARYCLOSEDPROFILEDEF(.AREA.,$,#9169);
#9171=IFCCARTESIANPOINT((0.02500000037252903,0.02500000037252903,0.02500000037252903));
#9172=IFCDIRECTION((0.,0.,1.));
#9173=IFCDIRECTION((1.,0.,0.));
#9174=IFCAXIS2PLACEMENT3D(#9171,#9172,#9173);
#9175=IFCDIRECTION((0.,0.,1.));
#9176=IFCEXTRUDEDAREASOLID(#9170,#9174,#9175,1.9499999992549419);
#9177=IFCCARTESIANPOINTLIST2D(((0.,0.),(0.,-0.040000000000000001),(-0.11999999999999988,-0.040000000000000001),(-0.11999999999999988,-0.02),(-0.020000000000000018,-0.02),(-0.020000000000000018,0.)));
#9178=IFCINDEXEDPOLYCURVE(#9177,(IFCLINEINDEX((1,2,3,4,5,6,1))),$);
#9179=IFCARBITRARYCLOSEDPROFILEDEF(.AREA.,$,#9178);
#9180=IFCCARTESIANPOINT((0.82499997578561302,0.02500000037252903,1.015000000372529));
#9181=IFCDIRECTION((0.,0.,1.));
#9182=IFCDIRECTION((1.,0.,0.));
#9183=IFCAXIS2PLACEMENT3D(#9180,#9181,#9182);
#9184=IFCDIRECTION((0.,0.,1.));
#9185=IFCEXTRUDEDAREASOLID(#9179,#9183,#9184,0.02);
#9186=IFCEXTRUDEDAREASOLID(#9187,#9190,#9194,0.02);
#9187=IFCARBITRARYCLOSEDPROFILEDEF(.AREA.,$,#9188);
#9188=IFCINDEXEDPOLYCURVE(#9189,(IFCLINEINDEX((1,2,3,4,5,6,1))),$);
#9189=IFCCARTESIANPOINTLIST2D(((0.,0.),(0.,0.040000000000000008),(-0.11999999999999988,0.040000000000000008),(-0.11999999999999988,0.020000000000000004),(-0.020000000000000018,0.020000000000000004),(-0.020000000000000018,0.)));
#9190=IFCAXIS2PLACEMENT3D(#9191,#9192,#9193);
#9191=IFCCARTESIANPOINT((0.82499997578561302,0.060000000521540642,1.015000000372529));
#9192=IFCDIRECTION((0.,0.,1.));
#9193=IFCDIRECTION((1.,0.,0.));
#9194=IFCDIRECTION((0.,0.,1.));
#9195=IFCSHAPEREPRESENTATION(#11,'Body','SweptSolid',(#9131,#9140,#9176,#9185,#9186,#9149,#9158,#9167));
#9196=IFCCARTESIANPOINTLIST2D(((0.,0.),(0.,0.040000006556510925),(0.02500000037252903,0.040000006556510925),(0.02500000037252903,0.02500000037252903),(0.075807996094226837,0.02500000037252903),(0.075807996094226837,0.)));
#9197=IFCINDEXEDPOLYCURVE(#9196,(IFCLINEINDEX((1,2,3,4,5,6,1))),$);
#9198=IFCINDEXEDPOLYCURVE(#9199,(IFCLINEINDEX((1,2,3,4,5,6,1))),$);
#9199=IFCCARTESIANPOINTLIST2D(((0.89999997615814209,0.),(0.89999997615814209,0.040000006556510925),(0.87499997578561306,0.040000006556510925),(0.87499997578561306,0.02500000037252903),(0.82419198006391525,0.02500000037252903),(0.82419198006391525,0.)));
#9200=IFCDIRECTION((1.,0.));
#9201=IFCCARTESIANPOINT((0.060000000521540642,0.040000006556510925));
#9202=IFCAXIS2PLACEMENT2D(#9201,#9200);
#9203=IFCELLIPSE(#9202,0.81499997526407242,0.84999997541308403);
#9204=IFCCARTESIANPOINT((0.87499997578561306,0.040000006556510925));
#9205=IFCCARTESIANPOINT((0.060000000521540642,0.88999998196959496));
#9206=IFCTRIMMEDCURVE(#9203,(#9204),(#9205),.T.,.CARTESIAN.);
#9207=IFCCARTESIANPOINTLIST2D(((0.02500000037252903,0.040000006556510925),(0.060000000521540642,0.040000006556510925),(0.060000000521540642,0.88999998196959496),(0.02500000037252903,0.88999998196959496)));
#9208=IFCINDEXEDPOLYCURVE(#9207,(IFCLINEINDEX((1,2,3,4,1))),$);
#9209=IFCSHAPEREPRESENTATION(#24,'Body','Curve2D',(#9197,#9198,#9206,#9208));
#9210=IFCCARTESIANPOINTLIST2D(((0.,0.),(0.89999997615814209,0.),(0.89999997615814209,2.),(0.,2.)));
#9211=IFCINDEXEDPOLYCURVE(#9210,(IFCLINEINDEX((1,2,3,4,1))),$);
#9212=IFCARBITRARYCLOSEDPROFILEDEF(.AREA.,$,#9211);
#9213=IFCCARTESIANPOINT((0.,-0.60000002384185791,0.));
#9214=IFCDIRECTION((0.,-1.,0.));
#9215=IFCDIRECTION((1.,0.,0.));
#9216=IFCAXIS2PLACEMENT3D(#9213,#9214,#9215);
#9217=IFCDIRECTION((0.,0.,-1.));
#9218=IFCEXTRUDEDAREASOLID(#9212,#9216,#9217,1.2);
#9219=IFCSHAPEREPRESENTATION(#11,'Body','SweptSolid',(#9218));
#9225=IFCCARTESIANPOINT((2.6782976397325586,0.10000001004481607,0.));
#9226=IFCDIRECTION((0.,0.,1.));
#9227=IFCDIRECTION((-0.99999999999998868,1.5101975910141114E-07,0.));
#9228=IFCAXIS2PLACEMENT3D(#9225,#9226,#9227);
#9229=IFCLOCALPLACEMENT(#12911,#9228);
#9230=IFCCARTESIANPOINT((4.4408920985006262E-16,-1.1102230246251565E-16,0.));
#9231=IFCDIRECTION((0.,0.,1.));
#9232=IFCDIRECTION((0.99999999999999978,0.,0.));
#9233=IFCAXIS2PLACEMENT3D(#9230,#9231,#9232);
#9234=IFCLOCALPLACEMENT(#9229,#9233);
#9240=IFCDOOR('3Qhwlq$pz6h95mHGkDA59R',$,'Door',$,$,#10570,#9249,$,2.,0.89999997615814209,$,.SINGLE_SWING_RIGHT.,$);
#9241=IFCRELDEFINESBYTYPE('3ytKG2IUL1ggf_L8HLMPFF',$,$,$,(#9240),#8428);
#9242=IFCCARTESIANPOINT((0.,0.,0.));
#9243=IFCDIRECTION((1.,0.,0.));
#9244=IFCDIRECTION((0.,1.,0.));
#9245=IFCDIRECTION((0.,0.,1.));
#9246=IFCCARTESIANTRANSFORMATIONOPERATOR3D(#9243,#9244,#9242,1.,#9245);
#9247=IFCMAPPEDITEM(#8431,#9246);
#9248=IFCSHAPEREPRESENTATION(#18,'Profile','MappedRepresentation',(#9247));
#9249=IFCPRODUCTDEFINITIONSHAPE($,$,(#9248,#9256,#9263));
#9250=IFCCARTESIANPOINT((0.,0.,0.));
#9251=IFCDIRECTION((1.,0.,0.));
#9252=IFCDIRECTION((0.,1.,0.));
#9253=IFCDIRECTION((0.,0.,1.));
#9254=IFCCARTESIANTRANSFORMATIONOPERATOR3D(#9251,#9252,#9250,1.,#9253);
#9255=IFCMAPPEDITEM(#8439,#9254);
#9256=IFCSHAPEREPRESENTATION(#11,'Body','MappedRepresentation',(#9255));
#9257=IFCCARTESIANPOINT((0.,0.,0.));
#9258=IFCDIRECTION((1.,0.,0.));
#9259=IFCDIRECTION((0.,1.,0.));
#9260=IFCDIRECTION((0.,0.,1.));
#9261=IFCCARTESIANTRANSFORMATIONOPERATOR3D(#9258,#9259,#9257,1.,#9260);
#9262=IFCMAPPEDITEM(#8517,#9261);
#9263=IFCSHAPEREPRESENTATION(#24,'Body','MappedRepresentation',(#9262));
#9264=IFCOPENINGELEMENT('0$4tyg40PF5hnM10kNo4bn',$,'Opening',$,$,#10565,#9292,$,.OPENING.);
#9280=IFCCARTESIANPOINT((0.,0.,0.));
#9281=IFCDIRECTION((1.,0.,0.));
#9282=IFCDIRECTION((0.,0.,1.));
#9283=IFCAXIS2PLACEMENT3D(#9280,#9282,#9281);
#9284=IFCREPRESENTATIONMAP(#9283,#10555);
#9285=IFCCARTESIANPOINT((0.,0.,0.));
#9286=IFCDIRECTION((1.,0.,0.));
#9287=IFCDIRECTION((0.,1.,0.));
#9288=IFCDIRECTION((0.,0.,1.));
#9289=IFCCARTESIANTRANSFORMATIONOPERATOR3D(#9286,#9287,#9285,1.,#9288);
#9290=IFCMAPPEDITEM(#9284,#9289);
#9291=IFCSHAPEREPRESENTATION(#11,'Body','MappedRepresentation',(#9290));
#9292=IFCPRODUCTDEFINITIONSHAPE($,$,(#9291));
#9293=IFCRELVOIDSELEMENT('0_TNPvUvfFN86tbSY_dPiW',$,$,$,#8174,#9264);
#9299=IFCRELFILLSELEMENT('3gRowasyj7_wC6eD08qF7x',$,$,$,#9264,#9240);
#10066=IFCDOORTYPE('3E91P9MRbC8ASLuz0_Uq_e',$,'Balcony-2F',$,$,(#10067),(#10069,#10077,#10155),$,$,.DOOR.,.SINGLE_SWING_LEFT.,$,$);
#10067=IFCPROPERTYSET('2pFjA3YF50HO8wOd9k989_',$,'BBIM_Door',$,(#10068));
#10068=IFCPROPERTYSINGLEVALUE('Data',$,IFCTEXT('{"door_type": "SINGLE_SWING_LEFT", "overall_height": 2.0, "overall_width": 0.8999999761581421, "lining_properties": {"lining_depth": 0.040000006556510925, "lining_thickness": 0.07580799609422684, "lining_offset": 0.0, "lining_to_panel_offset_x": 0.02500000037252903, "lining_to_panel_offset_y": 0.02500000037252903, "transom_thickness": 0.0, "casing_thickness": 0.07500000298023224, "casing_depth": 0.0010000000474974513, "threshold_thickness": 0.02500000037252903, "threshold_depth": 0.10000000149011612, "threshold_offset": 0.0}, "panel_properties": {"panel_depth": 0.03500000014901161, "panel_width_ratio": 1.0}}'),$);
#10069=IFCREPRESENTATIONMAP(#10070,#10335);
#10070=IFCAXIS2PLACEMENT3D(#10071,#10072,#10073);
#10071=IFCCARTESIANPOINT((0.,0.,0.));
#10072=IFCDIRECTION((0.,0.,1.));
#10073=IFCDIRECTION((1.,0.,0.));
#10077=IFCREPRESENTATIONMAP(#10078,#10408);
#10078=IFCAXIS2PLACEMENT3D(#10079,#10080,#10081);
#10079=IFCCARTESIANPOINT((0.,0.,0.));
#10080=IFCDIRECTION((0.,0.,1.));
#10081=IFCDIRECTION((1.,0.,0.));
#10155=IFCREPRESENTATIONMAP(#10156,#10426);
#10156=IFCAXIS2PLACEMENT3D(#10157,#10158,#10159);
#10157=IFCCARTESIANPOINT((0.,0.,0.));
#10158=IFCDIRECTION((0.,0.,1.));
#10159=IFCDIRECTION((1.,0.,0.));
#10203=IFCDOOR('2prvvM4zfEIg3UIH2kGxQa',$,'Door',$,$,#10451,#10212,$,2.,0.89999997615814209,$,.SINGLE_SWING_LEFT.,$);
#10204=IFCRELDEFINESBYTYPE('1QpoColRz94REgulSEKzVH',$,$,$,(#10203),#10066);
#10205=IFCCARTESIANPOINT((0.,0.,0.));
#10206=IFCDIRECTION((1.,0.,0.));
#10207=IFCDIRECTION((0.,1.,0.));
#10208=IFCDIRECTION((0.,0.,1.));
#10209=IFCCARTESIANTRANSFORMATIONOPERATOR3D(#10206,#10207,#10205,1.,#10208);
#10210=IFCMAPPEDITEM(#10069,#10209);
#10211=IFCSHAPEREPRESENTATION(#18,'Profile','MappedRepresentation',(#10210));
#10212=IFCPRODUCTDEFINITIONSHAPE($,$,(#10211,#10219,#10226));
#10213=IFCCARTESIANPOINT((0.,0.,0.));
#10214=IFCDIRECTION((1.,0.,0.));
#10215=IFCDIRECTION((0.,1.,0.));
#10216=IFCDIRECTION((0.,0.,1.));
#10217=IFCCARTESIANTRANSFORMATIONOPERATOR3D(#10214,#10215,#10213,1.,#10216);
#10218=IFCMAPPEDITEM(#10077,#10217);
#10219=IFCSHAPEREPRESENTATION(#11,'Body','MappedRepresentation',(#10218));
#10220=IFCCARTESIANPOINT((0.,0.,0.));
#10221=IFCDIRECTION((1.,0.,0.));
#10222=IFCDIRECTION((0.,1.,0.));
#10223=IFCDIRECTION((0.,0.,1.));
#10224=IFCCARTESIANTRANSFORMATIONOPERATOR3D(#10221,#10222,#10220,1.,#10223);
#10225=IFCMAPPEDITEM(#10155,#10224);
#10226=IFCSHAPEREPRESENTATION(#24,'Body','MappedRepresentation',(#10225));
#10227=IFCOPENINGELEMENT('1vIc2Oam9BsRDOz4JujjEu',$,'Opening',$,$,#10446,#10255,$,.OPENING.);
#10243=IFCCARTESIANPOINT((0.,0.,0.));
#10244=IFCDIRECTION((1.,0.,0.));
#10245=IFCDIRECTION((0.,0.,1.));
#10246=IFCAXIS2PLACEMENT3D(#10243,#10245,#10244);
#10247=IFCREPRESENTATIONMAP(#10246,#10436);
#10248=IFCCARTESIANPOINT((0.,0.,0.));
#10249=IFCDIRECTION((1.,0.,0.));
#10250=IFCDIRECTION((0.,1.,0.));
#10251=IFCDIRECTION((0.,0.,1.));
#10252=IFCCARTESIANTRANSFORMATIONOPERATOR3D(#10249,#10250,#10248,1.,#10251);
#10253=IFCMAPPEDITEM(#10247,#10252);
#10254=IFCSHAPEREPRESENTATION(#11,'Body','MappedRepresentation',(#10253));
#10255=IFCPRODUCTDEFINITIONSHAPE($,$,(#10254));
#10256=IFCRELVOIDSELEMENT('3GFSfV5X5DnxSUKppDIYGy',$,$,$,#7392,#10227);
#10262=IFCRELFILLSELEMENT('0a6EqjGxzBo8vjlzxVVOWm',$,$,$,#10227,#10203);
#10268=IFCDOOR('3lzvc01fjC9OkiWqAVqlYC',$,'Door',$,$,#10689,#10277,$,2.,0.89999997615814209,$,.SINGLE_SWING_LEFT.,$);
#10269=IFCRELDEFINESBYTYPE('3_hBDPEhf3JxdUQYYAwPGK',$,$,$,(#10268),#8644);
#10270=IFCCARTESIANPOINT((0.,0.,0.));
#10271=IFCDIRECTION((1.,0.,0.));
#10272=IFCDIRECTION((0.,1.,0.));
#10273=IFCDIRECTION((0.,0.,1.));
#10274=IFCCARTESIANTRANSFORMATIONOPERATOR3D(#10271,#10272,#10270,1.,#10273);
#10275=IFCMAPPEDITEM(#8647,#10274);
#10276=IFCSHAPEREPRESENTATION(#18,'Profile','MappedRepresentation',(#10275));
#10277=IFCPRODUCTDEFINITIONSHAPE($,$,(#10276,#10284,#10291));
#10278=IFCCARTESIANPOINT((0.,0.,0.));
#10279=IFCDIRECTION((1.,0.,0.));
#10280=IFCDIRECTION((0.,1.,0.));
#10281=IFCDIRECTION((0.,0.,1.));
#10282=IFCCARTESIANTRANSFORMATIONOPERATOR3D(#10279,#10280,#10278,1.,#10281);
#10283=IFCMAPPEDITEM(#8655,#10282);
#10284=IFCSHAPEREPRESENTATION(#11,'Body','MappedRepresentation',(#10283));
#10285=IFCCARTESIANPOINT((0.,0.,0.));
#10286=IFCDIRECTION((1.,0.,0.));
#10287=IFCDIRECTION((0.,1.,0.));
#10288=IFCDIRECTION((0.,0.,1.));
#10289=IFCCARTESIANTRANSFORMATIONOPERATOR3D(#10286,#10287,#10285,1.,#10288);
#10290=IFCMAPPEDITEM(#8733,#10289);
#10291=IFCSHAPEREPRESENTATION(#24,'Body','MappedRepresentation',(#10290));
#10292=IFCOPENINGELEMENT('2O14EMAtT6XuyBSzqS2GDJ',$,'Opening',$,$,#10684,#10320,$,.OPENING.);
#10308=IFCCARTESIANPOINT((0.,0.,0.));
#10309=IFCDIRECTION((1.,0.,0.));
#10310=IFCDIRECTION((0.,0.,1.));
#10311=IFCAXIS2PLACEMENT3D(#10308,#10310,#10309);
#10312=IFCREPRESENTATIONMAP(#10311,#10674);
#10313=IFCCARTESIANPOINT((0.,0.,0.));
#10314=IFCDIRECTION((1.,0.,0.));
#10315=IFCDIRECTION((0.,1.,0.));
#10316=IFCDIRECTION((0.,0.,1.));
#10317=IFCCARTESIANTRANSFORMATIONOPERATOR3D(#10314,#10315,#10313,1.,#10316);
#10318=IFCMAPPEDITEM(#10312,#10317);
#10319=IFCSHAPEREPRESENTATION(#11,'Body','MappedRepresentation',(#10318));
#10320=IFCPRODUCTDEFINITIONSHAPE($,$,(#10319));
#10321=IFCRELVOIDSELEMENT('2yf_krt5T9DhSGGeWi3AEj',$,$,$,#8250,#10292);
#10327=IFCRELFILLSELEMENT('28L7ij2D99DxCfW4K29H9U',$,$,$,#10292,#10268);
#10333=IFCCARTESIANPOINTLIST3D(((0.,0.,0.),(0.89999997615814209,0.,0.),(0.89999997615814209,0.,2.),(0.,0.,2.)));
#10334=IFCINDEXEDPOLYCURVE(#10333,(IFCLINEINDEX((1,2,3,4,1))),$);
#10335=IFCSHAPEREPRESENTATION(#18,'Profile','Curve3D',(#10334));
#10336=IFCCARTESIANPOINTLIST2D(((0.,0.),(0.,2.),(0.89999997615814209,2.),(0.89999997615814209,0.),(0.87499997578561306,0.),(0.87499997578561306,1.974999999627471),(0.02500000037252903,1.974999999627471),(0.02500000037252903,0.)));
#10337=IFCINDEXEDPOLYCURVE(#10336,(IFCLINEINDEX((1,2,3,4,5,6,7,8,1))),$);
#10338=IFCARBITRARYCLOSEDPROFILEDEF(.AREA.,$,#10337);
#10339=IFCCARTESIANPOINT((0.,0.02500000037252903,0.));
#10340=IFCDIRECTION((0.,-1.,0.));
#10341=IFCDIRECTION((1.,0.,0.));
#10342=IFCAXIS2PLACEMENT3D(#10339,#10340,#10341);
#10343=IFCDIRECTION((0.,0.,-1.));
#10344=IFCEXTRUDEDAREASOLID(#10338,#10342,#10343,0.015000006183981895);
#10345=IFCCARTESIANPOINTLIST2D(((0.,0.),(0.,2.),(0.89999997615814209,2.),(0.89999997615814209,0.),(0.82419198006391525,0.),(0.82419198006391525,1.9241920039057732),(0.075807996094226837,1.9241920039057732),(0.075807996094226837,0.)));
#10346=IFCINDEXEDPOLYCURVE(#10345,(IFCLINEINDEX((1,2,3,4,5,6,7,8,1))),$);
#10347=IFCARBITRARYCLOSEDPROFILEDEF(.AREA.,$,#10346);
#10348=IFCCARTESIANPOINT((0.,0.,0.));
#10349=IFCDIRECTION((0.,-1.,0.));
#10350=IFCDIRECTION((1.,0.,0.));
#10351=IFCAXIS2PLACEMENT3D(#10348,#10349,#10350);
#10352=IFCDIRECTION((0.,0.,-1.));
#10353=IFCEXTRUDEDAREASOLID(#10347,#10351,#10352,0.02500000037252903);
#10354=IFCCARTESIANPOINTLIST2D(((0.,0.),(0.74838398396968842,0.),(0.74838398396968842,0.10000000149011612),(0.,0.10000000149011612)));
#10355=IFCINDEXEDPOLYCURVE(#10354,(IFCLINEINDEX((1,2,3,4,1))),$);
#10356=IFCARBITRARYCLOSEDPROFILEDEF(.AREA.,$,#10355);
#10357=IFCCARTESIANPOINT((0.075807996094226837,0.,0.));
#10358=IFCDIRECTION((0.,0.,1.));
#10359=IFCDIRECTION((1.,0.,0.));
#10360=IFCAXIS2PLACEMENT3D(#10357,#10358,#10359);
#10361=IFCDIRECTION((0.,0.,1.));
#10362=IFCEXTRUDEDAREASOLID(#10356,#10360,#10361,0.02500000037252903);
#10363=IFCCARTESIANPOINTLIST2D(((0.,0.),(0.,2.),(0.89999997615814209,2.),(0.89999997615814209,0.),(0.82499997317790985,0.),(0.82499997317790985,1.9249999970197678),(0.075000002980232239,1.9249999970197678),(0.075000002980232239,0.)));
#10364=IFCINDEXEDPOLYCURVE(#10363,(IFCLINEINDEX((1,2,3,4,5,6,7,8,1))),$);
#10365=IFCARBITRARYCLOSEDPROFILEDEF(.AREA.,$,#10364);
#10366=IFCCARTESIANPOINT((0.,-0.0010000000474974513,0.));
#10367=IFCDIRECTION((0.,-1.,0.));
#10368=IFCDIRECTION((1.,0.,0.));
#10369=IFCAXIS2PLACEMENT3D(#10366,#10367,#10368);
#10370=IFCDIRECTION((0.,0.,-1.));
#10371=IFCEXTRUDEDAREASOLID(#10365,#10369,#10370,0.0010000000474974513);
#10372=IFCCARTESIANPOINTLIST2D(((0.,0.),(0.,2.),(0.89999997615814209,2.),(0.89999997615814209,0.),(0.87580796889960766,0.),(0.87580796889960766,1.9758079927414656),(0.024192007258534431,1.9758079927414656),(0.024192007258534431,0.)));
#10373=IFCINDEXEDPOLYCURVE(#10372,(IFCLINEINDEX((1,2,3,4,5,6,7,8,1))),$);
#10374=IFCARBITRARYCLOSEDPROFILEDEF(.AREA.,$,#10373);
#10375=IFCCARTESIANPOINT((0.,0.040000006556510925,0.));
#10376=IFCDIRECTION((0.,-1.,0.));
#10377=IFCDIRECTION((1.,0.,0.));
#10378=IFCAXIS2PLACEMENT3D(#10375,#10376,#10377);
#10379=IFCDIRECTION((0.,0.,-1.));
#10380=IFCEXTRUDEDAREASOLID(#10374,#10378,#10379,0.0010000000474974513);
#10381=IFCCARTESIANPOINTLIST2D(((0.,0.),(0.84999997541308403,0.),(0.84999997541308403,0.035000000149011612),(0.,0.035000000149011612)));
#10382=IFCINDEXEDPOLYCURVE(#10381,(IFCLINEINDEX((1,2,3,4,1))),$);
#10383=IFCARBITRARYCLOSEDPROFILEDEF(.AREA.,$,#10382);
#10384=IFCCARTESIANPOINT((0.02500000037252903,0.02500000037252903,0.02500000037252903));
#10385=IFCDIRECTION((0.,0.,1.));
#10386=IFCDIRECTION((1.,0.,0.));
#10387=IFCAXIS2PLACEMENT3D(#10384,#10385,#10386);
#10388=IFCDIRECTION((0.,0.,1.));
#10389=IFCEXTRUDEDAREASOLID(#10383,#10387,#10388,1.9499999992549419);
#10390=IFCCARTESIANPOINTLIST2D(((0.,0.),(0.,-0.040000000000000001),(-0.11999999999999988,-0.040000000000000001),(-0.11999999999999988,-0.02),(-0.020000000000000018,-0.02),(-0.020000000000000018,0.)));
#10391=IFCINDEXEDPOLYCURVE(#10390,(IFCLINEINDEX((1,2,3,4,5,6,1))),$);
#10392=IFCARBITRARYCLOSEDPROFILEDEF(.AREA.,$,#10391);
#10393=IFCCARTESIANPOINT((0.82499997578561302,0.02500000037252903,1.015000000372529));
#10394=IFCDIRECTION((0.,0.,1.));
#10395=IFCDIRECTION((1.,0.,0.));
#10396=IFCAXIS2PLACEMENT3D(#10393,#10394,#10395);
#10397=IFCDIRECTION((0.,0.,1.));
#10398=IFCEXTRUDEDAREASOLID(#10392,#10396,#10397,0.02);
#10399=IFCEXTRUDEDAREASOLID(#10400,#10403,#10407,0.02);
#10400=IFCARBITRARYCLOSEDPROFILEDEF(.AREA.,$,#10401);
#10401=IFCINDEXEDPOLYCURVE(#10402,(IFCLINEINDEX((1,2,3,4,5,6,1))),$);
#10402=IFCCARTESIANPOINTLIST2D(((0.,0.),(0.,0.040000000000000008),(-0.11999999999999988,0.040000000000000008),(-0.11999999999999988,0.020000000000000004),(-0.020000000000000018,0.020000000000000004),(-0.020000000000000018,0.)));
#10403=IFCAXIS2PLACEMENT3D(#10404,#10405,#10406);
#10404=IFCCARTESIANPOINT((0.82499997578561302,0.060000000521540642,1.015000000372529));
#10405=IFCDIRECTION((0.,0.,1.));
#10406=IFCDIRECTION((1.,0.,0.));
#10407=IFCDIRECTION((0.,0.,1.));
#10408=IFCSHAPEREPRESENTATION(#11,'Body','SweptSolid',(#10344,#10353,#10389,#10398,#10399,#10362,#10371,#10380));
#10409=IFCSHAPEREPRESENTATION(#11,'Body','SweptSolid',(#10344,#10353,#10362,#10371,#10380));
#10410=IFCSHAPEASPECT((#10409),'Lining',$,.T.,#10212);
#10411=IFCSHAPEREPRESENTATION(#11,'Body','SweptSolid',(#10389,#10398,#10399));
#10412=IFCSHAPEASPECT((#10411),'Framing',$,.T.,#10212);
#10413=IFCCARTESIANPOINTLIST2D(((0.,0.),(0.,0.040000006556510925),(0.02500000037252903,0.040000006556510925),(0.02500000037252903,0.02500000037252903),(0.075807996094226837,0.02500000037252903),(0.075807996094226837,0.)));
#10414=IFCINDEXEDPOLYCURVE(#10413,(IFCLINEINDEX((1,2,3,4,5,6,1))),$);
#10415=IFCINDEXEDPOLYCURVE(#10416,(IFCLINEINDEX((1,2,3,4,5,6,1))),$);
#10416=IFCCARTESIANPOINTLIST2D(((0.89999997615814209,0.),(0.89999997615814209,0.040000006556510925),(0.87499997578561306,0.040000006556510925),(0.87499997578561306,0.02500000037252903),(0.82419198006391525,0.02500000037252903),(0.82419198006391525,0.)));
#10417=IFCDIRECTION((1.,0.));
#10418=IFCCARTESIANPOINT((0.060000000521540642,0.040000006556510925));
#10419=IFCAXIS2PLACEMENT2D(#10418,#10417);
#10420=IFCELLIPSE(#10419,0.81499997526407242,0.84999997541308403);
#10421=IFCCARTESIANPOINT((0.87499997578561306,0.040000006556510925));
#10422=IFCCARTESIANPOINT((0.060000000521540642,0.88999998196959496));
#10423=IFCTRIMMEDCURVE(#10420,(#10421),(#10422),.T.,.CARTESIAN.);
#10424=IFCCARTESIANPOINTLIST2D(((0.02500000037252903,0.040000006556510925),(0.060000000521540642,0.040000006556510925),(0.060000000521540642,0.88999998196959496),(0.02500000037252903,0.88999998196959496)));
#10425=IFCINDEXEDPOLYCURVE(#10424,(IFCLINEINDEX((1,2,3,4,1))),$);
#10426=IFCSHAPEREPRESENTATION(#24,'Body','Curve2D',(#10414,#10415,#10423,#10425));
#10427=IFCCARTESIANPOINTLIST2D(((0.,0.),(0.89999997615814209,0.),(0.89999997615814209,2.),(0.,2.)));
#10428=IFCINDEXEDPOLYCURVE(#10427,(IFCLINEINDEX((1,2,3,4,1))),$);
#10429=IFCARBITRARYCLOSEDPROFILEDEF(.AREA.,$,#10428);
#10430=IFCCARTESIANPOINT((0.,-0.60000002384185791,0.));
#10431=IFCDIRECTION((0.,-1.,0.));
#10432=IFCDIRECTION((1.,0.,0.));
#10433=IFCAXIS2PLACEMENT3D(#10430,#10431,#10432);
#10434=IFCDIRECTION((0.,0.,-1.));
#10435=IFCEXTRUDEDAREASOLID(#10429,#10433,#10434,1.2);
#10436=IFCSHAPEREPRESENTATION(#11,'Body','SweptSolid',(#10435));
#10442=IFCCARTESIANPOINT((0.26156875159525683,0.01500023346352819,0.));
#10443=IFCDIRECTION((0.,0.,1.));
#10444=IFCDIRECTION((0.99999999999997158,-2.3841857909274658E-07,0.));
#10445=IFCAXIS2PLACEMENT3D(#10442,#10443,#10444);
#10446=IFCLOCALPLACEMENT(#12891,#10445);
#10447=IFCCARTESIANPOINT((5.5511151231257827E-17,0.,0.));
#10448=IFCDIRECTION((0.,0.,1.));
#10449=IFCDIRECTION((1.,0.,0.));
#10450=IFCAXIS2PLACEMENT3D(#10447,#10448,#10449);
#10451=IFCLOCALPLACEMENT(#10446,#10450);
#10452=IFCCARTESIANPOINTLIST3D(((0.,0.,0.),(0.89999997615814209,0.,0.),(0.89999997615814209,0.,2.),(0.,0.,2.)));
#10453=IFCINDEXEDPOLYCURVE(#10452,(IFCLINEINDEX((1,2,3,4,1))),$);
#10454=IFCSHAPEREPRESENTATION(#18,'Profile','Curve3D',(#10453));
#10455=IFCCARTESIANPOINTLIST2D(((0.,0.),(0.,2.),(0.89999997615814209,2.),(0.89999997615814209,0.),(0.87499997578561306,0.),(0.87499997578561306,1.974999999627471),(0.02500000037252903,1.974999999627471),(0.02500000037252903,0.)));
#10456=IFCINDEXEDPOLYCURVE(#10455,(IFCLINEINDEX((1,2,3,4,5,6,7,8,1))),$);
#10457=IFCARBITRARYCLOSEDPROFILEDEF(.AREA.,$,#10456);
#10458=IFCCARTESIANPOINT((0.,0.02500000037252903,0.));
#10459=IFCDIRECTION((0.,-1.,0.));
#10460=IFCDIRECTION((1.,0.,0.));
#10461=IFCAXIS2PLACEMENT3D(#10458,#10459,#10460);
#10462=IFCDIRECTION((0.,0.,-1.));
#10463=IFCEXTRUDEDAREASOLID(#10457,#10461,#10462,0.015000006183981895);
#10464=IFCCARTESIANPOINTLIST2D(((0.,0.),(0.,2.),(0.89999997615814209,2.),(0.89999997615814209,0.),(0.82419198006391525,0.),(0.82419198006391525,1.9241920039057732),(0.075807996094226837,1.9241920039057732),(0.075807996094226837,0.)));
#10465=IFCINDEXEDPOLYCURVE(#10464,(IFCLINEINDEX((1,2,3,4,5,6,7,8,1))),$);
#10466=IFCARBITRARYCLOSEDPROFILEDEF(.AREA.,$,#10465);
#10467=IFCCARTESIANPOINT((0.,0.,0.));
#10468=IFCDIRECTION((0.,-1.,0.));
#10469=IFCDIRECTION((1.,0.,0.));
#10470=IFCAXIS2PLACEMENT3D(#10467,#10468,#10469);
#10471=IFCDIRECTION((0.,0.,-1.));
#10472=IFCEXTRUDEDAREASOLID(#10466,#10470,#10471,0.02500000037252903);
#10473=IFCCARTESIANPOINTLIST2D(((0.,0.),(0.74838398396968842,0.),(0.74838398396968842,0.10000000149011612),(0.,0.10000000149011612)));
#10474=IFCINDEXEDPOLYCURVE(#10473,(IFCLINEINDEX((1,2,3,4,1))),$);
#10475=IFCARBITRARYCLOSEDPROFILEDEF(.AREA.,$,#10474);
#10476=IFCCARTESIANPOINT((0.075807996094226837,0.,0.));
#10477=IFCDIRECTION((0.,0.,1.));
#10478=IFCDIRECTION((1.,0.,0.));
#10479=IFCAXIS2PLACEMENT3D(#10476,#10477,#10478);
#10480=IFCDIRECTION((0.,0.,1.));
#10481=IFCEXTRUDEDAREASOLID(#10475,#10479,#10480,0.02500000037252903);
#10482=IFCCARTESIANPOINTLIST2D(((0.,0.),(0.,2.),(0.89999997615814209,2.),(0.89999997615814209,0.),(0.82499997317790985,0.),(0.82499997317790985,1.9249999970197678),(0.075000002980232239,1.9249999970197678),(0.075000002980232239,0.)));
#10483=IFCINDEXEDPOLYCURVE(#10482,(IFCLINEINDEX((1,2,3,4,5,6,7,8,1))),$);
#10484=IFCARBITRARYCLOSEDPROFILEDEF(.AREA.,$,#10483);
#10485=IFCCARTESIANPOINT((0.,-0.0010000000474974513,0.));
#10486=IFCDIRECTION((0.,-1.,0.));
#10487=IFCDIRECTION((1.,0.,0.));
#10488=IFCAXIS2PLACEMENT3D(#10485,#10486,#10487);
#10489=IFCDIRECTION((0.,0.,-1.));
#10490=IFCEXTRUDEDAREASOLID(#10484,#10488,#10489,0.0010000000474974513);
#10491=IFCCARTESIANPOINTLIST2D(((0.,0.),(0.,2.),(0.89999997615814209,2.),(0.89999997615814209,0.),(0.87580796889960766,0.),(0.87580796889960766,1.9758079927414656),(0.024192007258534431,1.9758079927414656),(0.024192007258534431,0.)));
#10492=IFCINDEXEDPOLYCURVE(#10491,(IFCLINEINDEX((1,2,3,4,5,6,7,8,1))),$);
#10493=IFCARBITRARYCLOSEDPROFILEDEF(.AREA.,$,#10492);
#10494=IFCCARTESIANPOINT((0.,0.040000006556510925,0.));
#10495=IFCDIRECTION((0.,-1.,0.));
#10496=IFCDIRECTION((1.,0.,0.));
#10497=IFCAXIS2PLACEMENT3D(#10494,#10495,#10496);
#10498=IFCDIRECTION((0.,0.,-1.));
#10499=IFCEXTRUDEDAREASOLID(#10493,#10497,#10498,0.0010000000474974513);
#10500=IFCCARTESIANPOINTLIST2D(((0.,0.),(0.84999997541308403,0.),(0.84999997541308403,0.035000000149011612),(0.,0.035000000149011612)));
#10501=IFCINDEXEDPOLYCURVE(#10500,(IFCLINEINDEX((1,2,3,4,1))),$);
#10502=IFCARBITRARYCLOSEDPROFILEDEF(.AREA.,$,#10501);
#10503=IFCCARTESIANPOINT((0.02500000037252903,0.02500000037252903,0.02500000037252903));
#10504=IFCDIRECTION((0.,0.,1.));
#10505=IFCDIRECTION((1.,0.,0.));
#10506=IFCAXIS2PLACEMENT3D(#10503,#10504,#10505);
#10507=IFCDIRECTION((0.,0.,1.));
#10508=IFCEXTRUDEDAREASOLID(#10502,#10506,#10507,1.9499999992549419);
#10509=IFCCARTESIANPOINTLIST2D(((0.,0.),(0.,-0.040000000000000001),(0.12,-0.040000000000000001),(0.12,-0.02),(0.02,-0.02),(0.02,0.)));
#10510=IFCINDEXEDPOLYCURVE(#10509,(IFCLINEINDEX((1,2,3,4,5,6,1))),$);
#10511=IFCARBITRARYCLOSEDPROFILEDEF(.AREA.,$,#10510);
#10512=IFCCARTESIANPOINT((0.075000000372529033,0.02500000037252903,1.015000000372529));
#10513=IFCDIRECTION((0.,0.,1.));
#10514=IFCDIRECTION((1.,0.,0.));
#10515=IFCAXIS2PLACEMENT3D(#10512,#10513,#10514);
#10516=IFCDIRECTION((0.,0.,1.));
#10517=IFCEXTRUDEDAREASOLID(#10511,#10515,#10516,0.02);
#10518=IFCEXTRUDEDAREASOLID(#10519,#10522,#10526,0.02);
#10519=IFCARBITRARYCLOSEDPROFILEDEF(.AREA.,$,#10520);
#10520=IFCINDEXEDPOLYCURVE(#10521,(IFCLINEINDEX((1,2,3,4,5,6,1))),$);
#10521=IFCCARTESIANPOINTLIST2D(((0.,0.),(0.,0.040000000000000008),(0.11999999999999998,0.040000000000000008),(0.11999999999999998,0.020000000000000004),(0.020000000000000004,0.020000000000000004),(0.020000000000000004,0.)));
#10522=IFCAXIS2PLACEMENT3D(#10523,#10524,#10525);
#10523=IFCCARTESIANPOINT((0.075000000372529033,0.060000000521540642,1.015000000372529));
#10524=IFCDIRECTION((0.,0.,1.));
#10525=IFCDIRECTION((1.,0.,0.));
#10526=IFCDIRECTION((0.,0.,1.));
#10527=IFCSHAPEREPRESENTATION(#11,'Body','SweptSolid',(#10463,#10472,#10508,#10517,#10518,#10481,#10490,#10499));
#10528=IFCSHAPEREPRESENTATION(#11,'Body','SweptSolid',(#10463,#10472,#10481,#10490,#10499));
#10529=IFCSHAPEASPECT((#10528),'Lining',$,.T.,#9249);
#10530=IFCSHAPEREPRESENTATION(#11,'Body','SweptSolid',(#10508,#10517,#10518));
#10531=IFCSHAPEASPECT((#10530),'Framing',$,.T.,#9249);
#10532=IFCCARTESIANPOINTLIST2D(((0.,0.),(0.,0.040000006556510925),(0.02500000037252903,0.040000006556510925),(0.02500000037252903,0.02500000037252903),(0.075807996094226837,0.02500000037252903),(0.075807996094226837,0.)));
#10533=IFCINDEXEDPOLYCURVE(#10532,(IFCLINEINDEX((1,2,3,4,5,6,1))),$);
#10534=IFCINDEXEDPOLYCURVE(#10535,(IFCLINEINDEX((1,2,3,4,5,6,1))),$);
#10535=IFCCARTESIANPOINTLIST2D(((0.89999997615814209,0.),(0.89999997615814209,0.040000006556510925),(0.87499997578561306,0.040000006556510925),(0.87499997578561306,0.02500000037252903),(0.82419198006391525,0.02500000037252903),(0.82419198006391525,0.)));
#10536=IFCDIRECTION((1.,0.));
#10537=IFCCARTESIANPOINT((0.83999997563660145,0.040000006556510925));
#10538=IFCAXIS2PLACEMENT2D(#10537,#10536);
#10539=IFCELLIPSE(#10538,0.81499997526407242,0.84999997541308403);
#10540=IFCCARTESIANPOINT((0.83999997563660145,0.88999998196959496));
#10541=IFCCARTESIANPOINT((0.02500000037252903,0.040000006556510925));
#10542=IFCTRIMMEDCURVE(#10539,(#10540),(#10541),.T.,.CARTESIAN.);
#10543=IFCCARTESIANPOINTLIST2D(((0.87499997578561306,0.040000006556510925),(0.83999997563660145,0.040000006556510925),(0.83999997563660145,0.88999998196959496),(0.87499997578561306,0.88999998196959496)));
#10544=IFCINDEXEDPOLYCURVE(#10543,(IFCLINEINDEX((1,2,3,4,1))),$);
#10545=IFCSHAPEREPRESENTATION(#24,'Body','Curve2D',(#10533,#10534,#10542,#10544));
#10546=IFCCARTESIANPOINTLIST2D(((0.,0.),(0.89999997615814209,0.),(0.89999997615814209,2.),(0.,2.)));
#10547=IFCINDEXEDPOLYCURVE(#10546,(IFCLINEINDEX((1,2,3,4,1))),$);
#10548=IFCARBITRARYCLOSEDPROFILEDEF(.AREA.,$,#10547);
#10549=IFCCARTESIANPOINT((0.,-0.60000002384185791,0.));
#10550=IFCDIRECTION((0.,-1.,0.));
#10551=IFCDIRECTION((1.,0.,0.));
#10552=IFCAXIS2PLACEMENT3D(#10549,#10550,#10551);
#10553=IFCDIRECTION((0.,0.,-1.));
#10554=IFCEXTRUDEDAREASOLID(#10548,#10552,#10553,1.2);
#10555=IFCSHAPEREPRESENTATION(#11,'Body','SweptSolid',(#10554));
#10561=IFCCARTESIANPOINT((1.0730579137826788,0.10000000179342972,0.));
#10562=IFCDIRECTION((0.,0.,1.));
#10563=IFCDIRECTION((-0.99999999999998868,1.5099590200332384E-07,0.));
#10564=IFCAXIS2PLACEMENT3D(#10561,#10562,#10563);
#10565=IFCLOCALPLACEMENT(#12916,#10564);
#10566=IFCCARTESIANPOINT((-4.4408920985006262E-16,-5.5511151231257827E-17,0.));
#10567=IFCDIRECTION((0.,0.,1.));
#10568=IFCDIRECTION((1.,0.,0.));
#10569=IFCAXIS2PLACEMENT3D(#10566,#10567,#10568);
#10570=IFCLOCALPLACEMENT(#10565,#10569);
#10571=IFCCARTESIANPOINTLIST3D(((0.,0.,0.),(0.89999997615814209,0.,0.),(0.89999997615814209,0.,2.),(0.,0.,2.)));
#10572=IFCINDEXEDPOLYCURVE(#10571,(IFCLINEINDEX((1,2,3,4,1))),$);
#10573=IFCSHAPEREPRESENTATION(#18,'Profile','Curve3D',(#10572));
#10574=IFCCARTESIANPOINTLIST2D(((0.,0.),(0.,2.),(0.89999997615814209,2.),(0.89999997615814209,0.),(0.87499997578561306,0.),(0.87499997578561306,1.974999999627471),(0.02500000037252903,1.974999999627471),(0.02500000037252903,0.)));
#10575=IFCINDEXEDPOLYCURVE(#10574,(IFCLINEINDEX((1,2,3,4,5,6,7,8,1))),$);
#10576=IFCARBITRARYCLOSEDPROFILEDEF(.AREA.,$,#10575);
#10577=IFCCARTESIANPOINT((0.,0.02500000037252903,0.));
#10578=IFCDIRECTION((0.,-1.,0.));
#10579=IFCDIRECTION((1.,0.,0.));
#10580=IFCAXIS2PLACEMENT3D(#10577,#10578,#10579);
#10581=IFCDIRECTION((0.,0.,-1.));
#10582=IFCEXTRUDEDAREASOLID(#10576,#10580,#10581,0.015000006183981895);
#10583=IFCCARTESIANPOINTLIST2D(((0.,0.),(0.,2.),(0.89999997615814209,2.),(0.89999997615814209,0.),(0.82419198006391525,0.),(0.82419198006391525,1.9241920039057732),(0.075807996094226837,1.9241920039057732),(0.075807996094226837,0.)));
#10584=IFCINDEXEDPOLYCURVE(#10583,(IFCLINEINDEX((1,2,3,4,5,6,7,8,1))),$);
#10585=IFCARBITRARYCLOSEDPROFILEDEF(.AREA.,$,#10584);
#10586=IFCCARTESIANPOINT((0.,0.,0.));
#10587=IFCDIRECTION((0.,-1.,0.));
#10588=IFCDIRECTION((1.,0.,0.));
#10589=IFCAXIS2PLACEMENT3D(#10586,#10587,#10588);
#10590=IFCDIRECTION((0.,0.,-1.));
#10591=IFCEXTRUDEDAREASOLID(#10585,#10589,#10590,0.02500000037252903);
#10592=IFCCARTESIANPOINTLIST2D(((0.,0.),(0.74838398396968842,0.),(0.74838398396968842,0.10000000149011612),(0.,0.10000000149011612)));
#10593=IFCINDEXEDPOLYCURVE(#10592,(IFCLINEINDEX((1,2,3,4,1))),$);
#10594=IFCARBITRARYCLOSEDPROFILEDEF(.AREA.,$,#10593);
#10595=IFCCARTESIANPOINT((0.075807996094226837,0.,0.));
#10596=IFCDIRECTION((0.,0.,1.));
#10597=IFCDIRECTION((1.,0.,0.));
#10598=IFCAXIS2PLACEMENT3D(#10595,#10596,#10597);
#10599=IFCDIRECTION((0.,0.,1.));
#10600=IFCEXTRUDEDAREASOLID(#10594,#10598,#10599,0.02500000037252903);
#10601=IFCCARTESIANPOINTLIST2D(((0.,0.),(0.,2.),(0.89999997615814209,2.),(0.89999997615814209,0.),(0.82499997317790985,0.),(0.82499997317790985,1.9249999970197678),(0.075000002980232239,1.9249999970197678),(0.075000002980232239,0.)));
#10602=IFCINDEXEDPOLYCURVE(#10601,(IFCLINEINDEX((1,2,3,4,5,6,7,8,1))),$);
#10603=IFCARBITRARYCLOSEDPROFILEDEF(.AREA.,$,#10602);
#10604=IFCCARTESIANPOINT((0.,-0.0010000000474974513,0.));
#10605=IFCDIRECTION((0.,-1.,0.));
#10606=IFCDIRECTION((1.,0.,0.));
#10607=IFCAXIS2PLACEMENT3D(#10604,#10605,#10606);
#10608=IFCDIRECTION((0.,0.,-1.));
#10609=IFCEXTRUDEDAREASOLID(#10603,#10607,#10608,0.0010000000474974513);
#10610=IFCCARTESIANPOINTLIST2D(((0.,0.),(0.,2.),(0.89999997615814209,2.),(0.89999997615814209,0.),(0.87580796889960766,0.),(0.87580796889960766,1.9758079927414656),(0.024192007258534431,1.9758079927414656),(0.024192007258534431,0.)));
#10611=IFCINDEXEDPOLYCURVE(#10610,(IFCLINEINDEX((1,2,3,4,5,6,7,8,1))),$);
#10612=IFCARBITRARYCLOSEDPROFILEDEF(.AREA.,$,#10611);
#10613=IFCCARTESIANPOINT((0.,0.040000006556510925,0.));
#10614=IFCDIRECTION((0.,-1.,0.));
#10615=IFCDIRECTION((1.,0.,0.));
#10616=IFCAXIS2PLACEMENT3D(#10613,#10614,#10615);
#10617=IFCDIRECTION((0.,0.,-1.));
#10618=IFCEXTRUDEDAREASOLID(#10612,#10616,#10617,0.0010000000474974513);
#10619=IFCCARTESIANPOINTLIST2D(((0.,0.),(0.84999997541308403,0.),(0.84999997541308403,0.035000000149011612),(0.,0.035000000149011612)));
#10620=IFCINDEXEDPOLYCURVE(#10619,(IFCLINEINDEX((1,2,3,4,1))),$);
#10621=IFCARBITRARYCLOSEDPROFILEDEF(.AREA.,$,#10620);
#10622=IFCCARTESIANPOINT((0.02500000037252903,0.02500000037252903,0.02500000037252903));
#10623=IFCDIRECTION((0.,0.,1.));
#10624=IFCDIRECTION((1.,0.,0.));
#10625=IFCAXIS2PLACEMENT3D(#10622,#10623,#10624);
#10626=IFCDIRECTION((0.,0.,1.));
#10627=IFCEXTRUDEDAREASOLID(#10621,#10625,#10626,1.9499999992549419);
#10628=IFCCARTESIANPOINTLIST2D(((0.,0.),(0.,-0.040000000000000001),(-0.11999999999999988,-0.040000000000000001),(-0.11999999999999988,-0.02),(-0.020000000000000018,-0.02),(-0.020000000000000018,0.)));
#10629=IFCINDEXEDPOLYCURVE(#10628,(IFCLINEINDEX((1,2,3,4,5,6,1))),$);
#10630=IFCARBITRARYCLOSEDPROFILEDEF(.AREA.,$,#10629);
#10631=IFCCARTESIANPOINT((0.82499997578561302,0.02500000037252903,1.015000000372529));
#10632=IFCDIRECTION((0.,0.,1.));
#10633=IFCDIRECTION((1.,0.,0.));
#10634=IFCAXIS2PLACEMENT3D(#10631,#10632,#10633);
#10635=IFCDIRECTION((0.,0.,1.));
#10636=IFCEXTRUDEDAREASOLID(#10630,#10634,#10635,0.02);
#10637=IFCEXTRUDEDAREASOLID(#10638,#10641,#10645,0.02);
#10638=IFCARBITRARYCLOSEDPROFILEDEF(.AREA.,$,#10639);
#10639=IFCINDEXEDPOLYCURVE(#10640,(IFCLINEINDEX((1,2,3,4,5,6,1))),$);
#10640=IFCCARTESIANPOINTLIST2D(((0.,0.),(0.,0.040000000000000008),(-0.11999999999999988,0.040000000000000008),(-0.11999999999999988,0.020000000000000004),(-0.020000000000000018,0.020000000000000004),(-0.020000000000000018,0.)));
#10641=IFCAXIS2PLACEMENT3D(#10642,#10643,#10644);
#10642=IFCCARTESIANPOINT((0.82499997578561302,0.060000000521540642,1.015000000372529));
#10643=IFCDIRECTION((0.,0.,1.));
#10644=IFCDIRECTION((1.,0.,0.));
#10645=IFCDIRECTION((0.,0.,1.));
#10646=IFCSHAPEREPRESENTATION(#11,'Body','SweptSolid',(#10582,#10591,#10627,#10636,#10637,#10600,#10609,#10618));
#10647=IFCSHAPEREPRESENTATION(#11,'Body','SweptSolid',(#10582,#10591,#10600,#10609,#10618));
#10648=IFCSHAPEASPECT((#10647),'Lining',$,.T.,#10277);
#10649=IFCSHAPEREPRESENTATION(#11,'Body','SweptSolid',(#10627,#10636,#10637));
#10650=IFCSHAPEASPECT((#10649),'Framing',$,.T.,#10277);
#10651=IFCCARTESIANPOINTLIST2D(((0.,0.),(0.,0.040000006556510925),(0.02500000037252903,0.040000006556510925),(0.02500000037252903,0.02500000037252903),(0.075807996094226837,0.02500000037252903),(0.075807996094226837,0.)));
#10652=IFCINDEXEDPOLYCURVE(#10651,(IFCLINEINDEX((1,2,3,4,5,6,1))),$);
#10653=IFCINDEXEDPOLYCURVE(#10654,(IFCLINEINDEX((1,2,3,4,5,6,1))),$);
#10654=IFCCARTESIANPOINTLIST2D(((0.89999997615814209,0.),(0.89999997615814209,0.040000006556510925),(0.87499997578561306,0.040000006556510925),(0.87499997578561306,0.02500000037252903),(0.82419198006391525,0.02500000037252903),(0.82419198006391525,0.)));
#10655=IFCDIRECTION((1.,0.));
#10656=IFCCARTESIANPOINT((0.060000000521540642,0.040000006556510925));
#10657=IFCAXIS2PLACEMENT2D(#10656,#10655);
#10658=IFCELLIPSE(#10657,0.81499997526407242,0.84999997541308403);
#10659=IFCCARTESIANPOINT((0.87499997578561306,0.040000006556510925));
#10660=IFCCARTESIANPOINT((0.060000000521540642,0.88999998196959496));
#10661=IFCTRIMMEDCURVE(#10658,(#10659),(#10660),.T.,.CARTESIAN.);
#10662=IFCCARTESIANPOINTLIST2D(((0.02500000037252903,0.040000006556510925),(0.060000000521540642,0.040000006556510925),(0.060000000521540642,0.88999998196959496),(0.02500000037252903,0.88999998196959496)));
#10663=IFCINDEXEDPOLYCURVE(#10662,(IFCLINEINDEX((1,2,3,4,1))),$);
#10664=IFCSHAPEREPRESENTATION(#24,'Body','Curve2D',(#10652,#10653,#10661,#10663));
#10665=IFCCARTESIANPOINTLIST2D(((0.,0.),(0.89999997615814209,0.),(0.89999997615814209,2.),(0.,2.)));
#10666=IFCINDEXEDPOLYCURVE(#10665,(IFCLINEINDEX((1,2,3,4,1))),$);
#10667=IFCARBITRARYCLOSEDPROFILEDEF(.AREA.,$,#10666);
#10668=IFCCARTESIANPOINT((0.,-0.60000002384185791,0.));
#10669=IFCDIRECTION((0.,-1.,0.));
#10670=IFCDIRECTION((1.,0.,0.));
#10671=IFCAXIS2PLACEMENT3D(#10668,#10669,#10670);
#10672=IFCDIRECTION((0.,0.,-1.));
#10673=IFCEXTRUDEDAREASOLID(#10667,#10671,#10672,1.2);
#10674=IFCSHAPEREPRESENTATION(#11,'Body','SweptSolid',(#10673));
#10680=IFCCARTESIANPOINT((3.5561902435618364,0.099999738687436057,0.));
#10681=IFCDIRECTION((0.,0.,1.));
#10682=IFCDIRECTION((-0.99999999999998856,1.5099580252808177E-07,0.));
#10683=IFCAXIS2PLACEMENT3D(#10680,#10681,#10682);
#10684=IFCLOCALPLACEMENT(#12906,#10683);
#10685=IFCCARTESIANPOINT((8.8817841970012523E-16,0.,0.));
#10686=IFCDIRECTION((0.,0.,1.));
#10687=IFCDIRECTION((1.,0.,0.));
#10688=IFCAXIS2PLACEMENT3D(#10685,#10686,#10687);
#10689=IFCLOCALPLACEMENT(#10684,#10688);
#10690=IFCWINDOWTYPE('0zspvDci9C8B0N3JcqKj6R',$,'Masters-2F',$,$,(#10691),(#10693,#10701,#10749),$,$,.WINDOW.,.SINGLE_PANEL.,$,$);
#10691=IFCPROPERTYSET('2TjRWxYPX55fFXoXGgt0vQ',$,'BBIM_Window',$,(#10692));
#10692=IFCPROPERTYSINGLEVALUE('Data',$,IFCTEXT('{"window_type": "SINGLE_PANEL", "overall_height": 0.8999999761581421, "overall_width": 0.9993265867233276, "lining_properties": {"lining_depth": 0.05000000074505806, "lining_thickness": 0.05000000074505806, "lining_offset": 0.05000000074505806, "lining_to_panel_offset_x": 0.02500000037252903, "lining_to_panel_offset_y": 0.02500000037252903}, "panel_properties": {"frame_depth": [0.03500000014901161, 0.03500000014901161, 0.03500000014901161], "frame_thickness": [0.03500000014901161, 0.03500000014901161, 0.03500000014901161]}}'),$);
#10693=IFCREPRESENTATIONMAP(#10694,#11188);
#10694=IFCAXIS2PLACEMENT3D(#10695,#10696,#10697);
#10695=IFCCARTESIANPOINT((0.,0.,0.));
#10696=IFCDIRECTION((0.,0.,1.));
#10697=IFCDIRECTION((1.,0.,0.));
#10701=IFCREPRESENTATIONMAP(#10702,#11231);
#10702=IFCAXIS2PLACEMENT3D(#10703,#10704,#10705);
#10703=IFCCARTESIANPOINT((0.,0.,0.));
#10704=IFCDIRECTION((0.,0.,1.));
#10705=IFCDIRECTION((1.,0.,0.));
#10749=IFCREPRESENTATIONMAP(#10750,#11254);
#10750=IFCAXIS2PLACEMENT3D(#10751,#10752,#10753);
#10751=IFCCARTESIANPOINT((0.,0.,0.));
#10752=IFCDIRECTION((0.,0.,1.));
#10753=IFCDIRECTION((1.,0.,0.));
#10771=IFCWINDOWTYPE('1FlfROw6980B72x2io8R1v',$,'BR1-2F',$,$,(#10772),(#10774,#10782,#10830),$,$,.WINDOW.,.SINGLE_PANEL.,$,$);
#10772=IFCPROPERTYSET('0l603pZBz6lPo8RLh0hDNf',$,'BBIM_Window',$,(#10773));
#10773=IFCPROPERTYSINGLEVALUE('Data',$,IFCTEXT('{"window_type": "SINGLE_PANEL", "overall_height": 0.8999999761581421, "overall_width": 0.8112772703170776, "lining_properties": {"lining_depth": 0.05000000074505806, "lining_thickness": 0.05000000074505806, "lining_offset": 0.05000000074505806, "lining_to_panel_offset_x": 0.02500000037252903, "lining_to_panel_offset_y": 0.02500000037252903}, "panel_properties": {"frame_depth": [0.03500000014901161, 0.03500000014901161, 0.03500000014901161], "frame_thickness": [0.03500000014901161, 0.03500000014901161, 0.03500000014901161]}}'),$);
#10774=IFCREPRESENTATIONMAP(#10775,#11590);
#10775=IFCAXIS2PLACEMENT3D(#10776,#10777,#10778);
#10776=IFCCARTESIANPOINT((0.,0.,0.));
#10777=IFCDIRECTION((0.,0.,1.));
#10778=IFCDIRECTION((1.,0.,0.));
#10782=IFCREPRESENTATIONMAP(#10783,#11633);
#10783=IFCAXIS2PLACEMENT3D(#10784,#10785,#10786);
#10784=IFCCARTESIANPOINT((0.,0.,0.));
#10785=IFCDIRECTION((0.,0.,1.));
#10786=IFCDIRECTION((1.,0.,0.));
#10830=IFCREPRESENTATIONMAP(#10831,#11656);
#10831=IFCAXIS2PLACEMENT3D(#10832,#10833,#10834);
#10832=IFCCARTESIANPOINT((0.,0.,0.));
#10833=IFCDIRECTION((0.,0.,1.));
#10834=IFCDIRECTION((1.,0.,0.));
#10852=IFCWINDOWTYPE('2ghyliPCX3fhX9eAGAV9rq',$,'BR1A-2F',$,$,(#10853),(#10855,#10863,#10911),$,$,.WINDOW.,.SINGLE_PANEL.,$,$);
#10853=IFCPROPERTYSET('13kcfCaXn5ggvkLolS1Syb',$,'BBIM_Window',$,(#10854));
#10854=IFCPROPERTYSINGLEVALUE('Data',$,IFCTEXT('{"window_type": "DOUBLE_PANEL_VERTICAL", "overall_height": 0.8999999761581421, "overall_width": 1.25490403175354, "lining_properties": {"lining_depth": 0.05000000074505806, "lining_thickness": 0.05000000074505806, "lining_offset": 0.05000000074505806, "lining_to_panel_offset_x": 0.02500000037252903, "lining_to_panel_offset_y": 0.02500000037252903, "mullion_thickness": 0.05000000074505806, "first_mullion_offset": 0.6237556338310242}, "panel_properties": {"frame_depth": [0.03500000014901161, 0.03500000014901161, 0.03500000014901161], "frame_thickness": [0.03500000014901161, 0.03500000014901161, 0.03500000014901161]}}'),$);
#10855=IFCREPRESENTATIONMAP(#10856,#11699);
#10856=IFCAXIS2PLACEMENT3D(#10857,#10858,#10859);
#10857=IFCCARTESIANPOINT((0.,0.,0.));
#10858=IFCDIRECTION((0.,0.,1.));
#10859=IFCDIRECTION((1.,0.,0.));
#10863=IFCREPRESENTATIONMAP(#10864,#11780);
#10864=IFCAXIS2PLACEMENT3D(#10865,#10866,#10867);
#10865=IFCCARTESIANPOINT((0.,0.,0.));
#10866=IFCDIRECTION((0.,0.,1.));
#10867=IFCDIRECTION((1.,0.,0.));
#10911=IFCREPRESENTATIONMAP(#10912,#11813);
#10912=IFCAXIS2PLACEMENT3D(#10913,#10914,#10915);
#10913=IFCCARTESIANPOINT((0.,0.,0.));
#10914=IFCDIRECTION((0.,0.,1.));
#10915=IFCDIRECTION((1.,0.,0.));
#10933=IFCWINDOW('2k7JHqMHX6AvBocKKwTKPz',$,'Window',$,$,#11279,#10942,$,0.89999997615814209,0.99932658672332764,$,.SINGLE_PANEL.,$);
#10934=IFCRELDEFINESBYTYPE('04qfAXK2zDjhpZqsdIHENv',$,$,$,(#10933,#10998),#10690);
#10935=IFCCARTESIANPOINT((0.,0.,0.));
#10936=IFCDIRECTION((1.,0.,0.));
#10937=IFCDIRECTION((0.,1.,0.));
#10938=IFCDIRECTION((0.,0.,1.));
#10939=IFCCARTESIANTRANSFORMATIONOPERATOR3D(#10936,#10937,#10935,1.,#10938);
#10940=IFCMAPPEDITEM(#10693,#10939);
#10941=IFCSHAPEREPRESENTATION(#18,'Profile','MappedRepresentation',(#10940));
#10942=IFCPRODUCTDEFINITIONSHAPE($,$,(#10941,#10949,#10956));
#10943=IFCCARTESIANPOINT((0.,0.,0.));
#10944=IFCDIRECTION((1.,0.,0.));
#10945=IFCDIRECTION((0.,1.,0.));
#10946=IFCDIRECTION((0.,0.,1.));
#10947=IFCCARTESIANTRANSFORMATIONOPERATOR3D(#10944,#10945,#10943,1.,#10946);
#10948=IFCMAPPEDITEM(#10701,#10947);
#10949=IFCSHAPEREPRESENTATION(#11,'Body','MappedRepresentation',(#10948));
#10950=IFCCARTESIANPOINT((0.,0.,0.));
#10951=IFCDIRECTION((1.,0.,0.));
#10952=IFCDIRECTION((0.,1.,0.));
#10953=IFCDIRECTION((0.,0.,1.));
#10954=IFCCARTESIANTRANSFORMATIONOPERATOR3D(#10951,#10952,#10950,1.,#10953);
#10955=IFCMAPPEDITEM(#10749,#10954);
#10956=IFCSHAPEREPRESENTATION(#24,'Body','MappedRepresentation',(#10955));
#10957=IFCOPENINGELEMENT('3E4h$Yryn2dwB_Iba9g9uW',$,'Opening',$,$,#11274,#10985,$,.OPENING.);
#10973=IFCCARTESIANPOINT((0.,0.,0.));
#10974=IFCDIRECTION((1.,0.,0.));
#10975=IFCDIRECTION((0.,0.,1.));
#10976=IFCAXIS2PLACEMENT3D(#10973,#10975,#10974);
#10977=IFCREPRESENTATIONMAP(#10976,#11264);
#10978=IFCCARTESIANPOINT((0.,0.,0.));
#10979=IFCDIRECTION((1.,0.,0.));
#10980=IFCDIRECTION((0.,1.,0.));
#10981=IFCDIRECTION((0.,0.,1.));
#10982=IFCCARTESIANTRANSFORMATIONOPERATOR3D(#10979,#10980,#10978,1.,#10981);
#10983=IFCMAPPEDITEM(#10977,#10982);
#10984=IFCSHAPEREPRESENTATION(#11,'Body','MappedRepresentation',(#10983));
#10985=IFCPRODUCTDEFINITIONSHAPE($,$,(#10984));
#10986=IFCRELVOIDSELEMENT('3_Nj5vyrz3ZPm3XsVX$5hv',$,$,$,#7567,#10957);
#10992=IFCRELFILLSELEMENT('0I22Ad_7DAc8YoHk88WwVo',$,$,$,#10957,#10933);
#10998=IFCWINDOW('37uN8dcjb1Fx9SUjcFmB_L',$,'Window',$,$,#11294,#11006,$,0.89999997615814209,0.99932658672332764,$,.SINGLE_PANEL.,$);
#10999=IFCCARTESIANPOINT((0.,0.,0.));
#11000=IFCDIRECTION((1.,0.,0.));
#11001=IFCDIRECTION((0.,1.,0.));
#11002=IFCDIRECTION((0.,0.,1.));
#11003=IFCCARTESIANTRANSFORMATIONOPERATOR3D(#11000,#11001,#10999,1.,#11002);
#11004=IFCMAPPEDITEM(#10693,#11003);
#11005=IFCSHAPEREPRESENTATION(#18,'Profile','MappedRepresentation',(#11004));
#11006=IFCPRODUCTDEFINITIONSHAPE($,$,(#11005,#11013,#11020));
#11007=IFCCARTESIANPOINT((0.,0.,0.));
#11008=IFCDIRECTION((1.,0.,0.));
#11009=IFCDIRECTION((0.,1.,0.));
#11010=IFCDIRECTION((0.,0.,1.));
#11011=IFCCARTESIANTRANSFORMATIONOPERATOR3D(#11008,#11009,#11007,1.,#11010);
#11012=IFCMAPPEDITEM(#10701,#11011);
#11013=IFCSHAPEREPRESENTATION(#11,'Body','MappedRepresentation',(#11012));
#11014=IFCCARTESIANPOINT((0.,0.,0.));
#11015=IFCDIRECTION((1.,0.,0.));
#11016=IFCDIRECTION((0.,1.,0.));
#11017=IFCDIRECTION((0.,0.,1.));
#11018=IFCCARTESIANTRANSFORMATIONOPERATOR3D(#11015,#11016,#11014,1.,#11017);
#11019=IFCMAPPEDITEM(#10749,#11018);
#11020=IFCSHAPEREPRESENTATION(#24,'Body','MappedRepresentation',(#11019));
#11021=IFCOPENINGELEMENT('1BJHzntZ5BgAD$auJ8jjo$',$,'Opening',$,$,#11289,#11034,$,.OPENING.);
#11027=IFCCARTESIANPOINT((0.,0.,0.));
#11028=IFCDIRECTION((1.,0.,0.));
#11029=IFCDIRECTION((0.,1.,0.));
#11030=IFCDIRECTION((0.,0.,1.));
#11031=IFCCARTESIANTRANSFORMATIONOPERATOR3D(#11028,#11029,#11027,1.,#11030);
#11032=IFCMAPPEDITEM(#10977,#11031);
#11033=IFCSHAPEREPRESENTATION(#11,'Body','MappedRepresentation',(#11032));
#11034=IFCPRODUCTDEFINITIONSHAPE($,$,(#11033));
#11035=IFCRELVOIDSELEMENT('2eK3y6q4TB5fQhITpP9DOg',$,$,$,#7567,#11021);
#11041=IFCRELFILLSELEMENT('1XJzmkeBn9IvF29roqxmZn',$,$,$,#11021,#10998);
#11065=IFCCARTESIANPOINTLIST2D(((0.,0.),(0.97023594379425049,0.),(0.97023594379425049,0.89999997615814209),(0.,0.89999997615814209)));
#11066=IFCINDEXEDPOLYCURVE(#11065,(IFCLINEINDEX((1,2,3,4,1))),$);
#11067=IFCCARTESIANPOINTLIST2D(((0.02500000037252903,0.02500000037252903),(0.94523594342172146,0.02500000037252903),(0.94523594342172146,0.87499997578561306),(0.02500000037252903,0.87499997578561306)));
#11068=IFCINDEXEDPOLYCURVE(#11067,(IFCLINEINDEX((1,2,3,4,1))),$);
#11069=IFCARBITRARYPROFILEDEFWITHVOIDS(.AREA.,$,#11066,(#11068));
#11070=IFCCARTESIANPOINT((0.,0.090000001713633537,0.));
#11071=IFCDIRECTION((0.,-1.,0.));
#11072=IFCDIRECTION((1.,0.,0.));
#11073=IFCAXIS2PLACEMENT3D(#11070,#11071,#11072);
#11074=IFCDIRECTION((0.,0.,-1.));
#11075=IFCEXTRUDEDAREASOLID(#11069,#11073,#11074,0.0099999997764825821);
#11076=IFCCARTESIANPOINTLIST2D(((0.,0.),(0.97023594379425049,0.),(0.97023594379425049,0.89999997615814209),(0.,0.89999997615814209)));
#11077=IFCINDEXEDPOLYCURVE(#11076,(IFCLINEINDEX((1,2,3,4,1))),$);
#11078=IFCCARTESIANPOINTLIST2D(((0.05000000074505806,0.05000000074505806),(0.92023594304919243,0.05000000074505806),(0.92023594304919243,0.84999997541308403),(0.05000000074505806,0.84999997541308403)));
#11079=IFCINDEXEDPOLYCURVE(#11078,(IFCLINEINDEX((1,2,3,4,1))),$);
#11080=IFCARBITRARYPROFILEDEFWITHVOIDS(.AREA.,$,#11077,(#11079));
#11081=IFCCARTESIANPOINT((0.,0.05000000074505806,0.));
#11082=IFCDIRECTION((0.,-1.,0.));
#11083=IFCDIRECTION((1.,0.,0.));
#11084=IFCAXIS2PLACEMENT3D(#11081,#11082,#11083);
#11085=IFCDIRECTION((0.,0.,-1.));
#11086=IFCEXTRUDEDAREASOLID(#11080,#11084,#11085,0.040000000968575478);
#11087=IFCCARTESIANPOINTLIST2D(((0.,0.),(0.92023594304919243,0.),(0.92023594304919243,0.84999997541308403),(0.,0.84999997541308403)));
#11088=IFCINDEXEDPOLYCURVE(#11087,(IFCLINEINDEX((1,2,3,4,1))),$);
#11089=IFCCARTESIANPOINTLIST2D(((0.035000000149011612,0.035000000149011612),(0.88523594290018082,0.035000000149011612),(0.88523594290018082,0.81499997526407242),(0.035000000149011612,0.81499997526407242)));
#11090=IFCINDEXEDPOLYCURVE(#11089,(IFCLINEINDEX((1,2,3,4,1))),$);
#11091=IFCARBITRARYPROFILEDEFWITHVOIDS(.AREA.,$,#11088,(#11090));
#11092=IFCCARTESIANPOINT((0.02500000037252903,0.090000001713633537,0.02500000037252903));
#11093=IFCDIRECTION((0.,-1.,0.));
#11094=IFCDIRECTION((1.,0.,0.));
#11095=IFCAXIS2PLACEMENT3D(#11092,#11093,#11094);
#11096=IFCDIRECTION((0.,0.,-1.));
#11097=IFCEXTRUDEDAREASOLID(#11091,#11095,#11096,0.035000000149011612);
#11098=IFCINDEXEDPOLYCURVE(#11099,(IFCLINEINDEX((1,2,3,4,1))),$);
#11099=IFCCARTESIANPOINTLIST2D(((0.035000000149011612,0.035000000149011612),(0.88523594290018082,0.035000000149011612),(0.88523594290018082,0.81499997526407242),(0.035000000149011612,0.81499997526407242)));
#11100=IFCARBITRARYCLOSEDPROFILEDEF(.AREA.,$,#11098);
#11101=IFCCARTESIANPOINT((0.02500000037252903,0.10250000178813934,0.02500000037252903));
#11102=IFCDIRECTION((0.,-1.,0.));
#11103=IFCDIRECTION((1.,0.,0.));
#11104=IFCAXIS2PLACEMENT3D(#11101,#11102,#11103);
#11105=IFCDIRECTION((0.,0.,-1.));
#11106=IFCEXTRUDEDAREASOLID(#11100,#11104,#11105,0.01);
#11108=IFCSHAPEREPRESENTATION(#11,'Body','SweptSolid',(#11075,#11086));
#11109=IFCSHAPEASPECT((#11108),'Lining',$,.T.,#11006);
#11110=IFCSHAPEREPRESENTATION(#11,'Body','SweptSolid',(#11097));
#11111=IFCSHAPEASPECT((#11110),'Framing',$,.T.,#11006);
#11112=IFCSHAPEREPRESENTATION(#11,'Body','SweptSolid',(#11106));
#11113=IFCSHAPEASPECT((#11112),'Glazing',$,.T.,#11006);
#11186=IFCCARTESIANPOINTLIST3D(((0.,0.,0.),(0.99932658672332764,0.,0.),(0.99932658672332764,0.,0.89999997615814209),(0.,0.,0.89999997615814209)));
#11187=IFCINDEXEDPOLYCURVE(#11186,(IFCLINEINDEX((1,2,3,4,1))),$);
#11188=IFCSHAPEREPRESENTATION(#18,'Profile','Curve3D',(#11187));
#11189=IFCCARTESIANPOINTLIST2D(((0.,0.),(0.99932658672332764,0.),(0.99932658672332764,0.89999997615814209),(0.,0.89999997615814209)));
#11190=IFCINDEXEDPOLYCURVE(#11189,(IFCLINEINDEX((1,2,3,4,1))),$);
#11191=IFCCARTESIANPOINTLIST2D(((0.02500000037252903,0.02500000037252903),(0.97432658635079861,0.02500000037252903),(0.97432658635079861,0.87499997578561306),(0.02500000037252903,0.87499997578561306)));
#11192=IFCINDEXEDPOLYCURVE(#11191,(IFCLINEINDEX((1,2,3,4,1))),$);
#11193=IFCARBITRARYPROFILEDEFWITHVOIDS(.AREA.,$,#11190,(#11192));
#11194=IFCCARTESIANPOINT((0.,0.090000001713633537,0.));
#11195=IFCDIRECTION((0.,-1.,0.));
#11196=IFCDIRECTION((1.,0.,0.));
#11197=IFCAXIS2PLACEMENT3D(#11194,#11195,#11196);
#11198=IFCDIRECTION((0.,0.,-1.));
#11199=IFCEXTRUDEDAREASOLID(#11193,#11197,#11198,0.0099999997764825821);
#11200=IFCCARTESIANPOINTLIST2D(((0.,0.),(0.99932658672332764,0.),(0.99932658672332764,0.89999997615814209),(0.,0.89999997615814209)));
#11201=IFCINDEXEDPOLYCURVE(#11200,(IFCLINEINDEX((1,2,3,4,1))),$);
#11202=IFCCARTESIANPOINTLIST2D(((0.05000000074505806,0.05000000074505806),(0.94932658597826958,0.05000000074505806),(0.94932658597826958,0.84999997541308403),(0.05000000074505806,0.84999997541308403)));
#11203=IFCINDEXEDPOLYCURVE(#11202,(IFCLINEINDEX((1,2,3,4,1))),$);
#11204=IFCARBITRARYPROFILEDEFWITHVOIDS(.AREA.,$,#11201,(#11203));
#11205=IFCCARTESIANPOINT((0.,0.05000000074505806,0.));
#11206=IFCDIRECTION((0.,-1.,0.));
#11207=IFCDIRECTION((1.,0.,0.));
#11208=IFCAXIS2PLACEMENT3D(#11205,#11206,#11207);
#11209=IFCDIRECTION((0.,0.,-1.));
#11210=IFCEXTRUDEDAREASOLID(#11204,#11208,#11209,0.040000000968575478);
#11211=IFCCARTESIANPOINTLIST2D(((0.,0.),(0.94932658597826958,0.),(0.94932658597826958,0.84999997541308403),(0.,0.84999997541308403)));
#11212=IFCINDEXEDPOLYCURVE(#11211,(IFCLINEINDEX((1,2,3,4,1))),$);
#11213=IFCCARTESIANPOINTLIST2D(((0.035000000149011612,0.035000000149011612),(0.91432658582925797,0.035000000149011612),(0.91432658582925797,0.81499997526407242),(0.035000000149011612,0.81499997526407242)));
#11214=IFCINDEXEDPOLYCURVE(#11213,(IFCLINEINDEX((1,2,3,4,1))),$);
#11215=IFCARBITRARYPROFILEDEFWITHVOIDS(.AREA.,$,#11212,(#11214));
#11216=IFCCARTESIANPOINT((0.02500000037252903,0.090000001713633537,0.02500000037252903));
#11217=IFCDIRECTION((0.,-1.,0.));
#11218=IFCDIRECTION((1.,0.,0.));
#11219=IFCAXIS2PLACEMENT3D(#11216,#11217,#11218);
#11220=IFCDIRECTION((0.,0.,-1.));
#11221=IFCEXTRUDEDAREASOLID(#11215,#11219,#11220,0.035000000149011612);
#11222=IFCINDEXEDPOLYCURVE(#11223,(IFCLINEINDEX((1,2,3,4,1))),$);
#11223=IFCCARTESIANPOINTLIST2D(((0.035000000149011612,0.035000000149011612),(0.91432658582925797,0.035000000149011612),(0.91432658582925797,0.81499997526407242),(0.035000000149011612,0.81499997526407242)));
#11224=IFCARBITRARYCLOSEDPROFILEDEF(.AREA.,$,#11222);
#11225=IFCCARTESIANPOINT((0.02500000037252903,0.10250000178813934,0.02500000037252903));
#11226=IFCDIRECTION((0.,-1.,0.));
#11227=IFCDIRECTION((1.,0.,0.));
#11228=IFCAXIS2PLACEMENT3D(#11225,#11226,#11227);
#11229=IFCDIRECTION((0.,0.,-1.));
#11230=IFCEXTRUDEDAREASOLID(#11224,#11228,#11229,0.01);
#11231=IFCSHAPEREPRESENTATION(#11,'Body','SweptSolid',(#11199,#11210,#11221,#11230));
#11232=IFCSHAPEREPRESENTATION(#11,'Body','SweptSolid',(#11199,#11210));
#11233=IFCSHAPEASPECT((#11232),'Lining',$,.T.,#10942);
#11234=IFCSHAPEREPRESENTATION(#11,'Body','SweptSolid',(#11221));
#11235=IFCSHAPEASPECT((#11234),'Framing',$,.T.,#10942);
#11236=IFCSHAPEREPRESENTATION(#11,'Body','SweptSolid',(#11230));
#11237=IFCSHAPEASPECT((#11236),'Glazing',$,.T.,#10942);
#11238=IFCCARTESIANPOINTLIST2D(((0.05000000074505806,0.05000000074505806),(0.94932658597826958,0.05000000074505806)));
#11239=IFCINDEXEDPOLYCURVE(#11238,$,$);
#11240=IFCCARTESIANPOINTLIST2D(((0.,0.10000000149011612),(0.02500000037252903,0.10000000149011612),(0.02500000037252903,0.090000001713633537),(0.05000000074505806,0.090000001713633537),(0.05000000074505806,0.05000000074505806),(0.,0.05000000074505806)));
#11241=IFCINDEXEDPOLYCURVE(#11240,(IFCLINEINDEX((1,2,3,4,5,6,1))),$);
#11242=IFCCARTESIANPOINTLIST2D(((0.99932658672332764,0.10000000149011612),(0.97432658635079861,0.10000000149011612),(0.97432658635079861,0.090000001713633537),(0.94932658597826958,0.090000001713633537),(0.94932658597826958,0.05000000074505806),(0.99932658672332764,0.05000000074505806)));
#11243=IFCINDEXEDPOLYCURVE(#11242,(IFCLINEINDEX((1,2,3,4,5,6,1))),$);
#11244=IFCCARTESIANPOINTLIST2D(((0.02500000037252903,0.090000001713633537),(0.060000000521540642,0.090000001713633537),(0.060000000521540642,0.12500000186264515),(0.02500000037252903,0.12500000186264515)));
#11245=IFCINDEXEDPOLYCURVE(#11244,(IFCLINEINDEX((1,2,3,4,1))),$);
#11246=IFCINDEXEDPOLYCURVE(#11247,(IFCLINEINDEX((1,2,3,4,1))),$);
#11247=IFCCARTESIANPOINTLIST2D(((0.97432658635079861,0.090000001713633537),(0.93932658620178699,0.090000001713633537),(0.93932658620178699,0.12500000186264515),(0.97432658635079861,0.12500000186264515)));
#11248=IFCCARTESIANPOINTLIST2D(((0.060000000521540642,0.090000001713633537),(0.93932658620178699,0.090000001713633537)));
#11249=IFCINDEXEDPOLYCURVE(#11248,$,$);
#11250=IFCINDEXEDPOLYCURVE(#11251,$,$);
#11251=IFCCARTESIANPOINTLIST2D(((0.060000000521540642,0.12500000186264515),(0.93932658620178699,0.12500000186264515)));
#11252=IFCINDEXEDPOLYCURVE(#11253,$,$);
#11253=IFCCARTESIANPOINTLIST2D(((0.060000000521540642,0.10750000178813934),(0.93932658620178699,0.10750000178813934)));
#11254=IFCSHAPEREPRESENTATION(#24,'Body','Curve2D',(#11239,#11241,#11243,#11245,#11246,#11249,#11250,#11252));
#11255=IFCCARTESIANPOINTLIST2D(((0.,0.),(0.99932658672332764,0.),(0.99932658672332764,0.89999997615814209),(0.,0.89999997615814209)));
#11256=IFCINDEXEDPOLYCURVE(#11255,(IFCLINEINDEX((1,2,3,4,1))),$);
#11257=IFCARBITRARYCLOSEDPROFILEDEF(.AREA.,$,#11256);
#11258=IFCCARTESIANPOINT((0.,-0.60000002384185791,0.));
#11259=IFCDIRECTION((0.,-1.,0.));
#11260=IFCDIRECTION((1.,0.,0.));
#11261=IFCAXIS2PLACEMENT3D(#11258,#11259,#11260);
#11262=IFCDIRECTION((0.,0.,-1.));
#11263=IFCEXTRUDEDAREASOLID(#11257,#11261,#11262,1.2);
#11264=IFCSHAPEREPRESENTATION(#11,'Body','SweptSolid',(#11263));
#11270=IFCCARTESIANPOINT((3.4029055309649419,4.1630121128122255E-07,1.));
#11271=IFCDIRECTION((0.,0.,1.));
#11272=IFCDIRECTION((0.99999999999999267,-1.1920919822387861E-07,0.));
#11273=IFCAXIS2PLACEMENT3D(#11270,#11271,#11272);
#11274=IFCLOCALPLACEMENT(#12876,#11273);
#11275=IFCCARTESIANPOINT((4.4408920985006262E-16,0.,0.));
#11276=IFCDIRECTION((0.,0.,1.));
#11277=IFCDIRECTION((1.0000000000000002,-2.1684043449710089E-19,0.));
#11278=IFCAXIS2PLACEMENT3D(#11275,#11276,#11277);
#11279=IFCLOCALPLACEMENT(#11274,#11278);
#11285=IFCCARTESIANPOINT((5.9694440971987666,2.6062176861074704E-08,1.));
#11286=IFCDIRECTION((0.,0.,1.));
#11287=IFCDIRECTION((0.99999999999999267,-1.1920919822387861E-07,0.));
#11288=IFCAXIS2PLACEMENT3D(#11285,#11286,#11287);
#11289=IFCLOCALPLACEMENT(#12876,#11288);
#11290=IFCCARTESIANPOINT((0.,-4.4408920985006262E-16,0.));
#11291=IFCDIRECTION((0.,0.,1.));
#11292=IFCDIRECTION((1.0000000000000002,-2.1684043449710089E-19,0.));
#11293=IFCAXIS2PLACEMENT3D(#11290,#11291,#11292);
#11294=IFCLOCALPLACEMENT(#11289,#11293);
#11295=IFCWINDOW('3AKUyVRPnBJv8R5uBmLu4O',$,'Window',$,$,#11681,#11304,$,0.89999997615814209,0.81127727031707764,$,.SINGLE_PANEL.,$);
#11296=IFCRELDEFINESBYTYPE('3JJL1g4S54qAJEyqS2QWGR',$,$,$,(#11295),#10771);
#11297=IFCCARTESIANPOINT((0.,0.,0.));
#11298=IFCDIRECTION((1.,0.,0.));
#11299=IFCDIRECTION((0.,1.,0.));
#11300=IFCDIRECTION((0.,0.,1.));
#11301=IFCCARTESIANTRANSFORMATIONOPERATOR3D(#11298,#11299,#11297,1.,#11300);
#11302=IFCMAPPEDITEM(#10774,#11301);
#11303=IFCSHAPEREPRESENTATION(#18,'Profile','MappedRepresentation',(#11302));
#11304=IFCPRODUCTDEFINITIONSHAPE($,$,(#11303,#11311,#11318));
#11305=IFCCARTESIANPOINT((0.,0.,0.));
#11306=IFCDIRECTION((1.,0.,0.));
#11307=IFCDIRECTION((0.,1.,0.));
#11308=IFCDIRECTION((0.,0.,1.));
#11309=IFCCARTESIANTRANSFORMATIONOPERATOR3D(#11306,#11307,#11305,1.,#11308);
#11310=IFCMAPPEDITEM(#10782,#11309);
#11311=IFCSHAPEREPRESENTATION(#11,'Body','MappedRepresentation',(#11310));
#11312=IFCCARTESIANPOINT((0.,0.,0.));
#11313=IFCDIRECTION((1.,0.,0.));
#11314=IFCDIRECTION((0.,1.,0.));
#11315=IFCDIRECTION((0.,0.,1.));
#11316=IFCCARTESIANTRANSFORMATIONOPERATOR3D(#11313,#11314,#11312,1.,#11315);
#11317=IFCMAPPEDITEM(#10830,#11316);
#11318=IFCSHAPEREPRESENTATION(#24,'Body','MappedRepresentation',(#11317));
#11319=IFCOPENINGELEMENT('1uQpMX64LAPe_kMsPdgavB',$,'Opening',$,$,#11676,#11347,$,.OPENING.);
#11335=IFCCARTESIANPOINT((0.,0.,0.));
#11336=IFCDIRECTION((1.,0.,0.));
#11337=IFCDIRECTION((0.,0.,1.));
#11338=IFCAXIS2PLACEMENT3D(#11335,#11337,#11336);
#11339=IFCREPRESENTATIONMAP(#11338,#11666);
#11340=IFCCARTESIANPOINT((0.,0.,0.));
#11341=IFCDIRECTION((1.,0.,0.));
#11342=IFCDIRECTION((0.,1.,0.));
#11343=IFCDIRECTION((0.,0.,1.));
#11344=IFCCARTESIANTRANSFORMATIONOPERATOR3D(#11341,#11342,#11340,1.,#11343);
#11345=IFCMAPPEDITEM(#11339,#11344);
#11346=IFCSHAPEREPRESENTATION(#11,'Body','MappedRepresentation',(#11345));
#11347=IFCPRODUCTDEFINITIONSHAPE($,$,(#11346));
#11348=IFCRELVOIDSELEMENT('2JaPqD10f7IhfcJX58sBVo',$,$,$,#7567,#11319);
#11354=IFCRELFILLSELEMENT('2suAamoF9E9Q$J50JI58WX',$,$,$,#11319,#11295);
#11360=IFCWINDOW('3gO7wJsiP9ERigBg$GHjer',$,'Window',$,$,#11838,#11369,$,0.89999997615814209,1.25490403175354,$,.DOUBLE_PANEL_VERTICAL.,$);
#11361=IFCRELDEFINESBYTYPE('00ym1WQGz24OA15z7NRWl$',$,$,$,(#11360),#10852);
#11362=IFCCARTESIANPOINT((0.,0.,0.));
#11363=IFCDIRECTION((1.,0.,0.));
#11364=IFCDIRECTION((0.,1.,0.));
#11365=IFCDIRECTION((0.,0.,1.));
#11366=IFCCARTESIANTRANSFORMATIONOPERATOR3D(#11363,#11364,#11362,1.,#11365);
#11367=IFCMAPPEDITEM(#10855,#11366);
#11368=IFCSHAPEREPRESENTATION(#18,'Profile','MappedRepresentation',(#11367));
#11369=IFCPRODUCTDEFINITIONSHAPE($,$,(#11368,#11376,#11383));
#11370=IFCCARTESIANPOINT((0.,0.,0.));
#11371=IFCDIRECTION((1.,0.,0.));
#11372=IFCDIRECTION((0.,1.,0.));
#11373=IFCDIRECTION((0.,0.,1.));
#11374=IFCCARTESIANTRANSFORMATIONOPERATOR3D(#11371,#11372,#11370,1.,#11373);
#11375=IFCMAPPEDITEM(#10863,#11374);
#11376=IFCSHAPEREPRESENTATION(#11,'Body','MappedRepresentation',(#11375));
#11377=IFCCARTESIANPOINT((0.,0.,0.));
#11378=IFCDIRECTION((1.,0.,0.));
#11379=IFCDIRECTION((0.,1.,0.));
#11380=IFCDIRECTION((0.,0.,1.));
#11381=IFCCARTESIANTRANSFORMATIONOPERATOR3D(#11378,#11379,#11377,1.,#11380);
#11382=IFCMAPPEDITEM(#10911,#11381);
#11383=IFCSHAPEREPRESENTATION(#24,'Body','MappedRepresentation',(#11382));
#11384=IFCOPENINGELEMENT('0v9$hlqzX5ffQ7SPcs1HUV',$,'Opening',$,$,#11833,#11412,$,.OPENING.);
#11400=IFCCARTESIANPOINT((0.,0.,0.));
#11401=IFCDIRECTION((1.,0.,0.));
#11402=IFCDIRECTION((0.,0.,1.));
#11403=IFCAXIS2PLACEMENT3D(#11400,#11402,#11401);
#11404=IFCREPRESENTATIONMAP(#11403,#11823);
#11405=IFCCARTESIANPOINT((0.,0.,0.));
#11406=IFCDIRECTION((1.,0.,0.));
#11407=IFCDIRECTION((0.,1.,0.));
#11408=IFCDIRECTION((0.,0.,1.));
#11409=IFCCARTESIANTRANSFORMATIONOPERATOR3D(#11406,#11407,#11405,1.,#11408);
#11410=IFCMAPPEDITEM(#11404,#11409);
#11411=IFCSHAPEREPRESENTATION(#11,'Body','MappedRepresentation',(#11410));
#11412=IFCPRODUCTDEFINITIONSHAPE($,$,(#11411));
#11413=IFCRELVOIDSELEMENT('08_sLoLF98huKCQcj1mZU$',$,$,$,#7542,#11384);
#11419=IFCRELFILLSELEMENT('0CJgi0pFnBYBJzOAlYqf8p',$,$,$,#11384,#11360);
#11428=IFCCARTESIANPOINTLIST2D(((0.62375563383102417,0.),(0.,0.),(0.,0.89999997615814209),(0.62375563383102417,0.89999997615814209),(0.62375563383102417,0.87499997578561306),(0.02500000037252903,0.87499997578561306),(0.02500000037252903,0.02500000037252903),(0.62375563383102417,0.02500000037252903)));
#11429=IFCINDEXEDPOLYCURVE(#11428,(IFCLINEINDEX((1,2,3,4,5,6,7,8,1))),$);
#11430=IFCARBITRARYCLOSEDPROFILEDEF(.AREA.,$,#11429);
#11431=IFCCARTESIANPOINT((0.,0.090000001713633537,0.));
#11432=IFCDIRECTION((0.,-1.,0.));
#11433=IFCDIRECTION((1.,0.,0.));
#11434=IFCAXIS2PLACEMENT3D(#11431,#11432,#11433);
#11435=IFCDIRECTION((0.,0.,-1.));
#11436=IFCEXTRUDEDAREASOLID(#11430,#11434,#11435,0.0099999997764825821);
#11437=IFCCARTESIANPOINTLIST2D(((0.,0.),(0.62375563383102417,0.),(0.62375563383102417,0.89999997615814209),(0.,0.89999997615814209)));
#11438=IFCINDEXEDPOLYCURVE(#11437,(IFCLINEINDEX((1,2,3,4,1))),$);
#11439=IFCCARTESIANPOINTLIST2D(((0.05000000074505806,0.05000000074505806),(0.59875563345849514,0.05000000074505806),(0.59875563345849514,0.84999997541308403),(0.05000000074505806,0.84999997541308403)));
#11440=IFCINDEXEDPOLYCURVE(#11439,(IFCLINEINDEX((1,2,3,4,1))),$);
#11441=IFCARBITRARYPROFILEDEFWITHVOIDS(.AREA.,$,#11438,(#11440));
#11442=IFCCARTESIANPOINT((0.,0.05000000074505806,0.));
#11443=IFCDIRECTION((0.,-1.,0.));
#11444=IFCDIRECTION((1.,0.,0.));
#11445=IFCAXIS2PLACEMENT3D(#11442,#11443,#11444);
#11446=IFCDIRECTION((0.,0.,-1.));
#11447=IFCEXTRUDEDAREASOLID(#11441,#11445,#11446,0.040000000968575478);
#11448=IFCCARTESIANPOINTLIST2D(((0.,0.),(0.59875563345849514,0.),(0.59875563345849514,0.84999997541308403),(0.,0.84999997541308403)));
#11449=IFCINDEXEDPOLYCURVE(#11448,(IFCLINEINDEX((1,2,3,4,1))),$);
#11450=IFCCARTESIANPOINTLIST2D(((0.035000000149011612,0.035000000149011612),(0.56375563330948353,0.035000000149011612),(0.56375563330948353,0.81499997526407242),(0.035000000149011612,0.81499997526407242)));
#11451=IFCINDEXEDPOLYCURVE(#11450,(IFCLINEINDEX((1,2,3,4,1))),$);
#11452=IFCARBITRARYPROFILEDEFWITHVOIDS(.AREA.,$,#11449,(#11451));
#11453=IFCCARTESIANPOINT((0.02500000037252903,0.090000001713633537,0.02500000037252903));
#11454=IFCDIRECTION((0.,-1.,0.));
#11455=IFCDIRECTION((1.,0.,0.));
#11456=IFCAXIS2PLACEMENT3D(#11453,#11454,#11455);
#11457=IFCDIRECTION((0.,0.,-1.));
#11458=IFCEXTRUDEDAREASOLID(#11452,#11456,#11457,0.035000000149011612);
#11459=IFCINDEXEDPOLYCURVE(#11460,(IFCLINEINDEX((1,2,3,4,1))),$);
#11460=IFCCARTESIANPOINTLIST2D(((0.035000000149011612,0.035000000149011612),(0.56375563330948353,0.035000000149011612),(0.56375563330948353,0.81499997526407242),(0.035000000149011612,0.81499997526407242)));
#11461=IFCARBITRARYCLOSEDPROFILEDEF(.AREA.,$,#11459);
#11462=IFCCARTESIANPOINT((0.02500000037252903,0.10250000178813934,0.02500000037252903));
#11463=IFCDIRECTION((0.,-1.,0.));
#11464=IFCDIRECTION((1.,0.,0.));
#11465=IFCAXIS2PLACEMENT3D(#11462,#11463,#11464);
#11466=IFCDIRECTION((0.,0.,-1.));
#11467=IFCEXTRUDEDAREASOLID(#11461,#11465,#11466,0.01);
#11468=IFCCARTESIANPOINTLIST2D(((0.,0.89999997615814209),(0.63114839792251587,0.89999997615814209),(0.63114839792251587,0.),(0.,0.),(0.,0.02500000037252903),(0.60614839754998684,0.02500000037252903),(0.60614839754998684,0.87499997578561306),(0.,0.87499997578561306)));
#11469=IFCINDEXEDPOLYCURVE(#11468,(IFCLINEINDEX((1,2,3,4,5,6,7,8,1))),$);
#11470=IFCARBITRARYCLOSEDPROFILEDEF(.AREA.,$,#11469);
#11471=IFCCARTESIANPOINT((0.62375563383102417,0.090000001713633537,0.));
#11472=IFCDIRECTION((0.,-1.,0.));
#11473=IFCDIRECTION((1.,0.,0.));
#11474=IFCAXIS2PLACEMENT3D(#11471,#11472,#11473);
#11475=IFCDIRECTION((0.,0.,-1.));
#11476=IFCEXTRUDEDAREASOLID(#11470,#11474,#11475,0.0099999997764825821);
#11477=IFCCARTESIANPOINTLIST2D(((0.,0.),(0.63114839792251587,0.),(0.63114839792251587,0.89999997615814209),(0.,0.89999997615814209)));
#11478=IFCINDEXEDPOLYCURVE(#11477,(IFCLINEINDEX((1,2,3,4,1))),$);
#11479=IFCCARTESIANPOINTLIST2D(((0.02500000037252903,0.05000000074505806),(0.58114839717745781,0.05000000074505806),(0.58114839717745781,0.84999997541308403),(0.02500000037252903,0.84999997541308403)));
#11480=IFCINDEXEDPOLYCURVE(#11479,(IFCLINEINDEX((1,2,3,4,1))),$);
#11481=IFCARBITRARYPROFILEDEFWITHVOIDS(.AREA.,$,#11478,(#11480));
#11482=IFCCARTESIANPOINT((0.62375563383102417,0.05000000074505806,0.));
#11483=IFCDIRECTION((0.,-1.,0.));
#11484=IFCDIRECTION((1.,0.,0.));
#11485=IFCAXIS2PLACEMENT3D(#11482,#11483,#11484);
#11486=IFCDIRECTION((0.,0.,-1.));
#11487=IFCEXTRUDEDAREASOLID(#11481,#11485,#11486,0.040000000968575478);
#11488=IFCCARTESIANPOINTLIST2D(((0.,0.),(0.60614839754998684,0.),(0.60614839754998684,0.84999997541308403),(0.,0.84999997541308403)));
#11489=IFCINDEXEDPOLYCURVE(#11488,(IFCLINEINDEX((1,2,3,4,1))),$);
#11490=IFCCARTESIANPOINTLIST2D(((0.035000000149011612,0.035000000149011612),(0.57114839740097523,0.035000000149011612),(0.57114839740097523,0.81499997526407242),(0.035000000149011612,0.81499997526407242)));
#11491=IFCINDEXEDPOLYCURVE(#11490,(IFCLINEINDEX((1,2,3,4,1))),$);
#11492=IFCARBITRARYPROFILEDEFWITHVOIDS(.AREA.,$,#11489,(#11491));
#11493=IFCCARTESIANPOINT((0.62375563383102417,0.090000001713633537,0.02500000037252903));
#11494=IFCDIRECTION((0.,-1.,0.));
#11495=IFCDIRECTION((1.,0.,0.));
#11496=IFCAXIS2PLACEMENT3D(#11493,#11494,#11495);
#11497=IFCDIRECTION((0.,0.,-1.));
#11498=IFCEXTRUDEDAREASOLID(#11492,#11496,#11497,0.035000000149011612);
#11499=IFCINDEXEDPOLYCURVE(#11500,(IFCLINEINDEX((1,2,3,4,1))),$);
#11500=IFCCARTESIANPOINTLIST2D(((0.035000000149011612,0.035000000149011612),(0.57114839740097523,0.035000000149011612),(0.57114839740097523,0.81499997526407242),(0.035000000149011612,0.81499997526407242)));
#11501=IFCARBITRARYCLOSEDPROFILEDEF(.AREA.,$,#11499);
#11502=IFCCARTESIANPOINT((0.62375563383102417,0.10250000178813934,0.02500000037252903));
#11503=IFCDIRECTION((0.,-1.,0.));
#11504=IFCDIRECTION((1.,0.,0.));
#11505=IFCAXIS2PLACEMENT3D(#11502,#11503,#11504);
#11506=IFCDIRECTION((0.,0.,-1.));
#11507=IFCEXTRUDEDAREASOLID(#11501,#11505,#11506,0.01);
#11509=IFCSHAPEREPRESENTATION(#11,'Body','SweptSolid',(#11759,#11476,#11487,#11447,#11719,#11708,#11748,#11436));
#11510=IFCSHAPEASPECT((#11509),'Lining',$,.T.,#11369);
#11511=IFCSHAPEREPRESENTATION(#11,'Body','SweptSolid',(#11770,#11458,#11730,#11498));
#11512=IFCSHAPEASPECT((#11511),'Framing',$,.T.,#11369);
#11513=IFCSHAPEREPRESENTATION(#11,'Body','SweptSolid',(#11507,#11779,#11467,#11739));
#11514=IFCSHAPEASPECT((#11513),'Glazing',$,.T.,#11369);
#11588=IFCCARTESIANPOINTLIST3D(((0.,0.,0.),(0.81127727031707764,0.,0.),(0.81127727031707764,0.,0.89999997615814209),(0.,0.,0.89999997615814209)));
#11589=IFCINDEXEDPOLYCURVE(#11588,(IFCLINEINDEX((1,2,3,4,1))),$);
#11590=IFCSHAPEREPRESENTATION(#18,'Profile','Curve3D',(#11589));
#11591=IFCCARTESIANPOINTLIST2D(((0.,0.),(0.81127727031707764,0.),(0.81127727031707764,0.89999997615814209),(0.,0.89999997615814209)));
#11592=IFCINDEXEDPOLYCURVE(#11591,(IFCLINEINDEX((1,2,3,4,1))),$);
#11593=IFCCARTESIANPOINTLIST2D(((0.02500000037252903,0.02500000037252903),(0.78627726994454861,0.02500000037252903),(0.78627726994454861,0.87499997578561306),(0.02500000037252903,0.87499997578561306)));
#11594=IFCINDEXEDPOLYCURVE(#11593,(IFCLINEINDEX((1,2,3,4,1))),$);
#11595=IFCARBITRARYPROFILEDEFWITHVOIDS(.AREA.,$,#11592,(#11594));
#11596=IFCCARTESIANPOINT((0.,0.090000001713633537,0.));
#11597=IFCDIRECTION((0.,-1.,0.));
#11598=IFCDIRECTION((1.,0.,0.));
#11599=IFCAXIS2PLACEMENT3D(#11596,#11597,#11598);
#11600=IFCDIRECTION((0.,0.,-1.));
#11601=IFCEXTRUDEDAREASOLID(#11595,#11599,#11600,0.0099999997764825821);
#11602=IFCCARTESIANPOINTLIST2D(((0.,0.),(0.81127727031707764,0.),(0.81127727031707764,0.89999997615814209),(0.,0.89999997615814209)));
#11603=IFCINDEXEDPOLYCURVE(#11602,(IFCLINEINDEX((1,2,3,4,1))),$);
#11604=IFCCARTESIANPOINTLIST2D(((0.05000000074505806,0.05000000074505806),(0.76127726957201958,0.05000000074505806),(0.76127726957201958,0.84999997541308403),(0.05000000074505806,0.84999997541308403)));
#11605=IFCINDEXEDPOLYCURVE(#11604,(IFCLINEINDEX((1,2,3,4,1))),$);
#11606=IFCARBITRARYPROFILEDEFWITHVOIDS(.AREA.,$,#11603,(#11605));
#11607=IFCCARTESIANPOINT((0.,0.05000000074505806,0.));
#11608=IFCDIRECTION((0.,-1.,0.));
#11609=IFCDIRECTION((1.,0.,0.));
#11610=IFCAXIS2PLACEMENT3D(#11607,#11608,#11609);
#11611=IFCDIRECTION((0.,0.,-1.));
#11612=IFCEXTRUDEDAREASOLID(#11606,#11610,#11611,0.040000000968575478);
#11613=IFCCARTESIANPOINTLIST2D(((0.,0.),(0.76127726957201958,0.),(0.76127726957201958,0.84999997541308403),(0.,0.84999997541308403)));
#11614=IFCINDEXEDPOLYCURVE(#11613,(IFCLINEINDEX((1,2,3,4,1))),$);
#11615=IFCCARTESIANPOINTLIST2D(((0.035000000149011612,0.035000000149011612),(0.72627726942300797,0.035000000149011612),(0.72627726942300797,0.81499997526407242),(0.035000000149011612,0.81499997526407242)));
#11616=IFCINDEXEDPOLYCURVE(#11615,(IFCLINEINDEX((1,2,3,4,1))),$);
#11617=IFCARBITRARYPROFILEDEFWITHVOIDS(.AREA.,$,#11614,(#11616));
#11618=IFCCARTESIANPOINT((0.02500000037252903,0.090000001713633537,0.02500000037252903));
#11619=IFCDIRECTION((0.,-1.,0.));
#11620=IFCDIRECTION((1.,0.,0.));
#11621=IFCAXIS2PLACEMENT3D(#11618,#11619,#11620);
#11622=IFCDIRECTION((0.,0.,-1.));
#11623=IFCEXTRUDEDAREASOLID(#11617,#11621,#11622,0.035000000149011612);
#11624=IFCINDEXEDPOLYCURVE(#11625,(IFCLINEINDEX((1,2,3,4,1))),$);
#11625=IFCCARTESIANPOINTLIST2D(((0.035000000149011612,0.035000000149011612),(0.72627726942300797,0.035000000149011612),(0.72627726942300797,0.81499997526407242),(0.035000000149011612,0.81499997526407242)));
#11626=IFCARBITRARYCLOSEDPROFILEDEF(.AREA.,$,#11624);
#11627=IFCCARTESIANPOINT((0.02500000037252903,0.10250000178813934,0.02500000037252903));
#11628=IFCDIRECTION((0.,-1.,0.));
#11629=IFCDIRECTION((1.,0.,0.));
#11630=IFCAXIS2PLACEMENT3D(#11627,#11628,#11629);
#11631=IFCDIRECTION((0.,0.,-1.));
#11632=IFCEXTRUDEDAREASOLID(#11626,#11630,#11631,0.01);
#11633=IFCSHAPEREPRESENTATION(#11,'Body','SweptSolid',(#11601,#11612,#11623,#11632));
#11634=IFCSHAPEREPRESENTATION(#11,'Body','SweptSolid',(#11601,#11612));
#11635=IFCSHAPEASPECT((#11634),'Lining',$,.T.,#11304);
#11636=IFCSHAPEREPRESENTATION(#11,'Body','SweptSolid',(#11623));
#11637=IFCSHAPEASPECT((#11636),'Framing',$,.T.,#11304);
#11638=IFCSHAPEREPRESENTATION(#11,'Body','SweptSolid',(#11632));
#11639=IFCSHAPEASPECT((#11638),'Glazing',$,.T.,#11304);
#11640=IFCCARTESIANPOINTLIST2D(((0.05000000074505806,0.05000000074505806),(0.76127726957201958,0.05000000074505806)));
#11641=IFCINDEXEDPOLYCURVE(#11640,$,$);
#11642=IFCCARTESIANPOINTLIST2D(((0.,0.10000000149011612),(0.02500000037252903,0.10000000149011612),(0.02500000037252903,0.090000001713633537),(0.05000000074505806,0.090000001713633537),(0.05000000074505806,0.05000000074505806),(0.,0.05000000074505806)));
#11643=IFCINDEXEDPOLYCURVE(#11642,(IFCLINEINDEX((1,2,3,4,5,6,1))),$);
#11644=IFCCARTESIANPOINTLIST2D(((0.81127727031707764,0.10000000149011612),(0.78627726994454861,0.10000000149011612),(0.78627726994454861,0.090000001713633537),(0.76127726957201958,0.090000001713633537),(0.76127726957201958,0.05000000074505806),(0.81127727031707764,0.05000000074505806)));
#11645=IFCINDEXEDPOLYCURVE(#11644,(IFCLINEINDEX((1,2,3,4,5,6,1))),$);
#11646=IFCCARTESIANPOINTLIST2D(((0.02500000037252903,0.090000001713633537),(0.060000000521540642,0.090000001713633537),(0.060000000521540642,0.12500000186264515),(0.02500000037252903,0.12500000186264515)));
#11647=IFCINDEXEDPOLYCURVE(#11646,(IFCLINEINDEX((1,2,3,4,1))),$);
#11648=IFCINDEXEDPOLYCURVE(#11649,(IFCLINEINDEX((1,2,3,4,1))),$);
#11649=IFCCARTESIANPOINTLIST2D(((0.78627726994454861,0.090000001713633537),(0.75127726979553699,0.090000001713633537),(0.75127726979553699,0.12500000186264515),(0.78627726994454861,0.12500000186264515)));
#11650=IFCCARTESIANPOINTLIST2D(((0.060000000521540642,0.090000001713633537),(0.75127726979553699,0.090000001713633537)));
#11651=IFCINDEXEDPOLYCURVE(#11650,$,$);
#11652=IFCINDEXEDPOLYCURVE(#11653,$,$);
#11653=IFCCARTESIANPOINTLIST2D(((0.060000000521540642,0.12500000186264515),(0.75127726979553699,0.12500000186264515)));
#11654=IFCINDEXEDPOLYCURVE(#11655,$,$);
#11655=IFCCARTESIANPOINTLIST2D(((0.060000000521540642,0.10750000178813934),(0.75127726979553699,0.10750000178813934)));
#11656=IFCSHAPEREPRESENTATION(#24,'Body','Curve2D',(#11641,#11643,#11645,#11647,#11648,#11651,#11652,#11654));
#11657=IFCCARTESIANPOINTLIST2D(((0.,0.),(0.81127727031707764,0.),(0.81127727031707764,0.89999997615814209),(0.,0.89999997615814209)));
#11658=IFCINDEXEDPOLYCURVE(#11657,(IFCLINEINDEX((1,2,3,4,1))),$);
#11659=IFCARBITRARYCLOSEDPROFILEDEF(.AREA.,$,#11658);
#11660=IFCCARTESIANPOINT((0.,-0.60000002384185791,0.));
#11661=IFCDIRECTION((0.,-1.,0.));
#11662=IFCDIRECTION((1.,0.,0.));
#11663=IFCAXIS2PLACEMENT3D(#11660,#11661,#11662);
#11664=IFCDIRECTION((0.,0.,-1.));
#11665=IFCEXTRUDEDAREASOLID(#11659,#11663,#11664,1.2);
#11666=IFCSHAPEREPRESENTATION(#11,'Body','SweptSolid',(#11665));
#11672=IFCCARTESIANPOINT((1.5324417284098764,1.4857992969297129E-07,1.));
#11673=IFCDIRECTION((0.,0.,1.));
#11674=IFCDIRECTION((0.99999999999999267,-1.1920919822387861E-07,0.));
#11675=IFCAXIS2PLACEMENT3D(#11672,#11673,#11674);
#11676=IFCLOCALPLACEMENT(#12876,#11675);
#11677=IFCCARTESIANPOINT((0.,-1.3322676295501878E-15,0.));
#11678=IFCDIRECTION((0.,0.,1.));
#11679=IFCDIRECTION((1.0000000000000002,-2.1684043449710089E-19,0.));
#11680=IFCAXIS2PLACEMENT3D(#11677,#11678,#11679);
#11681=IFCLOCALPLACEMENT(#11676,#11680);
#11697=IFCCARTESIANPOINTLIST3D(((0.,0.,0.),(1.25490403175354,0.,0.),(1.25490403175354,0.,0.89999997615814209),(0.,0.,0.89999997615814209)));
#11698=IFCINDEXEDPOLYCURVE(#11697,(IFCLINEINDEX((1,2,3,4,1))),$);
#11699=IFCSHAPEREPRESENTATION(#18,'Profile','Curve3D',(#11698));
#11700=IFCCARTESIANPOINTLIST2D(((0.62375563383102417,0.),(0.,0.),(0.,0.89999997615814209),(0.62375563383102417,0.89999997615814209),(0.62375563383102417,0.87499997578561306),(0.02500000037252903,0.87499997578561306),(0.02500000037252903,0.02500000037252903),(0.62375563383102417,0.02500000037252903)));
#11701=IFCINDEXEDPOLYCURVE(#11700,(IFCLINEINDEX((1,2,3,4,5,6,7,8,1))),$);
#11702=IFCARBITRARYCLOSEDPROFILEDEF(.AREA.,$,#11701);
#11703=IFCCARTESIANPOINT((0.,0.090000001713633537,0.));
#11704=IFCDIRECTION((0.,-1.,0.));
#11705=IFCDIRECTION((1.,0.,0.));
#11706=IFCAXIS2PLACEMENT3D(#11703,#11704,#11705);
#11707=IFCDIRECTION((0.,0.,-1.));
#11708=IFCEXTRUDEDAREASOLID(#11702,#11706,#11707,0.0099999997764825821);
#11709=IFCCARTESIANPOINTLIST2D(((0.,0.),(0.62375563383102417,0.),(0.62375563383102417,0.89999997615814209),(0.,0.89999997615814209)));
#11710=IFCINDEXEDPOLYCURVE(#11709,(IFCLINEINDEX((1,2,3,4,1))),$);
#11711=IFCCARTESIANPOINTLIST2D(((0.05000000074505806,0.05000000074505806),(0.59875563345849514,0.05000000074505806),(0.59875563345849514,0.84999997541308403),(0.05000000074505806,0.84999997541308403)));
#11712=IFCINDEXEDPOLYCURVE(#11711,(IFCLINEINDEX((1,2,3,4,1))),$);
#11713=IFCARBITRARYPROFILEDEFWITHVOIDS(.AREA.,$,#11710,(#11712));
#11714=IFCCARTESIANPOINT((0.,0.05000000074505806,0.));
#11715=IFCDIRECTION((0.,-1.,0.));
#11716=IFCDIRECTION((1.,0.,0.));
#11717=IFCAXIS2PLACEMENT3D(#11714,#11715,#11716);
#11718=IFCDIRECTION((0.,0.,-1.));
#11719=IFCEXTRUDEDAREASOLID(#11713,#11717,#11718,0.040000000968575478);
#11720=IFCCARTESIANPOINTLIST2D(((0.,0.),(0.59875563345849514,0.),(0.59875563345849514,0.84999997541308403),(0.,0.84999997541308403)));
#11721=IFCINDEXEDPOLYCURVE(#11720,(IFCLINEINDEX((1,2,3,4,1))),$);
#11722=IFCCARTESIANPOINTLIST2D(((0.035000000149011612,0.035000000149011612),(0.56375563330948353,0.035000000149011612),(0.56375563330948353,0.81499997526407242),(0.035000000149011612,0.81499997526407242)));
#11723=IFCINDEXEDPOLYCURVE(#11722,(IFCLINEINDEX((1,2,3,4,1))),$);
#11724=IFCARBITRARYPROFILEDEFWITHVOIDS(.AREA.,$,#11721,(#11723));
#11725=IFCCARTESIANPOINT((0.02500000037252903,0.090000001713633537,0.02500000037252903));
#11726=IFCDIRECTION((0.,-1.,0.));
#11727=IFCDIRECTION((1.,0.,0.));
#11728=IFCAXIS2PLACEMENT3D(#11725,#11726,#11727);
#11729=IFCDIRECTION((0.,0.,-1.));
#11730=IFCEXTRUDEDAREASOLID(#11724,#11728,#11729,0.035000000149011612);
#11731=IFCINDEXEDPOLYCURVE(#11732,(IFCLINEINDEX((1,2,3,4,1))),$);
#11732=IFCCARTESIANPOINTLIST2D(((0.035000000149011612,0.035000000149011612),(0.56375563330948353,0.035000000149011612),(0.56375563330948353,0.81499997526407242),(0.035000000149011612,0.81499997526407242)));
#11733=IFCARBITRARYCLOSEDPROFILEDEF(.AREA.,$,#11731);
#11734=IFCCARTESIANPOINT((0.02500000037252903,0.10250000178813934,0.02500000037252903));
#11735=IFCDIRECTION((0.,-1.,0.));
#11736=IFCDIRECTION((1.,0.,0.));
#11737=IFCAXIS2PLACEMENT3D(#11734,#11735,#11736);
#11738=IFCDIRECTION((0.,0.,-1.));
#11739=IFCEXTRUDEDAREASOLID(#11733,#11737,#11738,0.01);
#11740=IFCCARTESIANPOINTLIST2D(((0.,0.89999997615814209),(0.63114839792251587,0.89999997615814209),(0.63114839792251587,0.),(0.,0.),(0.,0.02500000037252903),(0.60614839754998684,0.02500000037252903),(0.60614839754998684,0.87499997578561306),(0.,0.87499997578561306)));
#11741=IFCINDEXEDPOLYCURVE(#11740,(IFCLINEINDEX((1,2,3,4,5,6,7,8,1))),$);
#11742=IFCARBITRARYCLOSEDPROFILEDEF(.AREA.,$,#11741);
#11743=IFCCARTESIANPOINT((0.62375563383102417,0.090000001713633537,0.));
#11744=IFCDIRECTION((0.,-1.,0.));
#11745=IFCDIRECTION((1.,0.,0.));
#11746=IFCAXIS2PLACEMENT3D(#11743,#11744,#11745);
#11747=IFCDIRECTION((0.,0.,-1.));
#11748=IFCEXTRUDEDAREASOLID(#11742,#11746,#11747,0.0099999997764825821);
#11749=IFCCARTESIANPOINTLIST2D(((0.,0.),(0.63114839792251587,0.),(0.63114839792251587,0.89999997615814209),(0.,0.89999997615814209)));
#11750=IFCINDEXEDPOLYCURVE(#11749,(IFCLINEINDEX((1,2,3,4,1))),$);
#11751=IFCCARTESIANPOINTLIST2D(((0.02500000037252903,0.05000000074505806),(0.58114839717745781,0.05000000074505806),(0.58114839717745781,0.84999997541308403),(0.02500000037252903,0.84999997541308403)));
#11752=IFCINDEXEDPOLYCURVE(#11751,(IFCLINEINDEX((1,2,3,4,1))),$);
#11753=IFCARBITRARYPROFILEDEFWITHVOIDS(.AREA.,$,#11750,(#11752));
#11754=IFCCARTESIANPOINT((0.62375563383102417,0.05000000074505806,0.));
#11755=IFCDIRECTION((0.,-1.,0.));
#11756=IFCDIRECTION((1.,0.,0.));
#11757=IFCAXIS2PLACEMENT3D(#11754,#11755,#11756);
#11758=IFCDIRECTION((0.,0.,-1.));
#11759=IFCEXTRUDEDAREASOLID(#11753,#11757,#11758,0.040000000968575478);
#11760=IFCCARTESIANPOINTLIST2D(((0.,0.),(0.60614839754998684,0.),(0.60614839754998684,0.84999997541308403),(0.,0.84999997541308403)));
#11761=IFCINDEXEDPOLYCURVE(#11760,(IFCLINEINDEX((1,2,3,4,1))),$);
#11762=IFCCARTESIANPOINTLIST2D(((0.035000000149011612,0.035000000149011612),(0.57114839740097523,0.035000000149011612),(0.57114839740097523,0.81499997526407242),(0.035000000149011612,0.81499997526407242)));
#11763=IFCINDEXEDPOLYCURVE(#11762,(IFCLINEINDEX((1,2,3,4,1))),$);
#11764=IFCARBITRARYPROFILEDEFWITHVOIDS(.AREA.,$,#11761,(#11763));
#11765=IFCCARTESIANPOINT((0.62375563383102417,0.090000001713633537,0.02500000037252903));
#11766=IFCDIRECTION((0.,-1.,0.));
#11767=IFCDIRECTION((1.,0.,0.));
#11768=IFCAXIS2PLACEMENT3D(#11765,#11766,#11767);
#11769=IFCDIRECTION((0.,0.,-1.));
#11770=IFCEXTRUDEDAREASOLID(#11764,#11768,#11769,0.035000000149011612);
#11771=IFCINDEXEDPOLYCURVE(#11772,(IFCLINEINDEX((1,2,3,4,1))),$);
#11772=IFCCARTESIANPOINTLIST2D(((0.035000000149011612,0.035000000149011612),(0.57114839740097523,0.035000000149011612),(0.57114839740097523,0.81499997526407242),(0.035000000149011612,0.81499997526407242)));
#11773=IFCARBITRARYCLOSEDPROFILEDEF(.AREA.,$,#11771);
#11774=IFCCARTESIANPOINT((0.62375563383102417,0.10250000178813934,0.02500000037252903));
#11775=IFCDIRECTION((0.,-1.,0.));
#11776=IFCDIRECTION((1.,0.,0.));
#11777=IFCAXIS2PLACEMENT3D(#11774,#11775,#11776);
#11778=IFCDIRECTION((0.,0.,-1.));
#11779=IFCEXTRUDEDAREASOLID(#11773,#11777,#11778,0.01);
#11780=IFCSHAPEREPRESENTATION(#11,'Body','SweptSolid',(#11708,#11719,#11730,#11739,#11748,#11759,#11770,#11779));
#11781=IFCCARTESIANPOINTLIST2D(((0.05000000074505806,0.05000000074505806),(0.59875563345849514,0.05000000074505806)));
#11782=IFCINDEXEDPOLYCURVE(#11781,$,$);
#11783=IFCCARTESIANPOINTLIST2D(((0.,0.10000000149011612),(0.02500000037252903,0.10000000149011612),(0.02500000037252903,0.090000001713633537),(0.05000000074505806,0.090000001713633537),(0.05000000074505806,0.05000000074505806),(0.,0.05000000074505806)));
#11784=IFCINDEXEDPOLYCURVE(#11783,(IFCLINEINDEX((1,2,3,4,5,6,1))),$);
#11785=IFCCARTESIANPOINTLIST2D(((0.62375563383102417,0.10000000149011612),(0.62375563383102417,0.10000000149011612),(0.62375563383102417,0.090000001713633537),(0.59875563345849514,0.090000001713633537),(0.59875563345849514,0.05000000074505806),(0.62375563383102417,0.05000000074505806)));
#11786=IFCINDEXEDPOLYCURVE(#11785,$,$);
#11787=IFCCARTESIANPOINTLIST2D(((0.02500000037252903,0.090000001713633537),(0.060000000521540642,0.090000001713633537),(0.060000000521540642,0.12500000186264515),(0.02500000037252903,0.12500000186264515)));
#11788=IFCINDEXEDPOLYCURVE(#11787,(IFCLINEINDEX((1,2,3,4,1))),$);
#11789=IFCINDEXEDPOLYCURVE(#11790,(IFCLINEINDEX((1,2,3,4,1))),$);
#11790=IFCCARTESIANPOINTLIST2D(((0.62375563383102417,0.090000001713633537),(0.58875563368201256,0.090000001713633537),(0.58875563368201256,0.12500000186264515),(0.62375563383102417,0.12500000186264515)));
#11791=IFCCARTESIANPOINTLIST2D(((0.060000000521540642,0.090000001713633537),(0.58875563368201256,0.090000001713633537)));
#11792=IFCINDEXEDPOLYCURVE(#11791,$,$);
#11793=IFCINDEXEDPOLYCURVE(#11794,$,$);
#11794=IFCCARTESIANPOINTLIST2D(((0.060000000521540642,0.12500000186264515),(0.58875563368201256,0.12500000186264515)));
#11795=IFCINDEXEDPOLYCURVE(#11796,$,$);
#11796=IFCCARTESIANPOINTLIST2D(((0.060000000521540642,0.10750000178813934),(0.58875563368201256,0.10750000178813934)));
#11797=IFCCARTESIANPOINTLIST2D(((0.6487556342035532,0.05000000074505806),(1.204904031008482,0.05000000074505806)));
#11798=IFCINDEXEDPOLYCURVE(#11797,$,$);
#11799=IFCCARTESIANPOINTLIST2D(((0.62375563383102417,0.10000000149011612),(0.62375563383102417,0.10000000149011612),(0.62375563383102417,0.090000001713633537),(0.6487556342035532,0.090000001713633537),(0.6487556342035532,0.05000000074505806),(0.62375563383102417,0.05000000074505806)));
#11800=IFCINDEXEDPOLYCURVE(#11799,$,$);
#11801=IFCCARTESIANPOINTLIST2D(((1.25490403175354,0.10000000149011612),(1.229904031381011,0.10000000149011612),(1.229904031381011,0.090000001713633537),(1.204904031008482,0.090000001713633537),(1.204904031008482,0.05000000074505806),(1.25490403175354,0.05000000074505806)));
#11802=IFCINDEXEDPOLYCURVE(#11801,(IFCLINEINDEX((1,2,3,4,5,6,1))),$);
#11803=IFCCARTESIANPOINTLIST2D(((0.62375563383102417,0.090000001713633537),(0.65875563398003578,0.090000001713633537),(0.65875563398003578,0.12500000186264515),(0.62375563383102417,0.12500000186264515)));
#11804=IFCINDEXEDPOLYCURVE(#11803,(IFCLINEINDEX((1,2,3,4,1))),$);
#11805=IFCINDEXEDPOLYCURVE(#11806,(IFCLINEINDEX((1,2,3,4,1))),$);
#11806=IFCCARTESIANPOINTLIST2D(((1.229904031381011,0.090000001713633537),(1.1949040312319994,0.090000001713633537),(1.1949040312319994,0.12500000186264515),(1.229904031381011,0.12500000186264515)));
#11807=IFCCARTESIANPOINTLIST2D(((0.65875563398003578,0.090000001713633537),(1.1949040312319994,0.090000001713633537)));
#11808=IFCINDEXEDPOLYCURVE(#11807,$,$);
#11809=IFCINDEXEDPOLYCURVE(#11810,$,$);
#11810=IFCCARTESIANPOINTLIST2D(((0.65875563398003578,0.12500000186264515),(1.1949040312319994,0.12500000186264515)));
#11811=IFCINDEXEDPOLYCURVE(#11812,$,$);
#11812=IFCCARTESIANPOINTLIST2D(((0.65875563398003578,0.10750000178813934),(1.1949040312319994,0.10750000178813934)));
#11813=IFCSHAPEREPRESENTATION(#24,'Body','Curve2D',(#11782,#11784,#11786,#11788,#11789,#11792,#11793,#11795,#11798,#11800,#11802,#11804,#11805,#11808,#11809,#11811));
#11814=IFCCARTESIANPOINTLIST2D(((0.,0.),(1.25490403175354,0.),(1.25490403175354,0.89999997615814209),(0.,0.89999997615814209)));
#11815=IFCINDEXEDPOLYCURVE(#11814,(IFCLINEINDEX((1,2,3,4,1))),$);
#11816=IFCARBITRARYCLOSEDPROFILEDEF(.AREA.,$,#11815);
#11817=IFCCARTESIANPOINT((0.,-0.60000002384185791,0.));
#11818=IFCDIRECTION((0.,-1.,0.));
#11819=IFCDIRECTION((1.,0.,0.));
#11820=IFCAXIS2PLACEMENT3D(#11817,#11818,#11819);
#11821=IFCDIRECTION((0.,0.,-1.));
#11822=IFCEXTRUDEDAREASOLID(#11816,#11820,#11821,1.2);
#11823=IFCSHAPEREPRESENTATION(#11,'Body','SweptSolid',(#11822));
#11829=IFCCARTESIANPOINT((0.40821911987306159,-4.2524371401952976E-07,1.));
#11830=IFCDIRECTION((0.,0.,1.));
#11831=IFCDIRECTION((0.99999999999997158,-2.3841839628230797E-07,0.));
#11832=IFCAXIS2PLACEMENT3D(#11829,#11830,#11831);
#11833=IFCLOCALPLACEMENT(#12871,#11832);
#11834=IFCCARTESIANPOINT((5.5511151231257827E-17,-8.8817841970012523E-16,0.));
#11835=IFCDIRECTION((0.,0.,1.));
#11836=IFCDIRECTION((1.,-6.5052130349130266E-19,0.));
#11837=IFCAXIS2PLACEMENT3D(#11834,#11835,#11836);
#11838=IFCLOCALPLACEMENT(#11833,#11837);
#11839=IFCWINDOWTYPE('07QSu0ZzTFmAOdoRpnrwt3',$,'BR2-2F',$,$,(#11840),(#11842,#11850,#11936),$,$,.WINDOW.,.SINGLE_PANEL.,$,$);
#11840=IFCPROPERTYSET('09_Sj36UX3Ze8COu6IdWlg',$,'BBIM_Window',$,(#11841));
#11841=IFCPROPERTYSINGLEVALUE('Data',$,IFCTEXT('{"window_type": "DOUBLE_PANEL_VERTICAL", "overall_height": 0.8999999761581421, "overall_width": 1.25490403175354, "lining_properties": {"lining_depth": 0.05000000074505806, "lining_thickness": 0.05000000074505806, "lining_offset": 0.05000000074505806, "lining_to_panel_offset_x": 0.02500000037252903, "lining_to_panel_offset_y": 0.02500000037252903, "mullion_thickness": 0.05000000074505806, "first_mullion_offset": 0.6770629286766052}, "panel_properties": {"frame_depth": [0.03500000014901161, 0.03500000014901161, 0.03500000014901161], "frame_thickness": [0.03500000014901161, 0.03500000014901161, 0.03500000014901161]}}'),$);
#11842=IFCREPRESENTATIONMAP(#11843,#12056);
#11843=IFCAXIS2PLACEMENT3D(#11844,#11845,#11846);
#11844=IFCCARTESIANPOINT((0.,0.,0.));
#11845=IFCDIRECTION((0.,0.,1.));
#11846=IFCDIRECTION((1.,0.,0.));
#11850=IFCREPRESENTATIONMAP(#11851,#12137);
#11851=IFCAXIS2PLACEMENT3D(#11852,#11853,#11854);
#11852=IFCCARTESIANPOINT((0.,0.,0.));
#11853=IFCDIRECTION((0.,0.,1.));
#11854=IFCDIRECTION((1.,0.,0.));
#11936=IFCREPRESENTATIONMAP(#11937,#12176);
#11937=IFCAXIS2PLACEMENT3D(#11938,#11939,#11940);
#11938=IFCCARTESIANPOINT((0.,0.,0.));
#11939=IFCDIRECTION((0.,0.,1.));
#11940=IFCDIRECTION((1.,0.,0.));
#11974=IFCWINDOW('2a_IL_fgHDef3AtEYKeBeN',$,'Window',$,$,#12201,#11983,$,0.89999997615814209,1.25490403175354,$,.DOUBLE_PANEL_VERTICAL.,$);
#11975=IFCRELDEFINESBYTYPE('3F8rBeKwL9iBNJEj7X618_',$,$,$,(#11974),#11839);
#11976=IFCCARTESIANPOINT((0.,0.,0.));
#11977=IFCDIRECTION((1.,0.,0.));
#11978=IFCDIRECTION((0.,1.,0.));
#11979=IFCDIRECTION((0.,0.,1.));
#11980=IFCCARTESIANTRANSFORMATIONOPERATOR3D(#11977,#11978,#11976,1.,#11979);
#11981=IFCMAPPEDITEM(#11842,#11980);
#11982=IFCSHAPEREPRESENTATION(#18,'Profile','MappedRepresentation',(#11981));
#11983=IFCPRODUCTDEFINITIONSHAPE($,$,(#11982,#11990,#11997));
#11984=IFCCARTESIANPOINT((0.,0.,0.));
#11985=IFCDIRECTION((1.,0.,0.));
#11986=IFCDIRECTION((0.,1.,0.));
#11987=IFCDIRECTION((0.,0.,1.));
#11988=IFCCARTESIANTRANSFORMATIONOPERATOR3D(#11985,#11986,#11984,1.,#11987);
#11989=IFCMAPPEDITEM(#11850,#11988);
#11990=IFCSHAPEREPRESENTATION(#11,'Body','MappedRepresentation',(#11989));
#11991=IFCCARTESIANPOINT((0.,0.,0.));
#11992=IFCDIRECTION((1.,0.,0.));
#11993=IFCDIRECTION((0.,1.,0.));
#11994=IFCDIRECTION((0.,0.,1.));
#11995=IFCCARTESIANTRANSFORMATIONOPERATOR3D(#11992,#11993,#11991,1.,#11994);
#11996=IFCMAPPEDITEM(#11936,#11995);
#11997=IFCSHAPEREPRESENTATION(#24,'Body','MappedRepresentation',(#11996));
#11998=IFCOPENINGELEMENT('0EExD7rVvCEheEt$0YQO5i',$,'Opening',$,$,#12196,#12026,$,.OPENING.);
#12014=IFCCARTESIANPOINT((0.,0.,0.));
#12015=IFCDIRECTION((1.,0.,0.));
#12016=IFCDIRECTION((0.,0.,1.));
#12017=IFCAXIS2PLACEMENT3D(#12014,#12016,#12015);
#12018=IFCREPRESENTATIONMAP(#12017,#12186);
#12019=IFCCARTESIANPOINT((0.,0.,0.));
#12020=IFCDIRECTION((1.,0.,0.));
#12021=IFCDIRECTION((0.,1.,0.));
#12022=IFCDIRECTION((0.,0.,1.));
#12023=IFCCARTESIANTRANSFORMATIONOPERATOR3D(#12020,#12021,#12019,1.,#12022);
#12024=IFCMAPPEDITEM(#12018,#12023);
#12025=IFCSHAPEREPRESENTATION(#11,'Body','MappedRepresentation',(#12024));
#12026=IFCPRODUCTDEFINITIONSHAPE($,$,(#12025));
#12027=IFCRELVOIDSELEMENT('1C5QdwkWTErvzNl$6DELjY',$,$,$,#7442,#11998);
#12033=IFCRELFILLSELEMENT('2U0pdJzozBrvlJQ0h$kaUZ',$,$,$,#11998,#11974);
#12054=IFCCARTESIANPOINTLIST3D(((0.,0.,0.),(1.25490403175354,0.,0.),(1.25490403175354,0.,0.89999997615814209),(0.,0.,0.89999997615814209)));
#12055=IFCINDEXEDPOLYCURVE(#12054,(IFCLINEINDEX((1,2,3,4,1))),$);
#12056=IFCSHAPEREPRESENTATION(#18,'Profile','Curve3D',(#12055));
#12057=IFCCARTESIANPOINTLIST2D(((0.67706292867660522,0.),(0.,0.),(0.,0.89999997615814209),(0.67706292867660522,0.89999997615814209),(0.67706292867660522,0.87499997578561306),(0.02500000037252903,0.87499997578561306),(0.02500000037252903,0.02500000037252903),(0.67706292867660522,0.02500000037252903)));
#12058=IFCINDEXEDPOLYCURVE(#12057,(IFCLINEINDEX((1,2,3,4,5,6,7,8,1))),$);
#12059=IFCARBITRARYCLOSEDPROFILEDEF(.AREA.,$,#12058);
#12060=IFCCARTESIANPOINT((0.,0.090000001713633537,0.));
#12061=IFCDIRECTION((0.,-1.,0.));
#12062=IFCDIRECTION((1.,0.,0.));
#12063=IFCAXIS2PLACEMENT3D(#12060,#12061,#12062);
#12064=IFCDIRECTION((0.,0.,-1.));
#12065=IFCEXTRUDEDAREASOLID(#12059,#12063,#12064,0.0099999997764825821);
#12066=IFCCARTESIANPOINTLIST2D(((0.,0.),(0.67706292867660522,0.),(0.67706292867660522,0.89999997615814209),(0.,0.89999997615814209)));
#12067=IFCINDEXEDPOLYCURVE(#12066,(IFCLINEINDEX((1,2,3,4,1))),$);
#12068=IFCCARTESIANPOINTLIST2D(((0.05000000074505806,0.05000000074505806),(0.65206292830407619,0.05000000074505806),(0.65206292830407619,0.84999997541308403),(0.05000000074505806,0.84999997541308403)));
#12069=IFCINDEXEDPOLYCURVE(#12068,(IFCLINEINDEX((1,2,3,4,1))),$);
#12070=IFCARBITRARYPROFILEDEFWITHVOIDS(.AREA.,$,#12067,(#12069));
#12071=IFCCARTESIANPOINT((0.,0.05000000074505806,0.));
#12072=IFCDIRECTION((0.,-1.,0.));
#12073=IFCDIRECTION((1.,0.,0.));
#12074=IFCAXIS2PLACEMENT3D(#12071,#12072,#12073);
#12075=IFCDIRECTION((0.,0.,-1.));
#12076=IFCEXTRUDEDAREASOLID(#12070,#12074,#12075,0.040000000968575478);
#12077=IFCCARTESIANPOINTLIST2D(((0.,0.),(0.65206292830407619,0.),(0.65206292830407619,0.84999997541308403),(0.,0.84999997541308403)));
#12078=IFCINDEXEDPOLYCURVE(#12077,(IFCLINEINDEX((1,2,3,4,1))),$);
#12079=IFCCARTESIANPOINTLIST2D(((0.035000000149011612,0.035000000149011612),(0.61706292815506458,0.035000000149011612),(0.61706292815506458,0.81499997526407242),(0.035000000149011612,0.81499997526407242)));
#12080=IFCINDEXEDPOLYCURVE(#12079,(IFCLINEINDEX((1,2,3,4,1))),$);
#12081=IFCARBITRARYPROFILEDEFWITHVOIDS(.AREA.,$,#12078,(#12080));
#12082=IFCCARTESIANPOINT((0.02500000037252903,0.090000001713633537,0.02500000037252903));
#12083=IFCDIRECTION((0.,-1.,0.));
#12084=IFCDIRECTION((1.,0.,0.));
#12085=IFCAXIS2PLACEMENT3D(#12082,#12083,#12084);
#12086=IFCDIRECTION((0.,0.,-1.));
#12087=IFCEXTRUDEDAREASOLID(#12081,#12085,#12086,0.035000000149011612);
#12088=IFCINDEXEDPOLYCURVE(#12089,(IFCLINEINDEX((1,2,3,4,1))),$);
#12089=IFCCARTESIANPOINTLIST2D(((0.035000000149011612,0.035000000149011612),(0.61706292815506458,0.035000000149011612),(0.61706292815506458,0.81499997526407242),(0.035000000149011612,0.81499997526407242)));
#12090=IFCARBITRARYCLOSEDPROFILEDEF(.AREA.,$,#12088);
#12091=IFCCARTESIANPOINT((0.02500000037252903,0.10250000178813934,0.02500000037252903));
#12092=IFCDIRECTION((0.,-1.,0.));
#12093=IFCDIRECTION((1.,0.,0.));
#12094=IFCAXIS2PLACEMENT3D(#12091,#12092,#12093);
#12095=IFCDIRECTION((0.,0.,-1.));
#12096=IFCEXTRUDEDAREASOLID(#12090,#12094,#12095,0.01);
#12097=IFCCARTESIANPOINTLIST2D(((0.,0.89999997615814209),(0.57784110307693481,0.89999997615814209),(0.57784110307693481,0.),(0.,0.),(0.,0.02500000037252903),(0.55284110270440578,0.02500000037252903),(0.55284110270440578,0.87499997578561306),(0.,0.87499997578561306)));
#12098=IFCINDEXEDPOLYCURVE(#12097,(IFCLINEINDEX((1,2,3,4,5,6,7,8,1))),$);
#12099=IFCARBITRARYCLOSEDPROFILEDEF(.AREA.,$,#12098);
#12100=IFCCARTESIANPOINT((0.67706292867660522,0.090000001713633537,0.));
#12101=IFCDIRECTION((0.,-1.,0.));
#12102=IFCDIRECTION((1.,0.,0.));
#12103=IFCAXIS2PLACEMENT3D(#12100,#12101,#12102);
#12104=IFCDIRECTION((0.,0.,-1.));
#12105=IFCEXTRUDEDAREASOLID(#12099,#12103,#12104,0.0099999997764825821);
#12106=IFCCARTESIANPOINTLIST2D(((0.,0.),(0.57784110307693481,0.),(0.57784110307693481,0.89999997615814209),(0.,0.89999997615814209)));
#12107=IFCINDEXEDPOLYCURVE(#12106,(IFCLINEINDEX((1,2,3,4,1))),$);
#12108=IFCCARTESIANPOINTLIST2D(((0.02500000037252903,0.05000000074505806),(0.52784110233187675,0.05000000074505806),(0.52784110233187675,0.84999997541308403),(0.02500000037252903,0.84999997541308403)));
#12109=IFCINDEXEDPOLYCURVE(#12108,(IFCLINEINDEX((1,2,3,4,1))),$);
#12110=IFCARBITRARYPROFILEDEFWITHVOIDS(.AREA.,$,#12107,(#12109));
#12111=IFCCARTESIANPOINT((0.67706292867660522,0.05000000074505806,0.));
#12112=IFCDIRECTION((0.,-1.,0.));
#12113=IFCDIRECTION((1.,0.,0.));
#12114=IFCAXIS2PLACEMENT3D(#12111,#12112,#12113);
#12115=IFCDIRECTION((0.,0.,-1.));
#12116=IFCEXTRUDEDAREASOLID(#12110,#12114,#12115,0.040000000968575478);
#12117=IFCCARTESIANPOINTLIST2D(((0.,0.),(0.55284110270440578,0.),(0.55284110270440578,0.84999997541308403),(0.,0.84999997541308403)));
#12118=IFCINDEXEDPOLYCURVE(#12117,(IFCLINEINDEX((1,2,3,4,1))),$);
#12119=IFCCARTESIANPOINTLIST2D(((0.035000000149011612,0.035000000149011612),(0.51784110255539417,0.035000000149011612),(0.51784110255539417,0.81499997526407242),(0.035000000149011612,0.81499997526407242)));
#12120=IFCINDEXEDPOLYCURVE(#12119,(IFCLINEINDEX((1,2,3,4,1))),$);
#12121=IFCARBITRARYPROFILEDEFWITHVOIDS(.AREA.,$,#12118,(#12120));
#12122=IFCCARTESIANPOINT((0.67706292867660522,0.090000001713633537,0.02500000037252903));
#12123=IFCDIRECTION((0.,-1.,0.));
#12124=IFCDIRECTION((1.,0.,0.));
#12125=IFCAXIS2PLACEMENT3D(#12122,#12123,#12124);
#12126=IFCDIRECTION((0.,0.,-1.));
#12127=IFCEXTRUDEDAREASOLID(#12121,#12125,#12126,0.035000000149011612);
#12128=IFCINDEXEDPOLYCURVE(#12129,(IFCLINEINDEX((1,2,3,4,1))),$);
#12129=IFCCARTESIANPOINTLIST2D(((0.035000000149011612,0.035000000149011612),(0.51784110255539417,0.035000000149011612),(0.51784110255539417,0.81499997526407242),(0.035000000149011612,0.81499997526407242)));
#12130=IFCARBITRARYCLOSEDPROFILEDEF(.AREA.,$,#12128);
#12131=IFCCARTESIANPOINT((0.67706292867660522,0.10250000178813934,0.02500000037252903));
#12132=IFCDIRECTION((0.,-1.,0.));
#12133=IFCDIRECTION((1.,0.,0.));
#12134=IFCAXIS2PLACEMENT3D(#12131,#12132,#12133);
#12135=IFCDIRECTION((0.,0.,-1.));
#12136=IFCEXTRUDEDAREASOLID(#12130,#12134,#12135,0.01);
#12137=IFCSHAPEREPRESENTATION(#11,'Body','SweptSolid',(#12065,#12076,#12087,#12096,#12105,#12116,#12127,#12136));
#12138=IFCSHAPEREPRESENTATION(#11,'Body','SweptSolid',(#12065,#12076,#12105,#12116));
#12139=IFCSHAPEASPECT((#12138),'Lining',$,.T.,#11983);
#12140=IFCSHAPEREPRESENTATION(#11,'Body','SweptSolid',(#12087,#12127));
#12141=IFCSHAPEASPECT((#12140),'Framing',$,.T.,#11983);
#12142=IFCSHAPEREPRESENTATION(#11,'Body','SweptSolid',(#12096,#12136));
#12143=IFCSHAPEASPECT((#12142),'Glazing',$,.T.,#11983);
#12144=IFCCARTESIANPOINTLIST2D(((0.05000000074505806,0.05000000074505806),(0.65206292830407619,0.05000000074505806)));
#12145=IFCINDEXEDPOLYCURVE(#12144,$,$);
#12146=IFCCARTESIANPOINTLIST2D(((0.,0.10000000149011612),(0.02500000037252903,0.10000000149011612),(0.02500000037252903,0.090000001713633537),(0.05000000074505806,0.090000001713633537),(0.05000000074505806,0.05000000074505806),(0.,0.05000000074505806)));
#12147=IFCINDEXEDPOLYCURVE(#12146,(IFCLINEINDEX((1,2,3,4,5,6,1))),$);
#12148=IFCCARTESIANPOINTLIST2D(((0.67706292867660522,0.10000000149011612),(0.67706292867660522,0.10000000149011612),(0.67706292867660522,0.090000001713633537),(0.65206292830407619,0.090000001713633537),(0.65206292830407619,0.05000000074505806),(0.67706292867660522,0.05000000074505806)));
#12149=IFCINDEXEDPOLYCURVE(#12148,$,$);
#12150=IFCCARTESIANPOINTLIST2D(((0.02500000037252903,0.090000001713633537),(0.060000000521540642,0.090000001713633537),(0.060000000521540642,0.12500000186264515),(0.02500000037252903,0.12500000186264515)));
#12151=IFCINDEXEDPOLYCURVE(#12150,(IFCLINEINDEX((1,2,3,4,1))),$);
#12152=IFCINDEXEDPOLYCURVE(#12153,(IFCLINEINDEX((1,2,3,4,1))),$);
#12153=IFCCARTESIANPOINTLIST2D(((0.67706292867660522,0.090000001713633537),(0.64206292852759361,0.090000001713633537),(0.64206292852759361,0.12500000186264515),(0.67706292867660522,0.12500000186264515)));
#12154=IFCCARTESIANPOINTLIST2D(((0.060000000521540642,0.090000001713633537),(0.64206292852759361,0.090000001713633537)));
#12155=IFCINDEXEDPOLYCURVE(#12154,$,$);
#12156=IFCINDEXEDPOLYCURVE(#12157,$,$);
#12157=IFCCARTESIANPOINTLIST2D(((0.060000000521540642,0.12500000186264515),(0.64206292852759361,0.12500000186264515)));
#12158=IFCINDEXEDPOLYCURVE(#12159,$,$);
#12159=IFCCARTESIANPOINTLIST2D(((0.060000000521540642,0.10750000178813934),(0.64206292852759361,0.10750000178813934)));
#12160=IFCCARTESIANPOINTLIST2D(((0.70206292904913425,0.05000000074505806),(1.204904031008482,0.05000000074505806)));
#12161=IFCINDEXEDPOLYCURVE(#12160,$,$);
#12162=IFCCARTESIANPOINTLIST2D(((0.67706292867660522,0.10000000149011612),(0.67706292867660522,0.10000000149011612),(0.67706292867660522,0.090000001713633537),(0.70206292904913425,0.090000001713633537),(0.70206292904913425,0.05000000074505806),(0.67706292867660522,0.05000000074505806)));
#12163=IFCINDEXEDPOLYCURVE(#12162,$,$);
#12164=IFCCARTESIANPOINTLIST2D(((1.25490403175354,0.10000000149011612),(1.229904031381011,0.10000000149011612),(1.229904031381011,0.090000001713633537),(1.204904031008482,0.090000001713633537),(1.204904031008482,0.05000000074505806),(1.25490403175354,0.05000000074505806)));
#12165=IFCINDEXEDPOLYCURVE(#12164,(IFCLINEINDEX((1,2,3,4,5,6,1))),$);
#12166=IFCCARTESIANPOINTLIST2D(((0.67706292867660522,0.090000001713633537),(0.71206292882561684,0.090000001713633537),(0.71206292882561684,0.12500000186264515),(0.67706292867660522,0.12500000186264515)));
#12167=IFCINDEXEDPOLYCURVE(#12166,(IFCLINEINDEX((1,2,3,4,1))),$);
#12168=IFCINDEXEDPOLYCURVE(#12169,(IFCLINEINDEX((1,2,3,4,1))),$);
#12169=IFCCARTESIANPOINTLIST2D(((1.229904031381011,0.090000001713633537),(1.1949040312319994,0.090000001713633537),(1.1949040312319994,0.12500000186264515),(1.229904031381011,0.12500000186264515)));
#12170=IFCCARTESIANPOINTLIST2D(((0.71206292882561684,0.090000001713633537),(1.1949040312319994,0.090000001713633537)));
#12171=IFCINDEXEDPOLYCURVE(#12170,$,$);
#12172=IFCINDEXEDPOLYCURVE(#12173,$,$);
#12173=IFCCARTESIANPOINTLIST2D(((0.71206292882561684,0.12500000186264515),(1.1949040312319994,0.12500000186264515)));
#12174=IFCINDEXEDPOLYCURVE(#12175,$,$);
#12175=IFCCARTESIANPOINTLIST2D(((0.71206292882561684,0.10750000178813934),(1.1949040312319994,0.10750000178813934)));
#12176=IFCSHAPEREPRESENTATION(#24,'Body','Curve2D',(#12145,#12147,#12149,#12151,#12152,#12155,#12156,#12158,#12161,#12163,#12165,#12167,#12168,#12171,#12172,#12174));
#12177=IFCCARTESIANPOINTLIST2D(((0.,0.),(1.25490403175354,0.),(1.25490403175354,0.89999997615814209),(0.,0.89999997615814209)));
#12178=IFCINDEXEDPOLYCURVE(#12177,(IFCLINEINDEX((1,2,3,4,1))),$);
#12179=IFCARBITRARYCLOSEDPROFILEDEF(.AREA.,$,#12178);
#12180=IFCCARTESIANPOINT((0.,-0.60000002384185791,0.));
#12181=IFCDIRECTION((0.,-1.,0.));
#12182=IFCDIRECTION((1.,0.,0.));
#12183=IFCAXIS2PLACEMENT3D(#12180,#12181,#12182);
#12184=IFCDIRECTION((0.,0.,-1.));
#12185=IFCEXTRUDEDAREASOLID(#12179,#12183,#12184,1.2);
#12186=IFCSHAPEREPRESENTATION(#11,'Body','SweptSolid',(#12185));
#12192=IFCCARTESIANPOINT((0.31446631312839468,2.9390483291535929E-07,1.));
#12193=IFCDIRECTION((0.,0.,1.));
#12194=IFCDIRECTION((0.99999999999997158,-2.3841857909407473E-07,0.));
#12195=IFCAXIS2PLACEMENT3D(#12192,#12193,#12194);
#12196=IFCLOCALPLACEMENT(#12851,#12195);
#12197=IFCCARTESIANPOINT((-8.8817841970012523E-16,8.8817841970012523E-16,0.));
#12198=IFCDIRECTION((0.,0.,1.));
#12199=IFCDIRECTION((1.,0.,0.));
#12200=IFCAXIS2PLACEMENT3D(#12197,#12198,#12199);
#12201=IFCLOCALPLACEMENT(#12196,#12200);
#12202=IFCDOORTYPE('2CMUMe9fz0iuQV$Eogymu7',$,'Balcony',$,$,(#12203),(#12205,#12213,#12282,#12294),$,$,.DOOR.,.SINGLE_SWING_LEFT.,$,$);
#12203=IFCPROPERTYSET('2XwbhCRtjBUxWC3PnqtIEq',$,'BBIM_Door',$,(#12204));
#12204=IFCPROPERTYSINGLEVALUE('Data',$,IFCTEXT('{"door_type": "SLIDING_TO_RIGHT", "overall_height": 2.0, "overall_width": 2.0568182468414307, "lining_properties": {"lining_depth": 0.040000006556510925, "lining_thickness": 0.07580799609422684, "lining_offset": 0.0, "transom_thickness": 0.0, "casing_thickness": 0.07500000298023224, "casing_depth": 0.0010000000474974513, "threshold_thickness": 0.02500000037252903, "threshold_depth": 0.10000000149011612, "threshold_offset": 0.0}, "panel_properties": {"panel_depth": 0.03500000014901161, "panel_width_ratio": 1.0}}'),$);
#12205=IFCREPRESENTATIONMAP(#12206,#12378);
#12206=IFCAXIS2PLACEMENT3D(#12207,#12208,#12209);
#12207=IFCCARTESIANPOINT((0.,0.,0.));
#12208=IFCDIRECTION((0.,0.,1.));
#12209=IFCDIRECTION((1.,0.,0.));
#12213=IFCREPRESENTATIONMAP(#12214,#12442);
#12214=IFCAXIS2PLACEMENT3D(#12215,#12216,#12217);
#12215=IFCCARTESIANPOINT((0.,0.,0.));
#12216=IFCDIRECTION((0.,0.,1.));
#12217=IFCDIRECTION((1.,0.,0.));
#12282=IFCREPRESENTATIONMAP(#12283,#12453);
#12283=IFCAXIS2PLACEMENT3D(#12284,#12285,#12286);
#12284=IFCCARTESIANPOINT((0.,0.,0.));
#12285=IFCDIRECTION((0.,0.,1.));
#12286=IFCDIRECTION((1.,0.,0.));
#12294=IFCREPRESENTATIONMAP(#12295,#12458);
#12295=IFCAXIS2PLACEMENT3D(#12296,#12297,#12298);
#12296=IFCCARTESIANPOINT((0.,0.,0.));
#12297=IFCDIRECTION((0.,0.,1.));
#12298=IFCDIRECTION((1.,0.,0.));
#12304=IFCDOOR('04lJ80vpnC7e84qR2wf7pY',$,'Door',$,$,#12483,#12313,$,2.,2.0568182468414307,$,.SLIDING_TO_RIGHT.,$);
#12305=IFCRELDEFINESBYTYPE('1swm$7A5fEBBiO9vYpQTcr',$,$,$,(#12304),#12202);
#12306=IFCCARTESIANPOINT((0.,0.,0.));
#12307=IFCDIRECTION((1.,0.,0.));
#12308=IFCDIRECTION((0.,1.,0.));
#12309=IFCDIRECTION((0.,0.,1.));
#12310=IFCCARTESIANTRANSFORMATIONOPERATOR3D(#12307,#12308,#12306,1.,#12309);
#12311=IFCMAPPEDITEM(#12205,#12310);
#12312=IFCSHAPEREPRESENTATION(#18,'Profile','MappedRepresentation',(#12311));
#12313=IFCPRODUCTDEFINITIONSHAPE($,$,(#12312,#12320,#12327,#12334));
#12314=IFCCARTESIANPOINT((0.,0.,0.));
#12315=IFCDIRECTION((1.,0.,0.));
#12316=IFCDIRECTION((0.,1.,0.));
#12317=IFCDIRECTION((0.,0.,1.));
#12318=IFCCARTESIANTRANSFORMATIONOPERATOR3D(#12315,#12316,#12314,1.,#12317);
#12319=IFCMAPPEDITEM(#12213,#12318);
#12320=IFCSHAPEREPRESENTATION(#11,'Body','MappedRepresentation',(#12319));
#12321=IFCCARTESIANPOINT((0.,0.,0.));
#12322=IFCDIRECTION((1.,0.,0.));
#12323=IFCDIRECTION((0.,1.,0.));
#12324=IFCDIRECTION((0.,0.,1.));
#12325=IFCCARTESIANTRANSFORMATIONOPERATOR3D(#12322,#12323,#12321,1.,#12324);
#12326=IFCMAPPEDITEM(#12282,#12325);
#12327=IFCSHAPEREPRESENTATION(#24,'Body','MappedRepresentation',(#12326));
#12328=IFCCARTESIANPOINT((0.,0.,0.));
#12329=IFCDIRECTION((1.,0.,0.));
#12330=IFCDIRECTION((0.,1.,0.));
#12331=IFCDIRECTION((0.,0.,1.));
#12332=IFCCARTESIANTRANSFORMATIONOPERATOR3D(#12329,#12330,#12328,1.,#12331);
#12333=IFCMAPPEDITEM(#12294,#12332);
#12334=IFCSHAPEREPRESENTATION(#25,'Annotation','MappedRepresentation',(#12333));
#12335=IFCOPENINGELEMENT('1$p5Hx5xv4P8fJcxZSCzGy',$,'Opening',$,$,#12478,#12363,$,.OPENING.);
#12351=IFCCARTESIANPOINT((0.,0.,0.));
#12352=IFCDIRECTION((1.,0.,0.));
#12353=IFCDIRECTION((0.,0.,1.));
#12354=IFCAXIS2PLACEMENT3D(#12351,#12353,#12352);
#12355=IFCREPRESENTATIONMAP(#12354,#12468);
#12356=IFCCARTESIANPOINT((0.,0.,0.));
#12357=IFCDIRECTION((1.,0.,0.));
#12358=IFCDIRECTION((0.,1.,0.));
#12359=IFCDIRECTION((0.,0.,1.));
#12360=IFCCARTESIANTRANSFORMATIONOPERATOR3D(#12357,#12358,#12356,1.,#12359);
#12361=IFCMAPPEDITEM(#12355,#12360);
#12362=IFCSHAPEREPRESENTATION(#11,'Body','MappedRepresentation',(#12361));
#12363=IFCPRODUCTDEFINITIONSHAPE($,$,(#12362));
#12364=IFCRELVOIDSELEMENT('2Uegj539fDxR4OpZHyNDqv',$,$,$,#7592,#12335);
#12370=IFCRELFILLSELEMENT('1jZshcI8r3cuoshnNad3Bz',$,$,$,#12335,#12304);
#12376=IFCCARTESIANPOINTLIST3D(((0.,0.,0.),(2.0568182468414307,0.,0.),(2.0568182468414307,0.,2.),(0.,0.,2.)));
#12377=IFCINDEXEDPOLYCURVE(#12376,(IFCLINEINDEX((1,2,3,4,1))),$);
#12378=IFCSHAPEREPRESENTATION(#18,'Profile','Curve3D',(#12377));
#12379=IFCCARTESIANPOINTLIST2D(((0.,0.),(0.,2.),(2.0568182468414307,2.),(2.0568182468414307,0.),(1.9810102507472038,0.),(1.9810102507472038,1.9241920039057732),(0.075807996094226837,1.9241920039057732),(0.075807996094226837,0.)));
#12380=IFCINDEXEDPOLYCURVE(#12379,(IFCLINEINDEX((1,2,3,4,5,6,7,8,1))),$);
#12381=IFCARBITRARYCLOSEDPROFILEDEF(.AREA.,$,#12380);
#12382=IFCCARTESIANPOINT((0.,0.,0.));
#12383=IFCDIRECTION((0.,-1.,0.));
#12384=IFCDIRECTION((1.,0.,0.));
#12385=IFCAXIS2PLACEMENT3D(#12382,#12383,#12384);
#12386=IFCDIRECTION((0.,0.,-1.));
#12387=IFCEXTRUDEDAREASOLID(#12381,#12385,#12386,0.040000006556510925);
#12388=IFCCARTESIANPOINTLIST2D(((0.,0.),(1.905202254652977,0.),(1.905202254652977,0.10000000149011612),(0.,0.10000000149011612)));
#12389=IFCINDEXEDPOLYCURVE(#12388,(IFCLINEINDEX((1,2,3,4,1))),$);
#12390=IFCARBITRARYCLOSEDPROFILEDEF(.AREA.,$,#12389);
#12391=IFCCARTESIANPOINT((0.075807996094226837,0.,0.));
#12392=IFCDIRECTION((0.,0.,1.));
#12393=IFCDIRECTION((1.,0.,0.));
#12394=IFCAXIS2PLACEMENT3D(#12391,#12392,#12393);
#12395=IFCDIRECTION((0.,0.,1.));
#12396=IFCEXTRUDEDAREASOLID(#12390,#12394,#12395,0.02500000037252903);
#12397=IFCCARTESIANPOINTLIST2D(((0.,0.),(0.,2.),(2.0568182468414307,2.),(2.0568182468414307,0.),(1.9818182438611984,0.),(1.9818182438611984,1.9249999970197678),(0.075000002980232239,1.9249999970197678),(0.075000002980232239,0.)));
#12398=IFCINDEXEDPOLYCURVE(#12397,(IFCLINEINDEX((1,2,3,4,5,6,7,8,1))),$);
#12399=IFCARBITRARYCLOSEDPROFILEDEF(.AREA.,$,#12398);
#12400=IFCCARTESIANPOINT((0.,-0.0010000000474974513,0.));
#12401=IFCDIRECTION((0.,-1.,0.));
#12402=IFCDIRECTION((1.,0.,0.));
#12403=IFCAXIS2PLACEMENT3D(#12400,#12401,#12402);
#12404=IFCDIRECTION((0.,0.,-1.));
#12405=IFCEXTRUDEDAREASOLID(#12399,#12403,#12404,0.0010000000474974513);
#12406=IFCCARTESIANPOINTLIST2D(((0.,0.),(0.,2.),(2.0568182468414307,2.),(2.0568182468414307,0.),(1.9818182438611984,0.),(1.9818182438611984,1.9249999970197678),(0.075000002980232239,1.9249999970197678),(0.075000002980232239,0.)));
#12407=IFCINDEXEDPOLYCURVE(#12406,(IFCLINEINDEX((1,2,3,4,5,6,7,8,1))),$);
#12408=IFCARBITRARYCLOSEDPROFILEDEF(.AREA.,$,#12407);
#12409=IFCCARTESIANPOINT((0.,0.040000006556510925,0.));
#12410=IFCDIRECTION((0.,-1.,0.));
#12411=IFCDIRECTION((1.,0.,0.));
#12412=IFCAXIS2PLACEMENT3D(#12409,#12410,#12411);
#12413=IFCDIRECTION((0.,0.,-1.));
#12414=IFCEXTRUDEDAREASOLID(#12408,#12412,#12413,0.0010000000474974513);
#12415=IFCCARTESIANPOINTLIST2D(((0.,0.),(1.905202254652977,0.),(1.905202254652977,0.035000000149011612),(0.,0.035000000149011612)));
#12416=IFCINDEXEDPOLYCURVE(#12415,(IFCLINEINDEX((1,2,3,4,1))),$);
#12417=IFCARBITRARYCLOSEDPROFILEDEF(.AREA.,$,#12416);
#12418=IFCCARTESIANPOINT((0.075807996094226837,-0.035000000149011612,0.02500000037252903));
#12419=IFCDIRECTION((0.,0.,1.));
#12420=IFCDIRECTION((1.,0.,0.));
#12421=IFCAXIS2PLACEMENT3D(#12418,#12419,#12420);
#12422=IFCDIRECTION((0.,0.,1.));
#12423=IFCEXTRUDEDAREASOLID(#12417,#12421,#12422,1.8991920035332441);
#12424=IFCCARTESIANPOINTLIST2D(((0.,0.),(0.,-0.040000000000000001),(0.12,-0.040000000000000001),(0.12,-0.02),(0.02,-0.02),(0.02,0.)));
#12425=IFCINDEXEDPOLYCURVE(#12424,(IFCLINEINDEX((1,2,3,4,5,6,1))),$);
#12426=IFCARBITRARYCLOSEDPROFILEDEF(.AREA.,$,#12425);
#12427=IFCCARTESIANPOINT((0.12580799609422683,-0.035000000149011612,1.015000000372529));
#12428=IFCDIRECTION((0.,0.,1.));
#12429=IFCDIRECTION((1.,0.,0.));
#12430=IFCAXIS2PLACEMENT3D(#12427,#12428,#12429);
#12431=IFCDIRECTION((0.,0.,1.));
#12432=IFCEXTRUDEDAREASOLID(#12426,#12430,#12431,0.02);
#12433=IFCEXTRUDEDAREASOLID(#12434,#12437,#12441,0.02);
#12434=IFCARBITRARYCLOSEDPROFILEDEF(.AREA.,$,#12435);
#12435=IFCINDEXEDPOLYCURVE(#12436,(IFCLINEINDEX((1,2,3,4,5,6,1))),$);
#12436=IFCCARTESIANPOINTLIST2D(((0.,0.),(0.,0.040000000000000008),(0.12,0.040000000000000008),(0.12,0.020000000000000004),(0.01999999999999999,0.020000000000000004),(0.01999999999999999,0.)));
#12437=IFCAXIS2PLACEMENT3D(#12438,#12439,#12440);
#12438=IFCCARTESIANPOINT((0.12580799609422683,0.,1.015000000372529));
#12439=IFCDIRECTION((0.,0.,1.));
#12440=IFCDIRECTION((1.,0.,0.));
#12441=IFCDIRECTION((0.,0.,1.));
#12442=IFCSHAPEREPRESENTATION(#11,'Body','SweptSolid',(#12387,#12423,#12432,#12433,#12396,#12405,#12414));
#12443=IFCSHAPEREPRESENTATION(#11,'Body','SweptSolid',(#12387,#12396,#12405,#12414));
#12444=IFCSHAPEASPECT((#12443),'Lining',$,.T.,#12313);
#12445=IFCSHAPEREPRESENTATION(#11,'Body','SweptSolid',(#12423,#12432,#12433));
#12446=IFCSHAPEASPECT((#12445),'Framing',$,.T.,#12313);
#12447=IFCCARTESIANPOINTLIST2D(((0.,0.),(0.075807996094226837,0.),(0.075807996094226837,0.040000006556510925),(0.,0.040000006556510925)));
#12448=IFCINDEXEDPOLYCURVE(#12447,(IFCLINEINDEX((1,2,3,4,1))),$);
#12449=IFCINDEXEDPOLYCURVE(#12450,(IFCLINEINDEX((1,2,3,4,1))),$);
#12450=IFCCARTESIANPOINTLIST2D(((2.0568182468414307,0.),(1.9810102507472038,0.),(1.9810102507472038,0.040000006556510925),(2.0568182468414307,0.040000006556510925)));
#12451=IFCCARTESIANPOINTLIST2D(((2.9336113780736923,-0.035000000149011612),(1.0284091234207153,-0.035000000149011612),(1.0284091234207153,0.),(2.9336113780736923,0.)));
#12452=IFCINDEXEDPOLYCURVE(#12451,(IFCLINEINDEX((1,2,3,4,1))),$);
#12453=IFCSHAPEREPRESENTATION(#24,'Body','Curve2D',(#12448,#12449,#12452));
#12454=IFCCARTESIANPOINTLIST2D(((0.74262878522276876,-0.081587428267465345),(1.314189461618662,-0.081587428267465345)));
#12455=IFCINDEXEDPOLYCURVE(#12454,$,$);
#12456=IFCCARTESIANPOINTLIST2D(((0.77262878522276879,-0.050529142855162856),(0.74262878522276876,-0.081587428267465345),(0.77262878522276879,-0.11264571367976783)));
#12457=IFCINDEXEDPOLYCURVE(#12456,$,$);
#12458=IFCSHAPEREPRESENTATION(#25,'Annotation','Curve2D',(#12455,#12457));
#12459=IFCCARTESIANPOINTLIST2D(((0.,0.),(2.0568182468414307,0.),(2.0568182468414307,2.),(0.,2.)));
#12460=IFCINDEXEDPOLYCURVE(#12459,(IFCLINEINDEX((1,2,3,4,1))),$);
#12461=IFCARBITRARYCLOSEDPROFILEDEF(.AREA.,$,#12460);
#12462=IFCCARTESIANPOINT((0.,-0.60000002384185791,0.));
#12463=IFCDIRECTION((0.,-1.,0.));
#12464=IFCDIRECTION((1.,0.,0.));
#12465=IFCAXIS2PLACEMENT3D(#12462,#12463,#12464);
#12466=IFCDIRECTION((0.,0.,-1.));
#12467=IFCEXTRUDEDAREASOLID(#12461,#12465,#12466,1.2);
#12468=IFCSHAPEREPRESENTATION(#11,'Body','SweptSolid',(#12467));
#12474=IFCCARTESIANPOINT((3.3524156842525032,0.10000008276775696,0.));
#12475=IFCDIRECTION((0.,0.,1.));
#12476=IFCDIRECTION((-0.99999999999998856,1.5099059463732738E-07,0.));
#12477=IFCAXIS2PLACEMENT3D(#12474,#12475,#12476);
#12478=IFCLOCALPLACEMENT(#12881,#12477);
#12479=IFCCARTESIANPOINT((0.,-4.4408920985006262E-16,0.));
#12480=IFCDIRECTION((0.,0.,1.));
#12481=IFCDIRECTION((1.,0.,0.));
#12482=IFCAXIS2PLACEMENT3D(#12479,#12480,#12481);
#12483=IFCLOCALPLACEMENT(#12478,#12482);
#12484=IFCSLAB('371A3NBmzCbPjcDaLptDWi',$,'Slab',$,$,#12921,#12498,$,$);
#12485=IFCMATERIALLAYERSETUSAGE(#1453,.AXIS3.,.POSITIVE.,-0.10000000149011612,$);
#12486=IFCRELASSOCIATESMATERIAL('2eI5HrzdH73g00o8IhuCNR',$,$,$,(#12484),#12485);
#12492=IFCCARTESIANPOINTLIST2D(((0.,0.),(-3.9999971389770508,0.0048708915710449219),(-4.0012173652648926,-0.99512910842895508),(-7.5012149810791016,-0.99086856842041016),(-7.5098562240600586,-8.0908641815185547),(-4.0037918090820312,-8.094355583190918),(-4.0011601448059082,-8.7234230041503906),(-2.4117155075073242,-8.7234325408935547),(-2.4117205142974854,-9.6234321594238281),(-0.011720657348632812,-9.6234455108642578),(0.,4.76837158203125E-07),(0.,0.)));
#12493=IFCINDEXEDPOLYCURVE(#12492,$,$);
#12494=IFCDIRECTION((0.,0.,1.));
#12495=IFCARBITRARYCLOSEDPROFILEDEF(.AREA.,$,#12493);
#12496=IFCEXTRUDEDAREASOLID(#12495,#12505,#12494,0.10000000000000001);
#12497=IFCSHAPEREPRESENTATION(#11,'Body','SweptSolid',(#12496));
#12498=IFCPRODUCTDEFINITIONSHAPE($,$,(#12497));
#12499=IFCPROPERTYSET('1Ygs4IaN562utXSch6YKGR',$,'EPset_Parametric',$,(#12501));
#12500=IFCRELDEFINESBYPROPERTIES('3XqDu5xETCKuJugrxJpOWh',$,$,$,(#12484),#12499);
#12501=IFCPROPERTYSINGLEVALUE('Engine',$,IFCLABEL('Bonsai.DumbLayer3'),$);
#12502=IFCCARTESIANPOINT((-0.,-0.,-0.10000000149011612));
#12503=IFCDIRECTION((0.,0.,1.));
#12504=IFCDIRECTION((1.,0.,0.));
#12505=IFCAXIS2PLACEMENT3D(#12502,#12503,#12504);
#12601=IFCSLAB('1EPvOYEpv56wXv1bdxOzQP',$,'Slab',$,$,#12926,#12615,$,$);
#12602=IFCMATERIALLAYERSETUSAGE(#1453,.AXIS3.,.POSITIVE.,-0.10000000149011612,$);
#12603=IFCRELASSOCIATESMATERIAL('0ml5yr5ZL20g0pqdLhVNFZ',$,$,$,(#12601),#12602);
#12609=IFCCARTESIANPOINTLIST2D(((0.,0.),(-3.9999971389770508,0.0048708915710449219),(-4.0012173652648926,-0.99512910842895508),(-7.5012149810791016,-0.99086856842041016),(-7.5098562240600586,-8.0908641815185547),(-4.0037918090820312,-8.094355583190918),(-4.0011601448059082,-8.7234230041503906),(-2.4117155075073242,-8.7234325408935547),(-2.4117207527160645,-9.6234321594238281),(-0.011720657348632812,-9.6234455108642578),(0.,0.)));
#12610=IFCINDEXEDPOLYCURVE(#12609,$,$);
#12611=IFCDIRECTION((0.,0.,1.));
#12612=IFCARBITRARYCLOSEDPROFILEDEF(.AREA.,$,#12610);
#12613=IFCEXTRUDEDAREASOLID(#12612,#12622,#12611,0.10000000000000001);
#12614=IFCSHAPEREPRESENTATION(#11,'Body','SweptSolid',(#12613));
#12615=IFCPRODUCTDEFINITIONSHAPE($,$,(#12614));
#12616=IFCPROPERTYSET('2vmLI_ZpD29ADooGy80mDY',$,'EPset_Parametric',$,(#12618));
#12617=IFCRELDEFINESBYPROPERTIES('0Ai_fPVGz7peDH5Kai$Qbn',$,$,$,(#12601),#12616);
#12618=IFCPROPERTYSINGLEVALUE('Engine',$,IFCLABEL('Bonsai.DumbLayer3'),$);
#12619=IFCCARTESIANPOINT((-0.,-0.,-0.10000000149011612));
#12620=IFCDIRECTION((0.,0.,1.));
#12621=IFCDIRECTION((1.,0.,0.));
#12622=IFCAXIS2PLACEMENT3D(#12619,#12620,#12621);
#12623=IFCROOF('3NPXDylI107RAdlzLaXwzG',$,'Roof',$,$,#12931,#12632,$,$);
#12624=IFCRELDEFINESBYTYPE('3qx6JTCirEAv7kIzp_ZPTF',$,$,$,(#12623),#6161);
#12625=IFCCARTESIANPOINT((0.,0.,0.));
#12626=IFCDIRECTION((1.,0.,0.));
#12627=IFCDIRECTION((0.,1.,0.));
#12628=IFCDIRECTION((0.,0.,1.));
#12629=IFCCARTESIANTRANSFORMATIONOPERATOR3D(#12626,#12627,#12625,1.,#12628);
#12630=IFCMAPPEDITEM(#6191,#12629);
#12631=IFCSHAPEREPRESENTATION(#11,'Body','MappedRepresentation',(#12630));
#12632=IFCPRODUCTDEFINITIONSHAPE($,$,(#12631,#12639));
#12633=IFCCARTESIANPOINT((0.,0.,0.));
#12634=IFCDIRECTION((1.,0.,0.));
#12635=IFCDIRECTION((0.,1.,0.));
#12636=IFCDIRECTION((0.,0.,1.));
#12637=IFCCARTESIANTRANSFORMATIONOPERATOR3D(#12634,#12635,#12633,1.,#12636);
#12638=IFCMAPPEDITEM(#6219,#12637);
#12639=IFCSHAPEREPRESENTATION(#13,'Box','MappedRepresentation',(#12638));
#12654=IFCSURFACESTYLE('Red',.BOTH.,(#12655));
#12655=IFCSURFACESTYLESHADING(#12656,$);
#12656=IFCCOLOURRGB($,1.,0.24845294654369354,0.32738476991653442);
#12660=IFCSURFACESTYLE('Yellow',.BOTH.,(#12661));
#12661=IFCSURFACESTYLESHADING(#12662,$);
#12662=IFCCOLOURRGB($,1.,0.81058669090270996,0.37547612190246582);
#12666=IFCSURFACESTYLE('Green',.BOTH.,(#12667));
#12667=IFCSURFACESTYLESHADING(#12668,$);
#12668=IFCCOLOURRGB($,0.37384143471717834,1.,0.34221506118774414);
#12672=IFCSURFACESTYLE('Blue',.BOTH.,(#12673));
#12673=IFCSURFACESTYLESHADING(#12674,$);
#12674=IFCCOLOURRGB($,0.254576176404953,0.59283679723739624,1.);
#12678=IFCSURFACESTYLE('Skyblue',.BOTH.,(#12679));
#12679=IFCSURFACESTYLESHADING(#12680,$);
#12680=IFCCOLOURRGB($,0.43557560443878174,0.96415197849273682,1.);
#12681=IFCSURFACESTYLE('Pink',.BOTH.,(#12682));
#12682=IFCSURFACESTYLESHADING(#12683,$);
#12683=IFCCOLOURRGB($,1.,0.45993989706039429,0.76303362846374512);
#12684=IFCSURFACESTYLE('Purple',.BOTH.,(#12685));
#12685=IFCSURFACESTYLESHADING(#12686,$);
#12686=IFCCOLOURRGB($,0.72123652696609497,0.44732308387756348,1.);
#12687=IFCSURFACESTYLE('Violet',.BOTH.,(#12688));
#12688=IFCSURFACESTYLESHADING(#12689,$);
#12689=IFCCOLOURRGB($,0.47970354557037354,0.099340066313743591,1.);
#12692=IFCSURFACESTYLE('Orange',.BOTH.,(#12693));
#12693=IFCSURFACESTYLESHADING(#12694,$);
#12694=IFCCOLOURRGB($,1.,0.34389114379882812,0.10568007826805115);
#12695=IFCSTYLEDITEM(#8055,(#12705),'Orange');
#12696=IFCSTYLEDITEM(#8126,(#12705),'Orange');
#12697=IFCSTYLEDITEM(#12065,(#12692),'Orange');
#12698=IFCSTYLEDITEM(#12076,(#12692),'Orange');
#12699=IFCSTYLEDITEM(#12087,(#12692),'Orange');
#12700=IFCSTYLEDITEM(#12096,(#12692),'Orange');
#12701=IFCSTYLEDITEM(#12105,(#12692),'Orange');
#12702=IFCSTYLEDITEM(#12116,(#12692),'Orange');
#12703=IFCSTYLEDITEM(#12127,(#12692),'Orange');
#12704=IFCSTYLEDITEM(#12136,(#12692),'Orange');
#12705=IFCSURFACESTYLE('Orange 1',.BOTH.,(#12706));
#12706=IFCSURFACESTYLESHADING(#12707,$);
#12707=IFCCOLOURRGB($,1.,0.48039999604225159,0.22156468033790588);
#12708=IFCSTYLEDITEM(#12387,(#12660),'Yellow');
#12709=IFCSTYLEDITEM(#12423,(#12660),'Yellow');
#12710=IFCSTYLEDITEM(#12432,(#12660),'Yellow');
#12711=IFCSTYLEDITEM(#12433,(#12660),'Yellow');
#12712=IFCSTYLEDITEM(#12396,(#12660),'Yellow');
#12713=IFCSTYLEDITEM(#12405,(#12660),'Yellow');
#12714=IFCSTYLEDITEM(#12414,(#12660),'Yellow');
#12715=IFCSTYLEDITEM(#7863,(#12660),'Yellow');
#12716=IFCSTYLEDITEM(#6209,(#12660),'Yellow');
#12717=IFCSTYLEDITEM(#8082,(#12681),'Pink');
#12718=IFCSTYLEDITEM(#4841,(#12722),'Pink');
#12719=IFCSTYLEDITEM(#4852,(#12722),'Pink');
#12720=IFCSTYLEDITEM(#4863,(#12722),'Pink');
#12721=IFCSTYLEDITEM(#4872,(#12722),'Pink');
#12722=IFCSURFACESTYLE('Fuschia',.BOTH.,(#12723));
#12723=IFCSURFACESTYLESHADING(#12724,$);
#12724=IFCCOLOURRGB($,1.,0.1161971315741539,0.70143485069274902);
#12725=IFCSTYLEDITEM(#1494,(#12722),'Fuschia');
#12726=IFCSTYLEDITEM(#3883,(#12672),'Blue');
#12727=IFCSTYLEDITEM(#3892,(#12672),'Blue');
#12728=IFCSTYLEDITEM(#3928,(#12672),'Blue');
#12729=IFCSTYLEDITEM(#3937,(#12672),'Blue');
#12730=IFCSTYLEDITEM(#3938,(#12672),'Blue');
#12731=IFCSTYLEDITEM(#3901,(#12672),'Blue');
#12732=IFCSTYLEDITEM(#3910,(#12672),'Blue');
#12733=IFCSTYLEDITEM(#3919,(#12672),'Blue');
#12734=IFCSTYLEDITEM(#10344,(#12672),'Blue');
#12735=IFCSTYLEDITEM(#10353,(#12672),'Blue');
#12736=IFCSTYLEDITEM(#10389,(#12672),'Blue');
#12737=IFCSTYLEDITEM(#10398,(#12672),'Blue');
#12738=IFCSTYLEDITEM(#10399,(#12672),'Blue');
#12739=IFCSTYLEDITEM(#10362,(#12672),'Blue');
#12740=IFCSTYLEDITEM(#10371,(#12672),'Blue');
#12741=IFCSTYLEDITEM(#10380,(#12672),'Blue');
#12742=IFCSTYLEDITEM(#5140,(#12678),'Skyblue');
#12743=IFCSTYLEDITEM(#5151,(#12678),'Skyblue');
#12744=IFCSTYLEDITEM(#5162,(#12678),'Skyblue');
#12745=IFCSTYLEDITEM(#5171,(#12678),'Skyblue');
#12746=IFCSTYLEDITEM(#5180,(#12678),'Skyblue');
#12747=IFCSTYLEDITEM(#5191,(#12678),'Skyblue');
#12748=IFCSTYLEDITEM(#5202,(#12678),'Skyblue');
#12749=IFCSTYLEDITEM(#5211,(#12678),'Skyblue');
#12750=IFCSTYLEDITEM(#1429,(#12666),'Green');
#12751=IFCSTYLEDITEM(#835,(#12684),'Purple');
#12752=IFCSTYLEDITEM(#1442,(#12722),'Pink');
#12753=IFCSTYLEDITEM(#7895,(#12681),'Pink');
#12754=IFCSTYLEDITEM(#7927,(#12684),'Purple');
#12755=IFCSTYLEDITEM(#712,(#12654),'Red');
#12756=IFCSTYLEDITEM(#7991,(#12687),'Violet');
#12757=IFCSTYLEDITEM(#1351,(#12666),'Green');
#12758=IFCSTYLEDITEM(#11708,(#12666),'Green');
#12759=IFCSTYLEDITEM(#11719,(#12666),'Green');
#12760=IFCSTYLEDITEM(#11730,(#12666),'Green');
#12761=IFCSTYLEDITEM(#11739,(#12666),'Green');
#12762=IFCSTYLEDITEM(#11748,(#12666),'Green');
#12763=IFCSTYLEDITEM(#11759,(#12666),'Green');
#12764=IFCSTYLEDITEM(#11770,(#12666),'Green');
#12765=IFCSTYLEDITEM(#11779,(#12666),'Green');
#12766=IFCSTYLEDITEM(#6058,(#12681),'Pink');
#12767=IFCSTYLEDITEM(#6069,(#12681),'Pink');
#12768=IFCSTYLEDITEM(#6080,(#12681),'Pink');
#12769=IFCSTYLEDITEM(#6089,(#12681),'Pink');
#12770=IFCSTYLEDITEM(#8023,(#12705),'Orange 1');
#12771=IFCSTYLEDITEM(#11601,(#12660),'Yellow');
#12772=IFCSTYLEDITEM(#11612,(#12660),'Yellow');
#12773=IFCSTYLEDITEM(#11623,(#12660),'Yellow');
#12774=IFCSTYLEDITEM(#11632,(#12660),'Yellow');
#12775=IFCSTYLEDITEM(#11199,(#12722),'Fuschia');
#12776=IFCSTYLEDITEM(#11210,(#12722),'Fuschia');
#12777=IFCSTYLEDITEM(#11221,(#12722),'Fuschia');
#12778=IFCSTYLEDITEM(#11230,(#12722),'Fuschia');
#12779=IFCSTYLEDITEM(#5714,(#12705),'Orange 1');
#12780=IFCSTYLEDITEM(#5725,(#12705),'Orange 1');
#12781=IFCSTYLEDITEM(#5736,(#12705),'Orange 1');
#12782=IFCSTYLEDITEM(#5745,(#12705),'Orange 1');
#12783=IFCSTYLEDITEM(#997,(#12684),'Purple');
#12784=IFCSTYLEDITEM(#739,(#12678),'Skyblue');
#12785=IFCSTYLEDITEM(#1397,(#12681),'Pink');
#12786=IFCSTYLEDITEM(#8069,(#12666),'Green');
#12787=IFCSTYLEDITEM(#7831,(#12684),'Purple');
#12788=IFCSTYLEDITEM(#7959,(#12692),'Yellow');
#12789=IFCSTYLEDITEM(#12613,(#12678),'Skyblue');
#12790=IFCSTYLEDITEM(#8245,(#12678),'Skyblue');
#12791=IFCSTYLEDITEM(#6151,(#12705),'Orange 1');
#12792=IFCSTYLEDITEM(#8302,(#12722),'Fuschia');
#12793=IFCSTYLEDITEM(#8315,(#12666),'Green');
#12794=IFCSTYLEDITEM(#8207,(#12660),'Yellow');
#12795=IFCSTYLEDITEM(#10463,(#12678),'Skyblue');
#12796=IFCSTYLEDITEM(#10472,(#12678),'Skyblue');
#12797=IFCSTYLEDITEM(#10508,(#12678),'Skyblue');
#12798=IFCSTYLEDITEM(#10517,(#12678),'Skyblue');
#12799=IFCSTYLEDITEM(#10518,(#12678),'Skyblue');
#12800=IFCSTYLEDITEM(#10481,(#12678),'Skyblue');
#12801=IFCSTYLEDITEM(#10490,(#12678),'Skyblue');
#12802=IFCSTYLEDITEM(#10499,(#12678),'Skyblue');
#12803=IFCSTYLEDITEM(#10582,(#12678),'Skyblue');
#12804=IFCSTYLEDITEM(#10591,(#12678),'Skyblue');
#12805=IFCSTYLEDITEM(#10627,(#12678),'Skyblue');
#12806=IFCSTYLEDITEM(#10636,(#12678),'Skyblue');
#12807=IFCSTYLEDITEM(#10637,(#12678),'Skyblue');
#12808=IFCSTYLEDITEM(#10600,(#12678),'Skyblue');
#12809=IFCSTYLEDITEM(#10609,(#12678),'Skyblue');
#12810=IFCSTYLEDITEM(#10618,(#12678),'Skyblue');
#12811=IFCSTYLEDITEM(#8828,(#12722),'Fuschia');
#12812=IFCSTYLEDITEM(#8837,(#12722),'Fuschia');
#12813=IFCSTYLEDITEM(#8873,(#12722),'Fuschia');
#12814=IFCSTYLEDITEM(#8882,(#12722),'Fuschia');
#12815=IFCSTYLEDITEM(#8883,(#12722),'Fuschia');
#12816=IFCSTYLEDITEM(#8846,(#12722),'Fuschia');
#12817=IFCSTYLEDITEM(#8855,(#12722),'Fuschia');
#12818=IFCSTYLEDITEM(#8864,(#12722),'Fuschia');
#12819=IFCSTYLEDITEM(#9131,(#12660),'Pink');
#12820=IFCSTYLEDITEM(#9140,(#12660),'Pink');
#12821=IFCSTYLEDITEM(#9176,(#12660),'Pink');
#12822=IFCSTYLEDITEM(#9185,(#12660),'Pink');
#12823=IFCSTYLEDITEM(#9186,(#12660),'Pink');
#12824=IFCSTYLEDITEM(#9149,(#12660),'Pink');
#12825=IFCSTYLEDITEM(#9158,(#12660),'Pink');
#12826=IFCSTYLEDITEM(#9167,(#12660),'Pink');
#12827=IFCCARTESIANPOINT((0.,0.,0.));
#12828=IFCDIRECTION((0.,0.,1.));
#12829=IFCDIRECTION((1.,0.,0.));
#12830=IFCAXIS2PLACEMENT3D(#12827,#12828,#12829);
#12831=IFCLOCALPLACEMENT(#56,#12830);
#12832=IFCCARTESIANPOINT((4.2266049385070801,-2.5901062488555908,3.));
#12833=IFCDIRECTION((0.,0.,1.));
#12834=IFCDIRECTION((1.,0.,0.));
#12835=IFCAXIS2PLACEMENT3D(#12832,#12833,#12834);
#12836=IFCLOCALPLACEMENT(#12831,#12835);
#12837=IFCCARTESIANPOINT((4.2266054153442383,6.5098938941955566,3.));
#12838=IFCDIRECTION((0.,0.,1.));
#12839=IFCDIRECTION((1.,0.,0.));
#12840=IFCAXIS2PLACEMENT3D(#12837,#12838,#12839);
#12841=IFCLOCALPLACEMENT(#12831,#12840);
#12842=IFCCARTESIANPOINT((1.8148927688588723,-2.2135388222006473,3.));
#12843=IFCDIRECTION((0.,0.,1.));
#12844=IFCDIRECTION((-5.6465478336586116E-06,-0.99999999998405831,0.));
#12845=IFCAXIS2PLACEMENT3D(#12842,#12843,#12844);
#12846=IFCLOCALPLACEMENT(#12831,#12845);
#12847=IFCCARTESIANPOINT((1.8148876869662744,-3.1135387420656717,3.));
#12848=IFCDIRECTION((0.,0.,1.));
#12849=IFCDIRECTION((0.99999999998496492,-5.4836273192534907E-06,0.));
#12850=IFCAXIS2PLACEMENT3D(#12847,#12848,#12849);
#12851=IFCLOCALPLACEMENT(#12831,#12850);
#12852=IFCCARTESIANPOINT((4.2148876189604803,-3.1135519027708654,3.));
#12853=IFCDIRECTION((0.,0.,1.));
#12854=IFCDIRECTION((0.0012179172741886006,0.99999925833848158,0.));
#12855=IFCAXIS2PLACEMENT3D(#12852,#12853,#12854);
#12856=IFCLOCALPLACEMENT(#12831,#12855);
#12857=IFCCARTESIANPOINT((4.226608188522408,6.5098938908198267,3.));
#12858=IFCDIRECTION((0.,0.,1.));
#12859=IFCDIRECTION((-0.99999925911752252,0.0012172774565450443,0.));
#12860=IFCAXIS2PLACEMENT3D(#12857,#12858,#12859);
#12861=IFCLOCALPLACEMENT(#12831,#12860);
#12862=IFCCARTESIANPOINT((0.22660827477873466,6.5147630041484499,3.));
#12863=IFCDIRECTION((0.,0.,1.));
#12864=IFCDIRECTION((-0.0012174086564149421,-0.99999925895780706,0.));
#12865=IFCAXIS2PLACEMENT3D(#12862,#12863,#12864);
#12866=IFCLOCALPLACEMENT(#12831,#12865);
#12867=IFCCARTESIANPOINT((0.2253908673891033,5.514764785747257,3.));
#12868=IFCDIRECTION((0.,0.,1.));
#12869=IFCDIRECTION((-0.99999925911752252,0.0012172774565450443,0.));
#12870=IFCAXIS2PLACEMENT3D(#12867,#12868,#12869);
#12871=IFCLOCALPLACEMENT(#12831,#12870);
#12872=IFCCARTESIANPOINT((-3.2746067036348911,5.5190252570449347,3.));
#12873=IFCDIRECTION((0.,0.,1.));
#12874=IFCDIRECTION((-0.0012170510290853125,-0.99999925939312206,0.));
#12875=IFCAXIS2PLACEMENT3D(#12872,#12873,#12874);
#12876=IFCLOCALPLACEMENT(#12831,#12875);
#12877=IFCCARTESIANPOINT((-3.2832477669185152,-1.5809702875030267,3.));
#12878=IFCDIRECTION((0.,0.,1.));
#12879=IFCDIRECTION((0.9999995041170967,-0.00099587426952472795,0.));
#12880=IFCAXIS2PLACEMENT3D(#12877,#12878,#12879);
#12881=IFCLOCALPLACEMENT(#12831,#12880);
#12882=IFCCARTESIANPOINT((0.22281625850476944,-1.584461888184677,3.));
#12883=IFCDIRECTION((0.,0.,1.));
#12884=IFCDIRECTION((0.0041838325962450778,-0.9999912477341022,0.));
#12885=IFCAXIS2PLACEMENT3D(#12882,#12883,#12884);
#12886=IFCLOCALPLACEMENT(#12831,#12885);
#12887=IFCCARTESIANPOINT((0.22544819448534487,-2.2135293483727225,3.));
#12888=IFCDIRECTION((0.,0.,1.));
#12889=IFCDIRECTION((0.99999999998223643,-5.9604644774331834E-06,0.));
#12890=IFCAXIS2PLACEMENT3D(#12887,#12888,#12889);
#12891=IFCLOCALPLACEMENT(#12831,#12890);
#12892=IFCCARTESIANPOINT((1.8148877620697021,-3.1135387420654297,3.));
#12893=IFCDIRECTION((0.,0.,1.));
#12894=IFCDIRECTION((1.,0.,0.));
#12895=IFCAXIS2PLACEMENT3D(#12892,#12893,#12894);
#12896=IFCLOCALPLACEMENT(#12831,#12895);
#12897=IFCCARTESIANPOINT((0.22411584854125977,2.6424465179443359,3.));
#12898=IFCDIRECTION((0.,0.,1.));
#12899=IFCDIRECTION((-0.99999999999788169,-2.0583445348122095E-06,0.));
#12900=IFCAXIS2PLACEMENT3D(#12897,#12898,#12899);
#12901=IFCLOCALPLACEMENT(#12831,#12900);
#12902=IFCCARTESIANPOINT((4.1393003463745117,5.0295686721801758,3.));
#12903=IFCDIRECTION((0.,0.,1.));
#12904=IFCDIRECTION((-0.99999999999999623,8.7422776573475527E-08,0.));
#12905=IFCAXIS2PLACEMENT3D(#12902,#12903,#12904);
#12906=IFCLOCALPLACEMENT(#12831,#12905);
#12907=IFCCARTESIANPOINT((0.22526898980140686,5.4146432876586914,3.));
#12908=IFCDIRECTION((0.,0.,1.));
#12909=IFCDIRECTION((-0.0004159648848990946,-0.99999991348660355,0.));
#12910=IFCAXIS2PLACEMENT3D(#12907,#12908,#12909);
#12911=IFCLOCALPLACEMENT(#12831,#12910);
#12912=IFCCARTESIANPOINT((0.3232187032699585,0.38672861456871033,3.));
#12913=IFCDIRECTION((0.,0.,1.));
#12914=IFCDIRECTION((0.99999999999769784,-2.1457672119091226E-06,0.));
#12915=IFCAXIS2PLACEMENT3D(#12912,#12913,#12914);
#12916=IFCLOCALPLACEMENT(#12831,#12915);
#12917=IFCCARTESIANPOINT((4.2266082763671875,6.5098938941955566,3.));
#12918=IFCDIRECTION((0.,0.,1.));
#12919=IFCDIRECTION((1.,0.,0.));
#12920=IFCAXIS2PLACEMENT3D(#12917,#12918,#12919);
#12921=IFCLOCALPLACEMENT(#12831,#12920);
#12922=IFCCARTESIANPOINT((4.2266082763671875,6.5098938941955566,6.));
#12923=IFCDIRECTION((0.,0.,1.));
#12924=IFCDIRECTION((1.,0.,0.));
#12925=IFCAXIS2PLACEMENT3D(#12922,#12923,#12924);
#12926=IFCLOCALPLACEMENT(#12831,#12925);
#12927=IFCCARTESIANPOINT((0.34755992889404297,1.6826858520507812,6.1015424728393555));
#12928=IFCDIRECTION((0.,0.,1.));
#12929=IFCDIRECTION((1.,0.,0.));
#12930=IFCAXIS2PLACEMENT3D(#12927,#12928,#12929);
#12931=IFCLOCALPLACEMENT(#12831,#12930);
ENDSEC;
END-ISO-10303-21;
